#
# There is insufficient memory for the Java Runtime Environment to continue.
# Native memory allocation (malloc) failed to allocate 22908312 bytes. Error detail: Chunk::new
# Possible reasons:
#   The system is out of physical RAM or swap space
#   This process is running with CompressedOops enabled, and the Java Heap may be blocking the growth of the native heap
# Possible solutions:
#   Reduce memory load on the system
#   Increase physical memory or swap space
#   Check if swap backing store is full
#   Decrease Java heap size (-Xmx/-Xms)
#   Decrease number of Java threads
#   Decrease Java thread stack sizes (-Xss)
#   Set larger code cache with -XX:ReservedCodeCacheSize=
#   JVM is running with Zero Based Compressed Oops mode in which the Java heap is
#     placed in the first 32GB address space. The Java Heap base address is the
#     maximum limit for the native heap growth. Please use -XX:HeapBaseMinAddress
#     to set the Java Heap base and to place the Java Heap above 32GB virtual address.
# This output file may be truncated or incomplete.
#
#  Out of Memory Error (arena.cpp:186), pid=13148, tid=11604
#
# JRE version: OpenJDK Runtime Environment (25.0.3) (build 25.0.3+-15898627-b508.16)
# Java VM: OpenJDK 64-Bit Server VM (25.0.3+-15898627-b508.16, mixed mode, tiered, compressed oops, compressed class ptrs, g1 gc, windows-amd64)
# No core dump will be written. Minidumps are not enabled by default on client versions of Windows
#

---------------  S U M M A R Y ------------

Command Line: --add-opens=java.base/java.lang=ALL-UNNAMED --add-opens=java.base/java.lang.invoke=ALL-UNNAMED --add-opens=java.base/java.util=ALL-UNNAMED --add-opens=java.prefs/java.util.prefs=ALL-UNNAMED --add-exports=jdk.compiler/com.sun.tools.javac.api=ALL-UNNAMED --add-exports=jdk.compiler/com.sun.tools.javac.util=ALL-UNNAMED --add-opens=java.base/java.nio.charset=ALL-UNNAMED --add-opens=java.base/java.net=ALL-UNNAMED --add-opens=java.base/java.util.concurrent=ALL-UNNAMED --add-opens=java.base/java.util.concurrent.atomic=ALL-UNNAMED --add-opens=java.xml/javax.xml.namespace=ALL-UNNAMED --add-opens=java.base/java.time=ALL-UNNAMED --enable-native-access=ALL-UNNAMED -Xmx4g -Dfile.encoding=UTF-8 -Duser.country=RU -Duser.language=ru -Duser.variant -javaagent:C:\Users\Maxim\.gradle\wrapper\dists\gradle-9.6.0-bin\42k10rwplmzkhuboz9kdazi7s\gradle-9.6.0\lib\agents\gradle-instrumentation-agent-9.6.0.jar org.gradle.launcher.daemon.bootstrap.GradleDaemon 9.6.0

Host: Intel(R) Core(TM) i7-3770 CPU @ 3.40GHz, 8 cores, 7G,  Windows 11 , 64 bit Build 26100 (10.0.26100.9278)
Time: Sat Oct 10 20:06:03 2026 elapsed time: 163.836164 seconds (0d 0h 2m 43s)

---------------  T H R E A D  ---------------

Current thread (0x0000015da8115f80):  JavaThread "C2 CompilerThread0" daemon [_thread_in_native, id=11604, stack(0x0000001ef2100000,0x0000001ef2200000) (1024K)]


Current CompileTask:
C2:163836 50806 %     4       com.android.tools.r8.internal.sx1::a @ 1770 (2047 bytes)

Stack: [0x0000001ef2100000,0x0000001ef2200000]
Native frames: (J=compiled Java code, j=interpreted, Vv=VM code, C=native code)
V  [jvm.dll+0x7bf039]  (no source info available)
V  [jvm.dll+0x78912d]  (no source info available)
V  [jvm.dll+0xa0e615]  (no source info available)
V  [jvm.dll+0xa10c94]  (no source info available)
V  [jvm.dll+0xa11393]  (no source info available)
V  [jvm.dll+0x30a116]  (no source info available)
V  [jvm.dll+0x10eda9]  (no source info available)
V  [jvm.dll+0x10f0d2]  (no source info available)
V  [jvm.dll+0x1a9b77]  (no source info available)
V  [jvm.dll+0x3bf612]  (no source info available)
V  [jvm.dll+0x7c48b7]  (no source info available)
V  [jvm.dll+0x2ce466]  (no source info available)
V  [jvm.dll+0x2cd641]  (no source info available)
V  [jvm.dll+0x24334a]  (no source info available)
V  [jvm.dll+0x2dd025]  (no source info available)
V  [jvm.dll+0x2db226]  (no source info available)
V  [jvm.dll+0x49c12e]  (no source info available)
V  [jvm.dll+0x9ad738]  (no source info available)
V  [jvm.dll+0x7bd585]  (no source info available)
C  [ucrtbase.dll+0x2cd30]  (no source info available)
C  [KERNEL32.DLL+0x2ccb7]  (no source info available)
C  [ntdll.dll+0xacaec]  (no source info available)

Lock stack of current Java thread (top to bottom):


---------------  P R O C E S S  ---------------

Threads class SMR info:
_java_thread_list=0x0000015dc5a88010, length=69, elements={
0x0000015d8dd62120, 0x0000015da80ddcc0, 0x0000015da80e2cc0, 0x0000015da8108ac0,
0x0000015da80f6a80, 0x0000015da80f7640, 0x0000015da80f4730, 0x0000015da810e8f0,
0x0000015da8115f80, 0x0000015da8121210, 0x0000015da85bafb0, 0x0000015dadd22ef0,
0x0000015dadaa2330, 0x0000015daf3bd640, 0x0000015dada959a0, 0x0000015dada94a00,
0x0000015dada93a60, 0x0000015db09b63f0, 0x0000015db09b7b60, 0x0000015db09b8b00,
0x0000015db09bc1b0, 0x0000015db09baa40, 0x0000015db0b2ef90, 0x0000015db0b2c880,
0x0000015db0b32640, 0x0000015da8435e30, 0x0000015da8436600, 0x0000015da84346c0,
0x0000015db13d3580, 0x0000015db312e800, 0x0000015db312b150, 0x0000015db31345c0,
0x0000015db3131eb0, 0x0000015db3133df0, 0x0000015db3138c10, 0x0000015db3136cd0,
0x0000015daf4ef830, 0x0000015daeaa09d0, 0x0000015daeaa30e0, 0x0000015daeaa0200,
0x0000015daeaa4850, 0x0000015daeaa11a0, 0x0000015daeaa5020, 0x0000015db32dd5f0,
0x0000015db32df530, 0x0000015db32dc650, 0x0000015da8435660, 0x0000015da8433720,
0x0000015da84394e0, 0x0000015dada951d0, 0x0000015dada9af90, 0x0000015dada98880,
0x0000015db09b92d0, 0x0000015db09b5c20, 0x0000015db09bb9e0, 0x0000015db13d54c0,
0x0000015db3132e50, 0x0000015db3130f10, 0x0000015db3139bb0, 0x0000015db93ec400,
0x0000015db0b30ed0, 0x0000015dc5d655e0, 0x0000015dc5d69460, 0x0000015dc5d66d50,
0x0000015dc4a06210, 0x0000015dc5d72100, 0x0000015dc5d730a0, 0x0000015dc5d5fff0,
0x0000015daf4ed120
}

Java Threads: ( => current thread )
  0x0000015d8dd62120 JavaThread "main"                              [_thread_blocked, id=4916, stack(0x0000001ef1200000,0x0000001ef1300000) (1024K)]
  0x0000015da80ddcc0 JavaThread "Common-Cleaner"             daemon [_thread_blocked, id=11680, stack(0x0000001ef1a00000,0x0000001ef1b00000) (1024K)]
  0x0000015da80e2cc0 JavaThread "Reference Handler"          daemon [_thread_blocked, id=11172, stack(0x0000001ef1b00000,0x0000001ef1c00000) (1024K)]
  0x0000015da8108ac0 JavaThread "Finalizer"                  daemon [_thread_blocked, id=10320, stack(0x0000001ef1c00000,0x0000001ef1d00000) (1024K)]
  0x0000015da80f6a80 JavaThread "Signal Dispatcher"          daemon [_thread_blocked, id=3824, stack(0x0000001ef1d00000,0x0000001ef1e00000) (1024K)]
  0x0000015da80f7640 JavaThread "Attach Listener"            daemon [_thread_blocked, id=13056, stack(0x0000001ef1e00000,0x0000001ef1f00000) (1024K)]
  0x0000015da80f4730 JavaThread "Service Thread"             daemon [_thread_blocked, id=11824, stack(0x0000001ef1f00000,0x0000001ef2000000) (1024K)]
  0x0000015da810e8f0 JavaThread "Monitor Deflation Thread"   daemon [_thread_blocked, id=11364, stack(0x0000001ef2000000,0x0000001ef2100000) (1024K)]
=>0x0000015da8115f80 JavaThread "C2 CompilerThread0"         daemon [_thread_in_native, id=11604, stack(0x0000001ef2100000,0x0000001ef2200000) (1024K)]
  0x0000015da8121210 JavaThread "C1 CompilerThread0"         daemon [_thread_blocked, id=4364, stack(0x0000001ef2200000,0x0000001ef2300000) (1024K)]
  0x0000015da85bafb0 JavaThread "Notification Thread"        daemon [_thread_blocked, id=3100, stack(0x0000001ef2300000,0x0000001ef2400000) (1024K)]
  0x0000015dadd22ef0 JavaThread "Daemon health stats"               [_thread_blocked, id=5936, stack(0x0000001ef2b00000,0x0000001ef2c00000) (1024K)]
  0x0000015dadaa2330 JavaThread "Incoming local TCP Connector on port 51601"        [_thread_in_native, id=7632, stack(0x0000001ef2e00000,0x0000001ef2f00000) (1024K)]
  0x0000015daf3bd640 JavaThread "Daemon periodic checks"            [_thread_blocked, id=11148, stack(0x0000001ef3000000,0x0000001ef3100000) (1024K)]
  0x0000015dada959a0 JavaThread "Cache worker for journal cache (C:\Users\Maxim\.gradle\caches\journal-1)"        [_thread_blocked, id=8924, stack(0x0000001ef2500000,0x0000001ef2600000) (1024K)]
  0x0000015dada94a00 JavaThread "File lock request listener"        [_thread_in_native, id=5564, stack(0x0000001ef3800000,0x0000001ef3900000) (1024K)]
  0x0000015dada93a60 JavaThread "Cache worker for file hash cache (C:\Users\Maxim\.gradle\caches\9.6.0\fileHashes)"        [_thread_blocked, id=2516, stack(0x0000001ef3900000,0x0000001ef3a00000) (1024K)]
  0x0000015db09b63f0 JavaThread "Cache worker for file content cache (C:\Users\Maxim\.gradle\caches\9.6.0\fileContent)"        [_thread_blocked, id=1716, stack(0x0000001ef3e00000,0x0000001ef3f00000) (1024K)]
  0x0000015db09b7b60 JavaThread "File watcher server"        daemon [_thread_in_native, id=12404, stack(0x0000001ef3f00000,0x0000001ef4000000) (1024K)]
  0x0000015db09b8b00 JavaThread "File watcher consumer"      daemon [_thread_blocked, id=5924, stack(0x0000001ef4000000,0x0000001ef4100000) (1024K)]
  0x0000015db09bc1b0 JavaThread "jar transforms"                    [_thread_blocked, id=12284, stack(0x0000001ef4300000,0x0000001ef4400000) (1024K)]
  0x0000015db09baa40 JavaThread "jar transforms Thread 2"           [_thread_blocked, id=3996, stack(0x0000001ef4400000,0x0000001ef4500000) (1024K)]
  0x0000015db0b2ef90 JavaThread "jar transforms Thread 3"           [_thread_blocked, id=13220, stack(0x0000001ef4500000,0x0000001ef4600000) (1024K)]
  0x0000015db0b2c880 JavaThread "jar transforms Thread 4"           [_thread_blocked, id=11800, stack(0x0000001ef4600000,0x0000001ef4700000) (1024K)]
  0x0000015db0b32640 JavaThread "jar transforms Thread 5"           [_thread_blocked, id=12904, stack(0x0000001ef4700000,0x0000001ef4800000) (1024K)]
  0x0000015da8435e30 JavaThread "jar transforms Thread 6"           [_thread_blocked, id=8188, stack(0x0000001ef3a00000,0x0000001ef3b00000) (1024K)]
  0x0000015da8436600 JavaThread "jar transforms Thread 7"           [_thread_blocked, id=11388, stack(0x0000001ef4c00000,0x0000001ef4d00000) (1024K)]
  0x0000015da84346c0 JavaThread "jar transforms Thread 8"           [_thread_blocked, id=8364, stack(0x0000001ef4d00000,0x0000001ef4e00000) (1024K)]
  0x0000015db13d3580 JavaThread "Memory manager"                    [_thread_blocked, id=1940, stack(0x0000001ef4e00000,0x0000001ef4f00000) (1024K)]
  0x0000015db312e800 JavaThread "DefaultDispatcher-worker-1" daemon [_thread_blocked, id=2140, stack(0x0000001ef4f00000,0x0000001ef5000000) (1024K)]
  0x0000015db312b150 JavaThread "DefaultDispatcher-worker-2" daemon [_thread_blocked, id=2656, stack(0x0000001ef5100000,0x0000001ef5200000) (1024K)]
  0x0000015db31345c0 JavaThread "DefaultDispatcher-worker-3" daemon [_thread_blocked, id=1232, stack(0x0000001ef5900000,0x0000001ef5a00000) (1024K)]
  0x0000015db3131eb0 JavaThread "Periodic tasks thread"      daemon [_thread_blocked, id=8020, stack(0x0000001ef5c00000,0x0000001ef5d00000) (1024K)]
  0x0000015db3133df0 JavaThread "ApplicationImpl pooled thread 1"        [_thread_blocked, id=13280, stack(0x0000001ef5d00000,0x0000001ef5e00000) (1024K)]
  0x0000015db3138c10 JavaThread "Java2D Disposer"            daemon [_thread_blocked, id=4296, stack(0x0000001ef5e00000,0x0000001ef5f00000) (1024K)]
  0x0000015db3136cd0 JavaThread "AWT-Windows"                daemon [_thread_in_native, id=4652, stack(0x0000001ef6000000,0x0000001ef6100000) (1024K)]
  0x0000015daf4ef830 JavaThread "Daemon Thread 2"                   [_thread_blocked, id=13004, stack(0x0000001ef0f00000,0x0000001ef1000000) (1024K)]
  0x0000015daeaa09d0 JavaThread "Handler for socket connection from /127.0.0.1:51601 to /127.0.0.1:51744"        [_thread_in_native, id=10724, stack(0x0000001ef1000000,0x0000001ef1100000) (1024K)]
  0x0000015daeaa30e0 JavaThread "Cancel handler"                    [_thread_blocked, id=2312, stack(0x0000001ef1100000,0x0000001ef1200000) (1024K)]
  0x0000015daeaa0200 JavaThread "Daemon worker Thread 2"            [_thread_blocked, id=9220, stack(0x0000001ef3100000,0x0000001ef3200000) (1024K)]
  0x0000015daeaa4850 JavaThread "Asynchronous log dispatcher for DefaultDaemonConnection: socket connection from /127.0.0.1:51601 to /127.0.0.1:51744"        [_thread_blocked, id=10960, stack(0x0000001ef3300000,0x0000001ef3400000) (1024K)]
  0x0000015daeaa11a0 JavaThread "Stdin handler"                     [_thread_blocked, id=3668, stack(0x0000001ef3400000,0x0000001ef3500000) (1024K)]
  0x0000015daeaa5020 JavaThread "Daemon client event forwarder"        [_thread_blocked, id=2524, stack(0x0000001ef3500000,0x0000001ef3600000) (1024K)]
  0x0000015db32dd5f0 JavaThread "Cache worker for file hash cache (E:\Android Studio Projects\Habit-Tracker\.gradle\9.6.0\fileHashes)"        [_thread_blocked, id=11352, stack(0x0000001ef3600000,0x0000001ef3700000) (1024K)]
  0x0000015db32df530 JavaThread "Cache worker for checksums cache (E:\Android Studio Projects\Habit-Tracker\.gradle\9.6.0\checksums)"        [_thread_blocked, id=3012, stack(0x0000001ef3700000,0x0000001ef3800000) (1024K)]
  0x0000015db32dc650 JavaThread "Cache worker for Build Output Cleanup Cache (E:\Android Studio Projects\Habit-Tracker\.gradle\buildOutputCleanup)"        [_thread_blocked, id=4708, stack(0x0000001ef3b00000,0x0000001ef3c00000) (1024K)]
  0x0000015da8435660 JavaThread "Cache worker for cache directory md-supplier (C:\Users\Maxim\.gradle\caches\9.6.0\md-supplier)"        [_thread_blocked, id=12948, stack(0x0000001ef3c00000,0x0000001ef3d00000) (1024K)]
  0x0000015da8433720 JavaThread "Cache worker for cache directory md-rule (C:\Users\Maxim\.gradle\caches\9.6.0\md-rule)"        [_thread_blocked, id=1380, stack(0x0000001ef3d00000,0x0000001ef3e00000) (1024K)]
  0x0000015da84394e0 JavaThread "build event listener"              [_thread_blocked, id=660, stack(0x0000001ef4200000,0x0000001ef4300000) (1024K)]
  0x0000015dada951d0 JavaThread "build event listener"              [_thread_blocked, id=4676, stack(0x0000001ef4800000,0x0000001ef4900000) (1024K)]
  0x0000015dada9af90 JavaThread "Build operations"                  [_thread_blocked, id=5028, stack(0x0000001ef4900000,0x0000001ef4a00000) (1024K)]
  0x0000015dada98880 JavaThread "included builds"                   [_thread_blocked, id=3820, stack(0x0000001ef4100000,0x0000001ef4200000) (1024K)]
  0x0000015db09b92d0 JavaThread "Execution worker"                  [_thread_in_vm, id=11912, stack(0x0000001ef4a00000,0x0000001ef4b00000) (1024K)]
  0x0000015db09b5c20 JavaThread "Execution worker Thread 2"         [_thread_blocked, id=12916, stack(0x0000001ef4b00000,0x0000001ef4c00000) (1024K)]
  0x0000015db09bb9e0 JavaThread "Execution worker Thread 3"         [_thread_blocked, id=10808, stack(0x0000001ef5000000,0x0000001ef5100000) (1024K)]
  0x0000015db13d54c0 JavaThread "Cache worker for execution history cache (E:\Android Studio Projects\Habit-Tracker\.gradle\9.6.0\executionHistory)"        [_thread_blocked, id=4448, stack(0x0000001ef5200000,0x0000001ef5300000) (1024K)]
  0x0000015db3132e50 JavaThread "Build operations Thread 2"         [_thread_blocked, id=13084, stack(0x0000001ef5300000,0x0000001ef5400000) (1024K)]
  0x0000015db3130f10 JavaThread "Build operations Thread 3"         [_thread_blocked, id=7908, stack(0x0000001ef5400000,0x0000001ef5500000) (1024K)]
  0x0000015db3139bb0 JavaThread "Build operations Thread 4"         [_thread_blocked, id=11848, stack(0x0000001ef5500000,0x0000001ef5600000) (1024K)]
  0x0000015db93ec400 JavaThread "WorkerExecutor Queue"              [_thread_blocked, id=6304, stack(0x0000001ef5600000,0x0000001ef5700000) (1024K)]
  0x0000015db0b30ed0 JavaThread "DefaultDispatcher-worker-4" daemon [_thread_blocked, id=6120, stack(0x0000001ef5700000,0x0000001ef5800000) (1024K)]
  0x0000015dc5d655e0 JavaThread "ForkJoinPool.commonPool-worker-4" daemon [_thread_blocked, id=10892, stack(0x0000001ef6500000,0x0000001ef6600000) (1024K)]
  0x0000015dc5d69460 JavaThread "ForkJoinPool.commonPool-worker-5" daemon [_thread_blocked, id=8652, stack(0x0000001ef6600000,0x0000001ef6700000) (1024K)]
  0x0000015dc5d66d50 JavaThread "ForkJoinPool.commonPool-worker-6" daemon [_thread_blocked, id=4152, stack(0x0000001ef6700000,0x0000001ef6800000) (1024K)]
  0x0000015dc4a06210 JavaThread "C2 CompilerThread1"         daemon [_thread_in_native, id=12556, stack(0x0000001ef6800000,0x0000001ef6900000) (1024K)]
  0x0000015dc5d72100 JavaThread "WorkerExecutor Queue Thread 3"        [_thread_blocked, id=5808, stack(0x0000001ef6a00000,0x0000001ef6b00000) (1024K)]
  0x0000015dc5d730a0 JavaThread "WorkerExecutor Queue Thread 4"        [_thread_blocked, id=2132, stack(0x0000001ef6b00000,0x0000001ef6c00000) (1024K)]
  0x0000015dc5d5fff0 JavaThread "WorkerExecutor Queue Thread 5"        [_thread_blocked, id=5528, stack(0x0000001ef5800000,0x0000001ef5900000) (1024K)]
  0x0000015daf4ed120 JavaThread "pool-5-thread-1"                   [_thread_in_vm, id=5316, stack(0x0000001ef5a00000,0x0000001ef5b00000) (1024K)]
Total: 69

Other Threads:
  0x0000015da808f460 VMThread "VM Thread"                           [id=10788, stack(0x0000001ef1900000,0x0000001ef1a00000) (1024K)]
  0x0000015da806c1c0 WatcherThread "VM Periodic Task Thread"        [id=12252, stack(0x0000001ef1800000,0x0000001ef1900000) (1024K)]
  0x0000015d8ddd1020 WorkerThread "GC Thread#0"                     [id=5340, stack(0x0000001ef1300000,0x0000001ef1400000) (1024K)]
  0x0000015dad9634a0 WorkerThread "GC Thread#1"                     [id=968, stack(0x0000001ef2600000,0x0000001ef2700000) (1024K)]
  0x0000015dad9638d0 WorkerThread "GC Thread#2"                     [id=3864, stack(0x0000001ef2700000,0x0000001ef2800000) (1024K)]
  0x0000015dad976400 WorkerThread "GC Thread#3"                     [id=7316, stack(0x0000001ef2800000,0x0000001ef2900000) (1024K)]
  0x0000015dad979850 WorkerThread "GC Thread#4"                     [id=11292, stack(0x0000001ef2900000,0x0000001ef2a00000) (1024K)]
  0x0000015dad979c80 WorkerThread "GC Thread#5"                     [id=6916, stack(0x0000001ef2a00000,0x0000001ef2b00000) (1024K)]
  0x0000015da88b4af0 WorkerThread "GC Thread#6"                     [id=13200, stack(0x0000001ef2c00000,0x0000001ef2d00000) (1024K)]
  0x0000015da88b4f40 WorkerThread "GC Thread#7"                     [id=10912, stack(0x0000001ef2d00000,0x0000001ef2e00000) (1024K)]
  0x0000015d8b94dfe0 ConcurrentGCThread "G1 Main Marker"            [id=5876, stack(0x0000001ef1400000,0x0000001ef1500000) (1024K)]
  0x0000015d8b94eb80 WorkerThread "G1 Conc#0"                       [id=12380, stack(0x0000001ef1500000,0x0000001ef1600000) (1024K)]
  0x0000015dae245920 WorkerThread "G1 Conc#1"                       [id=1016, stack(0x0000001ef2f00000,0x0000001ef3000000) (1024K)]
  0x0000015da7f40150 ConcurrentGCThread "G1 Refine#0"               [id=11972, stack(0x0000001ef1600000,0x0000001ef1700000) (1024K)]
  0x0000015da7f40b60 ConcurrentGCThread "G1 Service"                [id=4340, stack(0x0000001ef1700000,0x0000001ef1800000) (1024K)]
Total: 15

Threads with active compile tasks:
C2 CompilerThread0  164097 50806 %     4       com.android.tools.r8.internal.sx1::a @ 1770 (2047 bytes)
C2 CompilerThread1  164097 51136 %     4       com.android.tools.r8.internal.r90::b @ 454 (3542 bytes)
Total: 2

VM state: not at safepoint (normal execution)

VM Mutex/Monitor currently owned by a thread: None

Heap address: 0x0000000700000000, size: 4096 MB, Compressed Oops mode: Zero based, Oop shift amount: 3

CDS archive(s) not mapped
Compressed class space mapped at: 0x0000000099000000-0x00000000d9000000, reserved size: 1073741824
UseCompressedClassPointers 1, UseCompactObjectHeaders 0
Narrow klass pointer bits 32, Max shift 3
Narrow klass base: 0x0000000000000000, Narrow klass shift: 0
Encoding Range: [0x0000000000000000 - 0x0000000100000000), (4294967296 bytes)
Klass Range:    [0x0000000099000000 - 0x00000000d9000000), (1073741824 bytes)
Klass ID Range:  [2566914048 - 3640655865) (1073741817)
No protection zone.

GC Precious Log:
 CardTable entry size: 512
 Card Set container configuration: InlinePtr #cards 4 size 8 Array Of Cards #cards 16 size 48 Howl #buckets 8 coarsen threshold 3686 Howl Bitmap #cards 512 size 80 coarsen threshold 460 Card regions per heap region 1 cards per card region 4096
 CPUs: 8 total, 8 available
 Memory: 8116M
 Large Page Support: Disabled
 NUMA Support: Disabled
 Compressed Oops: Enabled (Zero based)
 Heap Region Size: 2M
 Heap Min Capacity: 8M
 Heap Initial Capacity: 128M
 Heap Max Capacity: 4G
 Pre-touch: Disabled
 Parallel Workers: 8
 Concurrent Workers: 2
 Concurrent Refinement Workers: 8
 Periodic GC: Disabled

Heap:
 garbage-first heap   total reserved 4194304K, committed 1056768K, used 666246K [0x0000000700000000, 0x0000000800000000)
  region size 2048K, 150 young (307200K), 30 survivors (61440K)

Heap Regions: E=young(eden), S=young(survivor), O=old, HS=humongous(starts), HC=humongous(continues), CS=collection set, F=free, TAMS=top-at-mark-start, PB=parsable bottom
|   0|0x0000000700000000, 0x0000000700200000, 0x0000000700200000|100%|HS|  |TAMS 0x0000000700000000| PB 0x0000000700000000| Complete |  0
|   1|0x0000000700200000, 0x0000000700400000, 0x0000000700400000|100%|HC|  |TAMS 0x0000000700200000| PB 0x0000000700200000| Complete |  0
|   2|0x0000000700400000, 0x0000000700600000, 0x0000000700600000|100%| O|  |TAMS 0x0000000700400000| PB 0x0000000700400000| Untracked |  0
|   3|0x0000000700600000, 0x0000000700800000, 0x0000000700800000|100%| O|  |TAMS 0x0000000700600000| PB 0x0000000700600000| Untracked |  0
|   4|0x0000000700800000, 0x0000000700a00000, 0x0000000700a00000|100%| O|  |TAMS 0x0000000700800000| PB 0x0000000700800000| Untracked |  0
|   5|0x0000000700a00000, 0x0000000700c00000, 0x0000000700c00000|100%| O|  |TAMS 0x0000000700a00000| PB 0x0000000700a00000| Untracked |  0
|   6|0x0000000700c00000, 0x0000000700e00000, 0x0000000700e00000|100%| O|  |TAMS 0x0000000700c00000| PB 0x0000000700c00000| Untracked |  0
|   7|0x0000000700e00000, 0x0000000701000000, 0x0000000701000000|100%| O|  |TAMS 0x0000000700e00000| PB 0x0000000700e00000| Untracked |  0
|   8|0x0000000701000000, 0x0000000701200000, 0x0000000701200000|100%| O|  |TAMS 0x0000000701000000| PB 0x0000000701000000| Untracked |  0
|   9|0x0000000701200000, 0x0000000701400000, 0x0000000701400000|100%| O|  |TAMS 0x0000000701200000| PB 0x0000000701200000| Untracked |  0
|  10|0x0000000701400000, 0x0000000701600000, 0x0000000701600000|100%| O|  |TAMS 0x0000000701400000| PB 0x0000000701400000| Untracked |  0
|  11|0x0000000701600000, 0x0000000701800000, 0x0000000701800000|100%| O|  |TAMS 0x0000000701600000| PB 0x0000000701600000| Untracked |  0
|  12|0x0000000701800000, 0x0000000701a00000, 0x0000000701a00000|100%| O|  |TAMS 0x0000000701800000| PB 0x0000000701800000| Untracked |  0
|  13|0x0000000701a00000, 0x0000000701c00000, 0x0000000701c00000|100%| O|  |TAMS 0x0000000701a00000| PB 0x0000000701a00000| Untracked |  0
|  14|0x0000000701c00000, 0x0000000701e00000, 0x0000000701e00000|100%| O|  |TAMS 0x0000000701c00000| PB 0x0000000701c00000| Untracked |  0
|  15|0x0000000701e00000, 0x0000000702000000, 0x0000000702000000|100%| O|  |TAMS 0x0000000701e00000| PB 0x0000000701e00000| Untracked |  0
|  16|0x0000000702000000, 0x0000000702200000, 0x0000000702200000|100%| O|  |TAMS 0x0000000702000000| PB 0x0000000702000000| Untracked |  0
|  17|0x0000000702200000, 0x0000000702400000, 0x0000000702400000|100%| O|  |TAMS 0x0000000702200000| PB 0x0000000702200000| Untracked |  0
|  18|0x0000000702400000, 0x0000000702600000, 0x0000000702600000|100%| O|  |TAMS 0x0000000702400000| PB 0x0000000702400000| Untracked |  0
|  19|0x0000000702600000, 0x0000000702800000, 0x0000000702800000|100%| O|  |TAMS 0x0000000702600000| PB 0x0000000702600000| Untracked |  0
|  20|0x0000000702800000, 0x0000000702a00000, 0x0000000702a00000|100%| O|  |TAMS 0x0000000702800000| PB 0x0000000702800000| Untracked |  0
|  21|0x0000000702a00000, 0x0000000702c00000, 0x0000000702c00000|100%| O|  |TAMS 0x0000000702a00000| PB 0x0000000702a00000| Untracked |  0
|  22|0x0000000702c00000, 0x0000000702e00000, 0x0000000702e00000|100%|HS|  |TAMS 0x0000000702c00000| PB 0x0000000702c00000| Complete |  0
|  23|0x0000000702e00000, 0x0000000703000000, 0x0000000703000000|100%| O|  |TAMS 0x0000000702e00000| PB 0x0000000702e00000| Untracked |  0
|  24|0x0000000703000000, 0x0000000703200000, 0x0000000703200000|100%| O|  |TAMS 0x0000000703000000| PB 0x0000000703000000| Untracked |  0
|  25|0x0000000703200000, 0x0000000703400000, 0x0000000703400000|100%| O|  |TAMS 0x0000000703200000| PB 0x0000000703200000| Untracked |  0
|  26|0x0000000703400000, 0x0000000703600000, 0x0000000703600000|100%|HS|  |TAMS 0x0000000703400000| PB 0x0000000703400000| Complete |  0
|  27|0x0000000703600000, 0x0000000703800000, 0x0000000703800000|100%| O|  |TAMS 0x0000000703600000| PB 0x0000000703600000| Untracked |  0
|  28|0x0000000703800000, 0x0000000703a00000, 0x0000000703a00000|100%| O|  |TAMS 0x0000000703800000| PB 0x0000000703800000| Untracked |  0
|  29|0x0000000703a00000, 0x0000000703c00000, 0x0000000703c00000|100%| O|  |TAMS 0x0000000703a00000| PB 0x0000000703a00000| Untracked |  0
|  30|0x0000000703c00000, 0x0000000703e00000, 0x0000000703e00000|100%| O|  |TAMS 0x0000000703c00000| PB 0x0000000703c00000| Untracked |  0
|  31|0x0000000703e00000, 0x0000000704000000, 0x0000000704000000|100%| O|  |TAMS 0x0000000703e00000| PB 0x0000000703e00000| Untracked |  0
|  32|0x0000000704000000, 0x0000000704200000, 0x0000000704200000|100%| O|  |TAMS 0x0000000704000000| PB 0x0000000704000000| Untracked |  0
|  33|0x0000000704200000, 0x0000000704400000, 0x0000000704400000|100%| O|  |TAMS 0x0000000704200000| PB 0x0000000704200000| Untracked |  0
|  34|0x0000000704400000, 0x0000000704600000, 0x0000000704600000|100%| O|  |TAMS 0x0000000704400000| PB 0x0000000704400000| Untracked |  0
|  35|0x0000000704600000, 0x0000000704800000, 0x0000000704800000|100%| O|  |TAMS 0x0000000704600000| PB 0x0000000704600000| Untracked |  0
|  36|0x0000000704800000, 0x0000000704a00000, 0x0000000704a00000|100%| O|  |TAMS 0x0000000704800000| PB 0x0000000704800000| Untracked |  0
|  37|0x0000000704a00000, 0x0000000704c00000, 0x0000000704c00000|100%| O|  |TAMS 0x0000000704a00000| PB 0x0000000704a00000| Untracked |  0
|  38|0x0000000704c00000, 0x0000000704e00000, 0x0000000704e00000|100%| O|  |TAMS 0x0000000704c00000| PB 0x0000000704c00000| Untracked |  0
|  39|0x0000000704e00000, 0x0000000705000000, 0x0000000705000000|100%| O|  |TAMS 0x0000000704e00000| PB 0x0000000704e00000| Untracked |  0
|  40|0x0000000705000000, 0x0000000705200000, 0x0000000705200000|100%| O|  |TAMS 0x0000000705000000| PB 0x0000000705000000| Untracked |  0
|  41|0x0000000705200000, 0x0000000705400000, 0x0000000705400000|100%| O|  |TAMS 0x0000000705200000| PB 0x0000000705200000| Untracked |  0
|  42|0x0000000705400000, 0x0000000705600000, 0x0000000705600000|100%| O|  |TAMS 0x0000000705400000| PB 0x0000000705400000| Untracked |  0
|  43|0x0000000705600000, 0x0000000705800000, 0x0000000705800000|100%| O|  |TAMS 0x0000000705600000| PB 0x0000000705600000| Untracked |  0
|  44|0x0000000705800000, 0x0000000705a00000, 0x0000000705a00000|100%| O|  |TAMS 0x0000000705800000| PB 0x0000000705800000| Untracked |  0
|  45|0x0000000705a00000, 0x0000000705c00000, 0x0000000705c00000|100%| O|  |TAMS 0x0000000705a00000| PB 0x0000000705a00000| Untracked |  0
|  46|0x0000000705c00000, 0x0000000705e00000, 0x0000000705e00000|100%| O|  |TAMS 0x0000000705c00000| PB 0x0000000705c00000| Untracked |  0
|  47|0x0000000705e00000, 0x0000000706000000, 0x0000000706000000|100%| O|  |TAMS 0x0000000705e00000| PB 0x0000000705e00000| Untracked |  0
|  48|0x0000000706000000, 0x0000000706000000, 0x0000000706200000|  0%| F|  |TAMS 0x0000000706000000| PB 0x0000000706000000| Untracked |  0
|  49|0x0000000706200000, 0x0000000706400000, 0x0000000706400000|100%| O|  |TAMS 0x0000000706200000| PB 0x0000000706200000| Untracked |  0
|  50|0x0000000706400000, 0x0000000706600000, 0x0000000706600000|100%| O|  |TAMS 0x0000000706400000| PB 0x0000000706400000| Untracked |  0
|  51|0x0000000706600000, 0x0000000706800000, 0x0000000706800000|100%| O|  |TAMS 0x0000000706600000| PB 0x0000000706600000| Untracked |  0
|  52|0x0000000706800000, 0x0000000706a00000, 0x0000000706a00000|100%|HS|  |TAMS 0x0000000706800000| PB 0x0000000706800000| Complete |  0
|  53|0x0000000706a00000, 0x0000000706c00000, 0x0000000706c00000|100%|HC|  |TAMS 0x0000000706a00000| PB 0x0000000706a00000| Complete |  0
|  54|0x0000000706c00000, 0x0000000706e00000, 0x0000000706e00000|100%|HC|  |TAMS 0x0000000706c00000| PB 0x0000000706c00000| Complete |  0
|  55|0x0000000706e00000, 0x0000000707000000, 0x0000000707000000|100%| O|  |TAMS 0x0000000706e00000| PB 0x0000000706e00000| Untracked |  0
|  56|0x0000000707000000, 0x0000000707200000, 0x0000000707200000|100%| O|  |TAMS 0x0000000707000000| PB 0x0000000707000000| Untracked |  0
|  57|0x0000000707200000, 0x0000000707400000, 0x0000000707400000|100%| O|  |TAMS 0x0000000707200000| PB 0x0000000707200000| Untracked |  0
|  58|0x0000000707400000, 0x0000000707600000, 0x0000000707600000|100%| O|  |TAMS 0x0000000707400000| PB 0x0000000707400000| Untracked |  0
|  59|0x0000000707600000, 0x0000000707800000, 0x0000000707800000|100%| O|  |TAMS 0x0000000707600000| PB 0x0000000707600000| Untracked |  0
|  60|0x0000000707800000, 0x0000000707800000, 0x0000000707a00000|  0%| F|  |TAMS 0x0000000707800000| PB 0x0000000707800000| Untracked |  0
|  61|0x0000000707a00000, 0x0000000707c00000, 0x0000000707c00000|100%| O|  |TAMS 0x0000000707a00000| PB 0x0000000707a00000| Untracked |  0
|  62|0x0000000707c00000, 0x0000000707e00000, 0x0000000707e00000|100%| O|  |TAMS 0x0000000707c00000| PB 0x0000000707c00000| Untracked |  0
|  63|0x0000000707e00000, 0x0000000707e00000, 0x0000000708000000|  0%| F|  |TAMS 0x0000000707e00000| PB 0x0000000707e00000| Untracked |  0
|  64|0x0000000708000000, 0x0000000708200000, 0x0000000708200000|100%| O|  |TAMS 0x0000000708000000| PB 0x0000000708000000| Untracked |  0
|  65|0x0000000708200000, 0x0000000708400000, 0x0000000708400000|100%| O|  |TAMS 0x0000000708200000| PB 0x0000000708200000| Untracked |  0
|  66|0x0000000708400000, 0x0000000708600000, 0x0000000708600000|100%| O|  |TAMS 0x0000000708400000| PB 0x0000000708400000| Untracked |  0
|  67|0x0000000708600000, 0x0000000708800000, 0x0000000708800000|100%| O|  |TAMS 0x0000000708600000| PB 0x0000000708600000| Untracked |  0
|  68|0x0000000708800000, 0x0000000708a00000, 0x0000000708a00000|100%| O|  |TAMS 0x0000000708800000| PB 0x0000000708800000| Untracked |  0
|  69|0x0000000708a00000, 0x0000000708c00000, 0x0000000708c00000|100%| O|  |TAMS 0x0000000708a00000| PB 0x0000000708a00000| Untracked |  0
|  70|0x0000000708c00000, 0x0000000708e00000, 0x0000000708e00000|100%| O|  |TAMS 0x0000000708c00000| PB 0x0000000708c00000| Untracked |  0
|  71|0x0000000708e00000, 0x0000000709000000, 0x0000000709000000|100%| O|  |TAMS 0x0000000708e00000| PB 0x0000000708e00000| Untracked |  0
|  72|0x0000000709000000, 0x0000000709200000, 0x0000000709200000|100%| O|  |TAMS 0x0000000709000000| PB 0x0000000709000000| Untracked |  0
|  73|0x0000000709200000, 0x0000000709400000, 0x0000000709400000|100%| O|  |TAMS 0x0000000709200000| PB 0x0000000709200000| Untracked |  0
|  74|0x0000000709400000, 0x0000000709400000, 0x0000000709600000|  0%| F|  |TAMS 0x0000000709400000| PB 0x0000000709400000| Untracked |  0
|  75|0x0000000709600000, 0x0000000709800000, 0x0000000709800000|100%| O|  |TAMS 0x0000000709600000| PB 0x0000000709600000| Untracked |  0
|  76|0x0000000709800000, 0x0000000709a00000, 0x0000000709a00000|100%| O|  |TAMS 0x0000000709800000| PB 0x0000000709800000| Untracked |  0
|  77|0x0000000709a00000, 0x0000000709c00000, 0x0000000709c00000|100%| O|  |TAMS 0x0000000709a00000| PB 0x0000000709a00000| Untracked |  0
|  78|0x0000000709c00000, 0x0000000709e00000, 0x0000000709e00000|100%| O|  |TAMS 0x0000000709c00000| PB 0x0000000709c00000| Untracked |  0
|  79|0x0000000709e00000, 0x000000070a000000, 0x000000070a000000|100%| O|  |TAMS 0x0000000709e00000| PB 0x0000000709e00000| Untracked |  0
|  80|0x000000070a000000, 0x000000070a200000, 0x000000070a200000|100%| O|  |TAMS 0x000000070a000000| PB 0x000000070a000000| Untracked |  0
|  81|0x000000070a200000, 0x000000070a400000, 0x000000070a400000|100%| O|  |TAMS 0x000000070a200000| PB 0x000000070a200000| Untracked |  0
|  82|0x000000070a400000, 0x000000070a600000, 0x000000070a600000|100%| O|  |TAMS 0x000000070a400000| PB 0x000000070a400000| Untracked |  0
|  83|0x000000070a600000, 0x000000070a600000, 0x000000070a800000|  0%| F|  |TAMS 0x000000070a600000| PB 0x000000070a600000| Untracked |  0
|  84|0x000000070a800000, 0x000000070aa00000, 0x000000070aa00000|100%| O|  |TAMS 0x000000070a800000| PB 0x000000070a800000| Untracked |  0
|  85|0x000000070aa00000, 0x000000070ac00000, 0x000000070ac00000|100%| O|  |TAMS 0x000000070aa00000| PB 0x000000070aa00000| Untracked |  0
|  86|0x000000070ac00000, 0x000000070ae00000, 0x000000070ae00000|100%| O|  |TAMS 0x000000070ac00000| PB 0x000000070ac00000| Untracked |  0
|  87|0x000000070ae00000, 0x000000070b000000, 0x000000070b000000|100%| O|  |TAMS 0x000000070ae00000| PB 0x000000070ae00000| Untracked |  0
|  88|0x000000070b000000, 0x000000070b200000, 0x000000070b200000|100%| O|  |TAMS 0x000000070b000000| PB 0x000000070b000000| Untracked |  0
|  89|0x000000070b200000, 0x000000070b400000, 0x000000070b400000|100%| O|  |TAMS 0x000000070b200000| PB 0x000000070b200000| Untracked |  0
|  90|0x000000070b400000, 0x000000070b600000, 0x000000070b600000|100%| O|  |TAMS 0x000000070b400000| PB 0x000000070b400000| Untracked |  0
|  91|0x000000070b600000, 0x000000070b800000, 0x000000070b800000|100%| O|  |TAMS 0x000000070b600000| PB 0x000000070b600000| Untracked |  0
|  92|0x000000070b800000, 0x000000070ba00000, 0x000000070ba00000|100%| O|  |TAMS 0x000000070b800000| PB 0x000000070b800000| Untracked |  0
|  93|0x000000070ba00000, 0x000000070bc00000, 0x000000070bc00000|100%| O|  |TAMS 0x000000070ba00000| PB 0x000000070ba00000| Untracked |  0
|  94|0x000000070bc00000, 0x000000070be00000, 0x000000070be00000|100%| O|  |TAMS 0x000000070bc00000| PB 0x000000070bc00000| Untracked |  0
|  95|0x000000070be00000, 0x000000070c000000, 0x000000070c000000|100%| O|  |TAMS 0x000000070be00000| PB 0x000000070be00000| Untracked |  0
|  96|0x000000070c000000, 0x000000070c200000, 0x000000070c200000|100%| O|  |TAMS 0x000000070c000000| PB 0x000000070c000000| Untracked |  0
|  97|0x000000070c200000, 0x000000070c400000, 0x000000070c400000|100%| O|  |TAMS 0x000000070c200000| PB 0x000000070c200000| Untracked |  0
|  98|0x000000070c400000, 0x000000070c600000, 0x000000070c600000|100%|HS|  |TAMS 0x000000070c400000| PB 0x000000070c400000| Complete |  0
|  99|0x000000070c600000, 0x000000070c800000, 0x000000070c800000|100%|HC|  |TAMS 0x000000070c600000| PB 0x000000070c600000| Complete |  0
| 100|0x000000070c800000, 0x000000070ca00000, 0x000000070ca00000|100%| O|  |TAMS 0x000000070c800000| PB 0x000000070c800000| Untracked |  0
| 101|0x000000070ca00000, 0x000000070cc00000, 0x000000070cc00000|100%| O|  |TAMS 0x000000070ca00000| PB 0x000000070ca00000| Untracked |  0
| 102|0x000000070cc00000, 0x000000070ce00000, 0x000000070ce00000|100%| O|  |TAMS 0x000000070cc00000| PB 0x000000070cc00000| Untracked |  0
| 103|0x000000070ce00000, 0x000000070d000000, 0x000000070d000000|100%| O|  |TAMS 0x000000070ce00000| PB 0x000000070ce00000| Untracked |  0
| 104|0x000000070d000000, 0x000000070d200000, 0x000000070d200000|100%| O|  |TAMS 0x000000070d000000| PB 0x000000070d000000| Untracked |  0
| 105|0x000000070d200000, 0x000000070d400000, 0x000000070d400000|100%| O|  |TAMS 0x000000070d200000| PB 0x000000070d200000| Untracked |  0
| 106|0x000000070d400000, 0x000000070d600000, 0x000000070d600000|100%| O|  |TAMS 0x000000070d400000| PB 0x000000070d400000| Untracked |  0
| 107|0x000000070d600000, 0x000000070d800000, 0x000000070d800000|100%| O|  |TAMS 0x000000070d600000| PB 0x000000070d600000| Untracked |  0
| 108|0x000000070d800000, 0x000000070da00000, 0x000000070da00000|100%| O|  |TAMS 0x000000070d800000| PB 0x000000070d800000| Untracked |  0
| 109|0x000000070da00000, 0x000000070dc00000, 0x000000070dc00000|100%| O|  |TAMS 0x000000070da00000| PB 0x000000070da00000| Untracked |  0
| 110|0x000000070dc00000, 0x000000070de00000, 0x000000070de00000|100%| O|  |TAMS 0x000000070dc00000| PB 0x000000070dc00000| Untracked |  0
| 111|0x000000070de00000, 0x000000070e000000, 0x000000070e000000|100%| O|  |TAMS 0x000000070de00000| PB 0x000000070de00000| Untracked |  0
| 112|0x000000070e000000, 0x000000070e200000, 0x000000070e200000|100%| O|  |TAMS 0x000000070e000000| PB 0x000000070e000000| Untracked |  0
| 113|0x000000070e200000, 0x000000070e400000, 0x000000070e400000|100%| O|  |TAMS 0x000000070e200000| PB 0x000000070e200000| Untracked |  0
| 114|0x000000070e400000, 0x000000070e400000, 0x000000070e600000|  0%| F|  |TAMS 0x000000070e400000| PB 0x000000070e400000| Untracked |  0
| 115|0x000000070e600000, 0x000000070e600000, 0x000000070e800000|  0%| F|  |TAMS 0x000000070e600000| PB 0x000000070e600000| Untracked |  0
| 116|0x000000070e800000, 0x000000070ea00000, 0x000000070ea00000|100%| O|  |TAMS 0x000000070e800000| PB 0x000000070e800000| Untracked |  0
| 117|0x000000070ea00000, 0x000000070ec00000, 0x000000070ec00000|100%| O|  |TAMS 0x000000070ea00000| PB 0x000000070ea00000| Untracked |  0
| 118|0x000000070ec00000, 0x000000070ee00000, 0x000000070ee00000|100%| O|  |TAMS 0x000000070ec00000| PB 0x000000070ec00000| Untracked |  0
| 119|0x000000070ee00000, 0x000000070f000000, 0x000000070f000000|100%| O|  |TAMS 0x000000070ee00000| PB 0x000000070ee00000| Untracked |  0
| 120|0x000000070f000000, 0x000000070f200000, 0x000000070f200000|100%| O|  |TAMS 0x000000070f000000| PB 0x000000070f000000| Untracked |  0
| 121|0x000000070f200000, 0x000000070f200000, 0x000000070f400000|  0%| F|  |TAMS 0x000000070f200000| PB 0x000000070f200000| Untracked |  0
| 122|0x000000070f400000, 0x000000070f600000, 0x000000070f600000|100%| O|  |TAMS 0x000000070f400000| PB 0x000000070f400000| Untracked |  0
| 123|0x000000070f600000, 0x000000070f800000, 0x000000070f800000|100%| O|  |TAMS 0x000000070f600000| PB 0x000000070f600000| Untracked |  0
| 124|0x000000070f800000, 0x000000070fa00000, 0x000000070fa00000|100%| O|  |TAMS 0x000000070f800000| PB 0x000000070f800000| Untracked |  0
| 125|0x000000070fa00000, 0x000000070fc00000, 0x000000070fc00000|100%| O|  |TAMS 0x000000070fa00000| PB 0x000000070fa00000| Untracked |  0
| 126|0x000000070fc00000, 0x000000070fe00000, 0x000000070fe00000|100%| O|  |TAMS 0x000000070fc00000| PB 0x000000070fc00000| Untracked |  0
| 127|0x000000070fe00000, 0x0000000710000000, 0x0000000710000000|100%| O|  |TAMS 0x000000070fe00000| PB 0x000000070fe00000| Untracked |  0
| 128|0x0000000710000000, 0x0000000710200000, 0x0000000710200000|100%| O|  |TAMS 0x0000000710000000| PB 0x0000000710000000| Untracked |  0
| 129|0x0000000710200000, 0x0000000710400000, 0x0000000710400000|100%| O|  |TAMS 0x0000000710200000| PB 0x0000000710200000| Untracked |  0
| 130|0x0000000710400000, 0x0000000710400000, 0x0000000710600000|  0%| F|  |TAMS 0x0000000710400000| PB 0x0000000710400000| Untracked |  0
| 131|0x0000000710600000, 0x0000000710600000, 0x0000000710800000|  0%| F|  |TAMS 0x0000000710600000| PB 0x0000000710600000| Untracked |  0
| 132|0x0000000710800000, 0x0000000710a00000, 0x0000000710a00000|100%| O|  |TAMS 0x0000000710800000| PB 0x0000000710800000| Untracked |  0
| 133|0x0000000710a00000, 0x0000000710c00000, 0x0000000710c00000|100%| O|  |TAMS 0x0000000710a00000| PB 0x0000000710a00000| Untracked |  0
| 134|0x0000000710c00000, 0x0000000710e00000, 0x0000000710e00000|100%| O|  |TAMS 0x0000000710c00000| PB 0x0000000710c00000| Untracked |  0
| 135|0x0000000710e00000, 0x0000000711000000, 0x0000000711000000|100%| O|  |TAMS 0x0000000710e00000| PB 0x0000000710e00000| Untracked |  0
| 136|0x0000000711000000, 0x0000000711200000, 0x0000000711200000|100%| O|  |TAMS 0x0000000711000000| PB 0x0000000711000000| Untracked |  0
| 137|0x0000000711200000, 0x0000000711400000, 0x0000000711400000|100%| O|  |TAMS 0x0000000711200000| PB 0x0000000711200000| Untracked |  0
| 138|0x0000000711400000, 0x0000000711400000, 0x0000000711600000|  0%| F|  |TAMS 0x0000000711400000| PB 0x0000000711400000| Untracked |  0
| 139|0x0000000711600000, 0x0000000711800000, 0x0000000711800000|100%| O|  |TAMS 0x0000000711600000| PB 0x0000000711600000| Untracked |  0
| 140|0x0000000711800000, 0x0000000711a00000, 0x0000000711a00000|100%| O|  |TAMS 0x0000000711800000| PB 0x0000000711800000| Untracked |  0
| 141|0x0000000711a00000, 0x0000000711c00000, 0x0000000711c00000|100%| O|  |TAMS 0x0000000711a00000| PB 0x0000000711a00000| Untracked |  0
| 142|0x0000000711c00000, 0x0000000711e00000, 0x0000000711e00000|100%| O|  |TAMS 0x0000000711c00000| PB 0x0000000711c00000| Untracked |  0
| 143|0x0000000711e00000, 0x0000000712000000, 0x0000000712000000|100%| O|  |TAMS 0x0000000711e00000| PB 0x0000000711e00000| Untracked |  0
| 144|0x0000000712000000, 0x0000000712200000, 0x0000000712200000|100%| O|  |TAMS 0x0000000712000000| PB 0x0000000712000000| Untracked |  0
| 145|0x0000000712200000, 0x0000000712400000, 0x0000000712400000|100%| O|  |TAMS 0x0000000712200000| PB 0x0000000712200000| Untracked |  0
| 146|0x0000000712400000, 0x0000000712600000, 0x0000000712600000|100%| O|  |TAMS 0x0000000712400000| PB 0x0000000712400000| Untracked |  0
| 147|0x0000000712600000, 0x0000000712800000, 0x0000000712800000|100%| O|  |TAMS 0x0000000712600000| PB 0x0000000712600000| Untracked |  0
| 148|0x0000000712800000, 0x0000000712a00000, 0x0000000712a00000|100%| O|  |TAMS 0x0000000712800000| PB 0x0000000712800000| Untracked |  0
| 149|0x0000000712a00000, 0x0000000712c00000, 0x0000000712c00000|100%| O|  |TAMS 0x0000000712a00000| PB 0x0000000712a00000| Untracked |  0
| 150|0x0000000712c00000, 0x0000000712e00000, 0x0000000712e00000|100%| O|  |TAMS 0x0000000712c00000| PB 0x0000000712c00000| Untracked |  0
| 151|0x0000000712e00000, 0x0000000713000000, 0x0000000713000000|100%| O|  |TAMS 0x0000000712e00000| PB 0x0000000712e00000| Untracked |  0
| 152|0x0000000713000000, 0x0000000713200000, 0x0000000713200000|100%| O|  |TAMS 0x0000000713000000| PB 0x0000000713000000| Untracked |  0
| 153|0x0000000713200000, 0x0000000713200000, 0x0000000713400000|  0%| F|  |TAMS 0x0000000713200000| PB 0x0000000713200000| Untracked |  0
| 154|0x0000000713400000, 0x0000000713600000, 0x0000000713600000|100%| O|  |TAMS 0x0000000713400000| PB 0x0000000713400000| Untracked |  0
| 155|0x0000000713600000, 0x0000000713800000, 0x0000000713800000|100%| O|  |TAMS 0x0000000713600000| PB 0x0000000713600000| Untracked |  0
| 156|0x0000000713800000, 0x0000000713a00000, 0x0000000713a00000|100%| O|  |TAMS 0x0000000713800000| PB 0x0000000713800000| Untracked |  0
| 157|0x0000000713a00000, 0x0000000713a00000, 0x0000000713c00000|  0%| F|  |TAMS 0x0000000713a00000| PB 0x0000000713a00000| Untracked |  0
| 158|0x0000000713c00000, 0x0000000713c00000, 0x0000000713e00000|  0%| F|  |TAMS 0x0000000713c00000| PB 0x0000000713c00000| Untracked |  0
| 159|0x0000000713e00000, 0x0000000714000000, 0x0000000714000000|100%|HS|  |TAMS 0x0000000713e00000| PB 0x0000000713e00000| Complete |  0
| 160|0x0000000714000000, 0x0000000714200000, 0x0000000714200000|100%|HC|  |TAMS 0x0000000714000000| PB 0x0000000714000000| Complete |  0
| 161|0x0000000714200000, 0x0000000714400000, 0x0000000714400000|100%|HC|  |TAMS 0x0000000714200000| PB 0x0000000714200000| Complete |  0
| 162|0x0000000714400000, 0x0000000714600000, 0x0000000714600000|100%|HC|  |TAMS 0x0000000714400000| PB 0x0000000714400000| Complete |  0
| 163|0x0000000714600000, 0x0000000714800000, 0x0000000714800000|100%| O|  |TAMS 0x0000000714600000| PB 0x0000000714600000| Untracked |  0
| 164|0x0000000714800000, 0x0000000714a00000, 0x0000000714a00000|100%| O|  |TAMS 0x0000000714800000| PB 0x0000000714800000| Untracked |  0
| 165|0x0000000714a00000, 0x0000000714c00000, 0x0000000714c00000|100%| O|  |TAMS 0x0000000714a00000| PB 0x0000000714a00000| Untracked |  0
| 166|0x0000000714c00000, 0x0000000714e00000, 0x0000000714e00000|100%| O|  |TAMS 0x0000000714c00000| PB 0x0000000714c00000| Untracked |  0
| 167|0x0000000714e00000, 0x0000000715000000, 0x0000000715000000|100%| O|  |TAMS 0x0000000714e00000| PB 0x0000000714e00000| Untracked |  0
| 168|0x0000000715000000, 0x0000000715200000, 0x0000000715200000|100%| O|  |TAMS 0x0000000715000000| PB 0x0000000715000000| Untracked |  0
| 169|0x0000000715200000, 0x0000000715400000, 0x0000000715400000|100%| O|  |TAMS 0x0000000715200000| PB 0x0000000715200000| Untracked |  0
| 170|0x0000000715400000, 0x0000000715600000, 0x0000000715600000|100%| O|  |TAMS 0x0000000715400000| PB 0x0000000715400000| Untracked |  0
| 171|0x0000000715600000, 0x0000000715800000, 0x0000000715800000|100%| O|  |TAMS 0x0000000715600000| PB 0x0000000715600000| Untracked |  0
| 172|0x0000000715800000, 0x0000000715a00000, 0x0000000715a00000|100%| O|  |TAMS 0x0000000715800000| PB 0x0000000715800000| Untracked |  0
| 173|0x0000000715a00000, 0x0000000715c00000, 0x0000000715c00000|100%| O|  |TAMS 0x0000000715a00000| PB 0x0000000715a00000| Untracked |  0
| 174|0x0000000715c00000, 0x0000000715e00000, 0x0000000715e00000|100%| O|  |TAMS 0x0000000715c00000| PB 0x0000000715c00000| Untracked |  0
| 175|0x0000000715e00000, 0x0000000716000000, 0x0000000716000000|100%| O|  |TAMS 0x0000000715e00000| PB 0x0000000715e00000| Untracked |  0
| 176|0x0000000716000000, 0x0000000716200000, 0x0000000716200000|100%| O|  |TAMS 0x0000000716000000| PB 0x0000000716000000| Untracked |  0
| 177|0x0000000716200000, 0x0000000716400000, 0x0000000716400000|100%| O|  |TAMS 0x0000000716200000| PB 0x0000000716200000| Untracked |  0
| 178|0x0000000716400000, 0x0000000716400000, 0x0000000716600000|  0%| F|  |TAMS 0x0000000716400000| PB 0x0000000716400000| Untracked |  0
| 179|0x0000000716600000, 0x0000000716800000, 0x0000000716800000|100%| O|  |TAMS 0x0000000716600000| PB 0x0000000716600000| Untracked |  0
| 180|0x0000000716800000, 0x0000000716a00000, 0x0000000716a00000|100%| O|  |TAMS 0x0000000716800000| PB 0x0000000716800000| Untracked |  0
| 181|0x0000000716a00000, 0x0000000716c00000, 0x0000000716c00000|100%| O|  |TAMS 0x0000000716a00000| PB 0x0000000716a00000| Untracked |  0
| 182|0x0000000716c00000, 0x0000000716c00000, 0x0000000716e00000|  0%| F|  |TAMS 0x0000000716c00000| PB 0x0000000716c00000| Untracked |  0
| 183|0x0000000716e00000, 0x0000000716e00000, 0x0000000717000000|  0%| F|  |TAMS 0x0000000716e00000| PB 0x0000000716e00000| Untracked |  0
| 184|0x0000000717000000, 0x0000000717200000, 0x0000000717200000|100%| O|  |TAMS 0x0000000717000000| PB 0x0000000717000000| Untracked |  0
| 185|0x0000000717200000, 0x0000000717400000, 0x0000000717400000|100%| O|  |TAMS 0x0000000717200000| PB 0x0000000717200000| Untracked |  0
| 186|0x0000000717400000, 0x0000000717600000, 0x0000000717600000|100%| O|  |TAMS 0x0000000717400000| PB 0x0000000717400000| Untracked |  0
| 187|0x0000000717600000, 0x0000000717800000, 0x0000000717800000|100%| O|  |TAMS 0x0000000717600000| PB 0x0000000717600000| Untracked |  0
| 188|0x0000000717800000, 0x0000000717a00000, 0x0000000717a00000|100%| O|  |TAMS 0x0000000717800000| PB 0x0000000717800000| Untracked |  0
| 189|0x0000000717a00000, 0x0000000717c00000, 0x0000000717c00000|100%| O|  |TAMS 0x0000000717a00000| PB 0x0000000717a00000| Untracked |  0
| 190|0x0000000717c00000, 0x0000000717e00000, 0x0000000717e00000|100%| O|  |TAMS 0x0000000717c00000| PB 0x0000000717c00000| Untracked |  0
| 191|0x0000000717e00000, 0x0000000718000000, 0x0000000718000000|100%| O|  |TAMS 0x0000000717e00000| PB 0x0000000717e00000| Untracked |  0
| 192|0x0000000718000000, 0x00000007181d6dc0, 0x0000000718200000| 91%| O|  |TAMS 0x0000000718000000| PB 0x0000000718000000| Untracked |  0
| 193|0x0000000718200000, 0x0000000718200000, 0x0000000718400000|  0%| F|  |TAMS 0x0000000718200000| PB 0x0000000718200000| Untracked |  0
| 194|0x0000000718400000, 0x0000000718400000, 0x0000000718600000|  0%| F|  |TAMS 0x0000000718400000| PB 0x0000000718400000| Untracked |  0
| 195|0x0000000718600000, 0x0000000718600000, 0x0000000718800000|  0%| F|  |TAMS 0x0000000718600000| PB 0x0000000718600000| Untracked |  0
| 196|0x0000000718800000, 0x0000000718800000, 0x0000000718a00000|  0%| F|  |TAMS 0x0000000718800000| PB 0x0000000718800000| Untracked |  0
| 197|0x0000000718a00000, 0x0000000718a00000, 0x0000000718c00000|  0%| F|  |TAMS 0x0000000718a00000| PB 0x0000000718a00000| Untracked |  0
| 198|0x0000000718c00000, 0x0000000718c00000, 0x0000000718e00000|  0%| F|  |TAMS 0x0000000718c00000| PB 0x0000000718c00000| Untracked |  0
| 199|0x0000000718e00000, 0x0000000718e00000, 0x0000000719000000|  0%| F|  |TAMS 0x0000000718e00000| PB 0x0000000718e00000| Untracked |  0
| 200|0x0000000719000000, 0x0000000719000000, 0x0000000719200000|  0%| F|  |TAMS 0x0000000719000000| PB 0x0000000719000000| Untracked |  0
| 201|0x0000000719200000, 0x0000000719200000, 0x0000000719400000|  0%| F|  |TAMS 0x0000000719200000| PB 0x0000000719200000| Untracked |  0
| 202|0x0000000719400000, 0x0000000719400000, 0x0000000719600000|  0%| F|  |TAMS 0x0000000719400000| PB 0x0000000719400000| Untracked |  0
| 203|0x0000000719600000, 0x0000000719600000, 0x0000000719800000|  0%| F|  |TAMS 0x0000000719600000| PB 0x0000000719600000| Untracked |  0
| 204|0x0000000719800000, 0x0000000719800000, 0x0000000719a00000|  0%| F|  |TAMS 0x0000000719800000| PB 0x0000000719800000| Untracked |  0
| 205|0x0000000719a00000, 0x0000000719a00000, 0x0000000719c00000|  0%| F|  |TAMS 0x0000000719a00000| PB 0x0000000719a00000| Untracked |  0
| 206|0x0000000719c00000, 0x0000000719c00000, 0x0000000719e00000|  0%| F|  |TAMS 0x0000000719c00000| PB 0x0000000719c00000| Untracked |  0
| 207|0x0000000719e00000, 0x0000000719e00000, 0x000000071a000000|  0%| F|  |TAMS 0x0000000719e00000| PB 0x0000000719e00000| Untracked |  0
| 208|0x000000071a000000, 0x000000071a000000, 0x000000071a200000|  0%| F|  |TAMS 0x000000071a000000| PB 0x000000071a000000| Untracked |  0
| 209|0x000000071a200000, 0x000000071a200000, 0x000000071a400000|  0%| F|  |TAMS 0x000000071a200000| PB 0x000000071a200000| Untracked |  0
| 210|0x000000071a400000, 0x000000071a400000, 0x000000071a600000|  0%| F|  |TAMS 0x000000071a400000| PB 0x000000071a400000| Untracked |  0
| 211|0x000000071a600000, 0x000000071a600000, 0x000000071a800000|  0%| F|  |TAMS 0x000000071a600000| PB 0x000000071a600000| Untracked |  0
| 212|0x000000071a800000, 0x000000071a800000, 0x000000071aa00000|  0%| F|  |TAMS 0x000000071a800000| PB 0x000000071a800000| Untracked |  0
| 213|0x000000071aa00000, 0x000000071aa00000, 0x000000071ac00000|  0%| F|  |TAMS 0x000000071aa00000| PB 0x000000071aa00000| Untracked |  0
| 214|0x000000071ac00000, 0x000000071ac00000, 0x000000071ae00000|  0%| F|  |TAMS 0x000000071ac00000| PB 0x000000071ac00000| Untracked |  0
| 215|0x000000071ae00000, 0x000000071aecad70, 0x000000071b000000| 39%| S|CS|TAMS 0x000000071ae00000| PB 0x000000071ae00000| Complete |  0
| 216|0x000000071b000000, 0x000000071b200000, 0x000000071b200000|100%| S|CS|TAMS 0x000000071b000000| PB 0x000000071b000000| Complete |  0
| 217|0x000000071b200000, 0x000000071b400000, 0x000000071b400000|100%| S|CS|TAMS 0x000000071b200000| PB 0x000000071b200000| Complete |  0
| 218|0x000000071b400000, 0x000000071b600000, 0x000000071b600000|100%| S|CS|TAMS 0x000000071b400000| PB 0x000000071b400000| Complete |  0
| 219|0x000000071b600000, 0x000000071b800000, 0x000000071b800000|100%| S|CS|TAMS 0x000000071b600000| PB 0x000000071b600000| Complete |  0
| 220|0x000000071b800000, 0x000000071ba00000, 0x000000071ba00000|100%| S|CS|TAMS 0x000000071b800000| PB 0x000000071b800000| Complete |  0
| 221|0x000000071ba00000, 0x000000071bc00000, 0x000000071bc00000|100%| S|CS|TAMS 0x000000071ba00000| PB 0x000000071ba00000| Complete |  0
| 222|0x000000071bc00000, 0x000000071be00000, 0x000000071be00000|100%| S|CS|TAMS 0x000000071bc00000| PB 0x000000071bc00000| Complete |  0
| 223|0x000000071be00000, 0x000000071c000000, 0x000000071c000000|100%| S|CS|TAMS 0x000000071be00000| PB 0x000000071be00000| Complete |  0
| 224|0x000000071c000000, 0x000000071c200000, 0x000000071c200000|100%| S|CS|TAMS 0x000000071c000000| PB 0x000000071c000000| Complete |  0
| 225|0x000000071c200000, 0x000000071c400000, 0x000000071c400000|100%| S|CS|TAMS 0x000000071c200000| PB 0x000000071c200000| Complete |  0
| 226|0x000000071c400000, 0x000000071c400000, 0x000000071c600000|  0%| F|  |TAMS 0x000000071c400000| PB 0x000000071c400000| Untracked |  0
| 227|0x000000071c600000, 0x000000071c600000, 0x000000071c800000|  0%| F|  |TAMS 0x000000071c600000| PB 0x000000071c600000| Untracked |  0
| 228|0x000000071c800000, 0x000000071c800000, 0x000000071ca00000|  0%| F|  |TAMS 0x000000071c800000| PB 0x000000071c800000| Untracked |  0
| 229|0x000000071ca00000, 0x000000071ca00000, 0x000000071cc00000|  0%| F|  |TAMS 0x000000071ca00000| PB 0x000000071ca00000| Untracked |  0
| 230|0x000000071cc00000, 0x000000071cc00000, 0x000000071ce00000|  0%| F|  |TAMS 0x000000071cc00000| PB 0x000000071cc00000| Untracked |  0
| 231|0x000000071ce00000, 0x000000071ce00000, 0x000000071d000000|  0%| F|  |TAMS 0x000000071ce00000| PB 0x000000071ce00000| Untracked |  0
| 232|0x000000071d000000, 0x000000071d000000, 0x000000071d200000|  0%| F|  |TAMS 0x000000071d000000| PB 0x000000071d000000| Untracked |  0
| 233|0x000000071d200000, 0x000000071d200000, 0x000000071d400000|  0%| F|  |TAMS 0x000000071d200000| PB 0x000000071d200000| Untracked |  0
| 234|0x000000071d400000, 0x000000071d400000, 0x000000071d600000|  0%| F|  |TAMS 0x000000071d400000| PB 0x000000071d400000| Untracked |  0
| 235|0x000000071d600000, 0x000000071d600000, 0x000000071d800000|  0%| F|  |TAMS 0x000000071d600000| PB 0x000000071d600000| Untracked |  0
| 236|0x000000071d800000, 0x000000071d800000, 0x000000071da00000|  0%| F|  |TAMS 0x000000071d800000| PB 0x000000071d800000| Untracked |  0
| 237|0x000000071da00000, 0x000000071da00000, 0x000000071dc00000|  0%| F|  |TAMS 0x000000071da00000| PB 0x000000071da00000| Untracked |  0
| 238|0x000000071dc00000, 0x000000071dc00000, 0x000000071de00000|  0%| F|  |TAMS 0x000000071dc00000| PB 0x000000071dc00000| Untracked |  0
| 239|0x000000071de00000, 0x000000071de00000, 0x000000071e000000|  0%| F|  |TAMS 0x000000071de00000| PB 0x000000071de00000| Untracked |  0
| 240|0x000000071e000000, 0x000000071e000000, 0x000000071e200000|  0%| F|  |TAMS 0x000000071e000000| PB 0x000000071e000000| Untracked |  0
| 241|0x000000071e200000, 0x000000071e200000, 0x000000071e400000|  0%| F|  |TAMS 0x000000071e200000| PB 0x000000071e200000| Untracked |  0
| 242|0x000000071e400000, 0x000000071e400000, 0x000000071e600000|  0%| F|  |TAMS 0x000000071e400000| PB 0x000000071e400000| Untracked |  0
| 243|0x000000071e600000, 0x000000071e600000, 0x000000071e800000|  0%| F|  |TAMS 0x000000071e600000| PB 0x000000071e600000| Untracked |  0
| 244|0x000000071e800000, 0x000000071e800000, 0x000000071ea00000|  0%| F|  |TAMS 0x000000071e800000| PB 0x000000071e800000| Untracked |  0
| 245|0x000000071ea00000, 0x000000071ea00000, 0x000000071ec00000|  0%| F|  |TAMS 0x000000071ea00000| PB 0x000000071ea00000| Untracked |  0
| 246|0x000000071ec00000, 0x000000071ec00000, 0x000000071ee00000|  0%| F|  |TAMS 0x000000071ec00000| PB 0x000000071ec00000| Untracked |  0
| 247|0x000000071ee00000, 0x000000071ee00000, 0x000000071f000000|  0%| F|  |TAMS 0x000000071ee00000| PB 0x000000071ee00000| Untracked |  0
| 248|0x000000071f000000, 0x000000071f200000, 0x000000071f200000|100%| S|CS|TAMS 0x000000071f000000| PB 0x000000071f000000| Complete |  0
| 249|0x000000071f200000, 0x000000071f400000, 0x000000071f400000|100%| S|CS|TAMS 0x000000071f200000| PB 0x000000071f200000| Complete |  0
| 250|0x000000071f400000, 0x000000071f600000, 0x000000071f600000|100%| S|CS|TAMS 0x000000071f400000| PB 0x000000071f400000| Complete |  0
| 251|0x000000071f600000, 0x000000071f800000, 0x000000071f800000|100%| S|CS|TAMS 0x000000071f600000| PB 0x000000071f600000| Complete |  0
| 252|0x000000071f800000, 0x000000071fa00000, 0x000000071fa00000|100%| S|CS|TAMS 0x000000071f800000| PB 0x000000071f800000| Complete |  0
| 253|0x000000071fa00000, 0x000000071fc00000, 0x000000071fc00000|100%| S|CS|TAMS 0x000000071fa00000| PB 0x000000071fa00000| Complete |  0
| 254|0x000000071fc00000, 0x000000071fe00000, 0x000000071fe00000|100%| S|CS|TAMS 0x000000071fc00000| PB 0x000000071fc00000| Complete |  0
| 255|0x000000071fe00000, 0x0000000720000000, 0x0000000720000000|100%| S|CS|TAMS 0x000000071fe00000| PB 0x000000071fe00000| Complete |  0
| 256|0x0000000720000000, 0x0000000720200000, 0x0000000720200000|100%| S|CS|TAMS 0x0000000720000000| PB 0x0000000720000000| Complete |  0
| 257|0x0000000720200000, 0x0000000720400000, 0x0000000720400000|100%| S|CS|TAMS 0x0000000720200000| PB 0x0000000720200000| Complete |  0
| 258|0x0000000720400000, 0x0000000720600000, 0x0000000720600000|100%| S|CS|TAMS 0x0000000720400000| PB 0x0000000720400000| Complete |  0
| 259|0x0000000720600000, 0x0000000720800000, 0x0000000720800000|100%| S|CS|TAMS 0x0000000720600000| PB 0x0000000720600000| Complete |  0
| 260|0x0000000720800000, 0x0000000720a00000, 0x0000000720a00000|100%| S|CS|TAMS 0x0000000720800000| PB 0x0000000720800000| Complete |  0
| 261|0x0000000720a00000, 0x0000000720c00000, 0x0000000720c00000|100%| S|CS|TAMS 0x0000000720a00000| PB 0x0000000720a00000| Complete |  0
| 262|0x0000000720c00000, 0x0000000720e00000, 0x0000000720e00000|100%| S|CS|TAMS 0x0000000720c00000| PB 0x0000000720c00000| Complete |  0
| 263|0x0000000720e00000, 0x0000000721000000, 0x0000000721000000|100%| S|CS|TAMS 0x0000000720e00000| PB 0x0000000720e00000| Complete |  0
| 264|0x0000000721000000, 0x0000000721200000, 0x0000000721200000|100%| S|CS|TAMS 0x0000000721000000| PB 0x0000000721000000| Complete |  0
| 265|0x0000000721200000, 0x0000000721400000, 0x0000000721400000|100%| S|CS|TAMS 0x0000000721200000| PB 0x0000000721200000| Complete |  0
| 266|0x0000000721400000, 0x0000000721600000, 0x0000000721600000|100%| S|CS|TAMS 0x0000000721400000| PB 0x0000000721400000| Complete |  0
| 267|0x0000000721600000, 0x0000000721600000, 0x0000000721800000|  0%| F|  |TAMS 0x0000000721600000| PB 0x0000000721600000| Untracked |  0
| 268|0x0000000721800000, 0x0000000721800000, 0x0000000721a00000|  0%| F|  |TAMS 0x0000000721800000| PB 0x0000000721800000| Untracked |  0
| 269|0x0000000721a00000, 0x0000000721a00000, 0x0000000721c00000|  0%| F|  |TAMS 0x0000000721a00000| PB 0x0000000721a00000| Untracked |  0
| 270|0x0000000721c00000, 0x0000000721c00000, 0x0000000721e00000|  0%| F|  |TAMS 0x0000000721c00000| PB 0x0000000721c00000| Untracked |  0
| 271|0x0000000721e00000, 0x0000000721e00000, 0x0000000722000000|  0%| F|  |TAMS 0x0000000721e00000| PB 0x0000000721e00000| Untracked |  0
| 272|0x0000000722000000, 0x0000000722000000, 0x0000000722200000|  0%| F|  |TAMS 0x0000000722000000| PB 0x0000000722000000| Untracked |  0
| 273|0x0000000722200000, 0x0000000722200000, 0x0000000722400000|  0%| F|  |TAMS 0x0000000722200000| PB 0x0000000722200000| Untracked |  0
| 274|0x0000000722400000, 0x0000000722400000, 0x0000000722600000|  0%| F|  |TAMS 0x0000000722400000| PB 0x0000000722400000| Untracked |  0
| 275|0x0000000722600000, 0x0000000722600000, 0x0000000722800000|  0%| F|  |TAMS 0x0000000722600000| PB 0x0000000722600000| Untracked |  0
| 276|0x0000000722800000, 0x0000000722800000, 0x0000000722a00000|  0%| F|  |TAMS 0x0000000722800000| PB 0x0000000722800000| Untracked |  0
| 277|0x0000000722a00000, 0x0000000722a00000, 0x0000000722c00000|  0%| F|  |TAMS 0x0000000722a00000| PB 0x0000000722a00000| Untracked |  0
| 278|0x0000000722c00000, 0x0000000722c00000, 0x0000000722e00000|  0%| F|  |TAMS 0x0000000722c00000| PB 0x0000000722c00000| Untracked |  0
| 279|0x0000000722e00000, 0x0000000722e00000, 0x0000000723000000|  0%| F|  |TAMS 0x0000000722e00000| PB 0x0000000722e00000| Untracked |  0
| 280|0x0000000723000000, 0x0000000723000000, 0x0000000723200000|  0%| F|  |TAMS 0x0000000723000000| PB 0x0000000723000000| Untracked |  0
| 281|0x0000000723200000, 0x0000000723200000, 0x0000000723400000|  0%| F|  |TAMS 0x0000000723200000| PB 0x0000000723200000| Untracked |  0
| 282|0x0000000723400000, 0x0000000723400000, 0x0000000723600000|  0%| F|  |TAMS 0x0000000723400000| PB 0x0000000723400000| Untracked |  0
| 283|0x0000000723600000, 0x0000000723600000, 0x0000000723800000|  0%| F|  |TAMS 0x0000000723600000| PB 0x0000000723600000| Untracked |  0
| 284|0x0000000723800000, 0x0000000723800000, 0x0000000723a00000|  0%| F|  |TAMS 0x0000000723800000| PB 0x0000000723800000| Untracked |  0
| 285|0x0000000723a00000, 0x0000000723a00000, 0x0000000723c00000|  0%| F|  |TAMS 0x0000000723a00000| PB 0x0000000723a00000| Untracked |  0
| 286|0x0000000723c00000, 0x0000000723c00000, 0x0000000723e00000|  0%| F|  |TAMS 0x0000000723c00000| PB 0x0000000723c00000| Untracked |  0
| 287|0x0000000723e00000, 0x0000000723e00000, 0x0000000724000000|  0%| F|  |TAMS 0x0000000723e00000| PB 0x0000000723e00000| Untracked |  0
| 288|0x0000000724000000, 0x0000000724000000, 0x0000000724200000|  0%| F|  |TAMS 0x0000000724000000| PB 0x0000000724000000| Untracked |  0
| 289|0x0000000724200000, 0x0000000724200000, 0x0000000724400000|  0%| F|  |TAMS 0x0000000724200000| PB 0x0000000724200000| Untracked |  0
| 290|0x0000000724400000, 0x0000000724400000, 0x0000000724600000|  0%| F|  |TAMS 0x0000000724400000| PB 0x0000000724400000| Untracked |  0
| 291|0x0000000724600000, 0x0000000724600000, 0x0000000724800000|  0%| F|  |TAMS 0x0000000724600000| PB 0x0000000724600000| Untracked |  0
| 292|0x0000000724800000, 0x0000000724800000, 0x0000000724a00000|  0%| F|  |TAMS 0x0000000724800000| PB 0x0000000724800000| Untracked |  0
| 293|0x0000000724a00000, 0x0000000724a00000, 0x0000000724c00000|  0%| F|  |TAMS 0x0000000724a00000| PB 0x0000000724a00000| Untracked |  0
| 294|0x0000000724c00000, 0x0000000724c00000, 0x0000000724e00000|  0%| F|  |TAMS 0x0000000724c00000| PB 0x0000000724c00000| Untracked |  0
| 295|0x0000000724e00000, 0x0000000724e00000, 0x0000000725000000|  0%| F|  |TAMS 0x0000000724e00000| PB 0x0000000724e00000| Untracked |  0
| 296|0x0000000725000000, 0x0000000725000000, 0x0000000725200000|  0%| F|  |TAMS 0x0000000725000000| PB 0x0000000725000000| Untracked |  0
| 297|0x0000000725200000, 0x0000000725200000, 0x0000000725400000|  0%| F|  |TAMS 0x0000000725200000| PB 0x0000000725200000| Untracked |  0
| 298|0x0000000725400000, 0x0000000725400000, 0x0000000725600000|  0%| F|  |TAMS 0x0000000725400000| PB 0x0000000725400000| Untracked |  0
| 299|0x0000000725600000, 0x0000000725600000, 0x0000000725800000|  0%| F|  |TAMS 0x0000000725600000| PB 0x0000000725600000| Untracked |  0
| 300|0x0000000725800000, 0x0000000725800000, 0x0000000725a00000|  0%| F|  |TAMS 0x0000000725800000| PB 0x0000000725800000| Untracked |  0
| 301|0x0000000725a00000, 0x0000000725a00000, 0x0000000725c00000|  0%| F|  |TAMS 0x0000000725a00000| PB 0x0000000725a00000| Untracked |  0
| 302|0x0000000725c00000, 0x0000000725c00000, 0x0000000725e00000|  0%| F|  |TAMS 0x0000000725c00000| PB 0x0000000725c00000| Untracked |  0
| 303|0x0000000725e00000, 0x0000000725e00000, 0x0000000726000000|  0%| F|  |TAMS 0x0000000725e00000| PB 0x0000000725e00000| Untracked |  0
| 304|0x0000000726000000, 0x0000000726000000, 0x0000000726200000|  0%| F|  |TAMS 0x0000000726000000| PB 0x0000000726000000| Untracked |  0
| 305|0x0000000726200000, 0x0000000726200000, 0x0000000726400000|  0%| F|  |TAMS 0x0000000726200000| PB 0x0000000726200000| Untracked |  0
| 306|0x0000000726400000, 0x0000000726400000, 0x0000000726600000|  0%| F|  |TAMS 0x0000000726400000| PB 0x0000000726400000| Untracked |  0
| 307|0x0000000726600000, 0x0000000726600000, 0x0000000726800000|  0%| F|  |TAMS 0x0000000726600000| PB 0x0000000726600000| Untracked |  0
| 308|0x0000000726800000, 0x0000000726800000, 0x0000000726a00000|  0%| F|  |TAMS 0x0000000726800000| PB 0x0000000726800000| Untracked |  0
| 309|0x0000000726a00000, 0x0000000726a00000, 0x0000000726c00000|  0%| F|  |TAMS 0x0000000726a00000| PB 0x0000000726a00000| Untracked |  0
| 310|0x0000000726c00000, 0x0000000726c00000, 0x0000000726e00000|  0%| F|  |TAMS 0x0000000726c00000| PB 0x0000000726c00000| Untracked |  0
| 311|0x0000000726e00000, 0x0000000726e00000, 0x0000000727000000|  0%| F|  |TAMS 0x0000000726e00000| PB 0x0000000726e00000| Untracked |  0
| 312|0x0000000727000000, 0x0000000727000000, 0x0000000727200000|  0%| F|  |TAMS 0x0000000727000000| PB 0x0000000727000000| Untracked |  0
| 313|0x0000000727200000, 0x0000000727200000, 0x0000000727400000|  0%| F|  |TAMS 0x0000000727200000| PB 0x0000000727200000| Untracked |  0
| 314|0x0000000727400000, 0x0000000727400000, 0x0000000727600000|  0%| F|  |TAMS 0x0000000727400000| PB 0x0000000727400000| Untracked |  0
| 315|0x0000000727600000, 0x0000000727600000, 0x0000000727800000|  0%| F|  |TAMS 0x0000000727600000| PB 0x0000000727600000| Untracked |  0
| 316|0x0000000727800000, 0x0000000727800000, 0x0000000727a00000|  0%| F|  |TAMS 0x0000000727800000| PB 0x0000000727800000| Untracked |  0
| 317|0x0000000727a00000, 0x0000000727a00000, 0x0000000727c00000|  0%| F|  |TAMS 0x0000000727a00000| PB 0x0000000727a00000| Untracked |  0
| 318|0x0000000727c00000, 0x0000000727c00000, 0x0000000727e00000|  0%| F|  |TAMS 0x0000000727c00000| PB 0x0000000727c00000| Untracked |  0
| 319|0x0000000727e00000, 0x0000000727e00000, 0x0000000728000000|  0%| F|  |TAMS 0x0000000727e00000| PB 0x0000000727e00000| Untracked |  0
| 320|0x0000000728000000, 0x0000000728000000, 0x0000000728200000|  0%| F|  |TAMS 0x0000000728000000| PB 0x0000000728000000| Untracked |  0
| 321|0x0000000728200000, 0x0000000728200000, 0x0000000728400000|  0%| F|  |TAMS 0x0000000728200000| PB 0x0000000728200000| Untracked |  0
| 322|0x0000000728400000, 0x0000000728400000, 0x0000000728600000|  0%| F|  |TAMS 0x0000000728400000| PB 0x0000000728400000| Untracked |  0
| 323|0x0000000728600000, 0x0000000728600000, 0x0000000728800000|  0%| F|  |TAMS 0x0000000728600000| PB 0x0000000728600000| Untracked |  0
| 324|0x0000000728800000, 0x0000000728800000, 0x0000000728a00000|  0%| F|  |TAMS 0x0000000728800000| PB 0x0000000728800000| Untracked |  0
| 325|0x0000000728a00000, 0x0000000728a00000, 0x0000000728c00000|  0%| F|  |TAMS 0x0000000728a00000| PB 0x0000000728a00000| Untracked |  0
| 326|0x0000000728c00000, 0x0000000728c00000, 0x0000000728e00000|  0%| F|  |TAMS 0x0000000728c00000| PB 0x0000000728c00000| Untracked |  0
| 327|0x0000000728e00000, 0x0000000728e00000, 0x0000000729000000|  0%| F|  |TAMS 0x0000000728e00000| PB 0x0000000728e00000| Untracked |  0
| 328|0x0000000729000000, 0x0000000729000000, 0x0000000729200000|  0%| F|  |TAMS 0x0000000729000000| PB 0x0000000729000000| Untracked |  0
| 329|0x0000000729200000, 0x0000000729200000, 0x0000000729400000|  0%| F|  |TAMS 0x0000000729200000| PB 0x0000000729200000| Untracked |  0
| 330|0x0000000729400000, 0x0000000729400000, 0x0000000729600000|  0%| F|  |TAMS 0x0000000729400000| PB 0x0000000729400000| Untracked |  0
| 331|0x0000000729600000, 0x0000000729600000, 0x0000000729800000|  0%| F|  |TAMS 0x0000000729600000| PB 0x0000000729600000| Untracked |  0
| 332|0x0000000729800000, 0x0000000729800000, 0x0000000729a00000|  0%| F|  |TAMS 0x0000000729800000| PB 0x0000000729800000| Untracked |  0
| 333|0x0000000729a00000, 0x0000000729a00000, 0x0000000729c00000|  0%| F|  |TAMS 0x0000000729a00000| PB 0x0000000729a00000| Untracked |  0
| 334|0x0000000729c00000, 0x0000000729c00000, 0x0000000729e00000|  0%| F|  |TAMS 0x0000000729c00000| PB 0x0000000729c00000| Untracked |  0
| 335|0x0000000729e00000, 0x0000000729e00000, 0x000000072a000000|  0%| F|  |TAMS 0x0000000729e00000| PB 0x0000000729e00000| Untracked |  0
| 336|0x000000072a000000, 0x000000072a000000, 0x000000072a200000|  0%| F|  |TAMS 0x000000072a000000| PB 0x000000072a000000| Untracked |  0
| 337|0x000000072a200000, 0x000000072a200000, 0x000000072a400000|  0%| F|  |TAMS 0x000000072a200000| PB 0x000000072a200000| Untracked |  0
| 338|0x000000072a400000, 0x000000072a400000, 0x000000072a600000|  0%| F|  |TAMS 0x000000072a400000| PB 0x000000072a400000| Untracked |  0
| 339|0x000000072a600000, 0x000000072a600000, 0x000000072a800000|  0%| F|  |TAMS 0x000000072a600000| PB 0x000000072a600000| Untracked |  0
| 340|0x000000072a800000, 0x000000072a800000, 0x000000072aa00000|  0%| F|  |TAMS 0x000000072a800000| PB 0x000000072a800000| Untracked |  0
| 341|0x000000072aa00000, 0x000000072aa00000, 0x000000072ac00000|  0%| F|  |TAMS 0x000000072aa00000| PB 0x000000072aa00000| Untracked |  0
| 342|0x000000072ac00000, 0x000000072ac00000, 0x000000072ae00000|  0%| F|  |TAMS 0x000000072ac00000| PB 0x000000072ac00000| Untracked |  0
| 343|0x000000072ae00000, 0x000000072ae00000, 0x000000072b000000|  0%| F|  |TAMS 0x000000072ae00000| PB 0x000000072ae00000| Untracked |  0
| 344|0x000000072b000000, 0x000000072b000000, 0x000000072b200000|  0%| F|  |TAMS 0x000000072b000000| PB 0x000000072b000000| Untracked |  0
| 345|0x000000072b200000, 0x000000072b200000, 0x000000072b400000|  0%| F|  |TAMS 0x000000072b200000| PB 0x000000072b200000| Untracked |  0
| 346|0x000000072b400000, 0x000000072b400000, 0x000000072b600000|  0%| F|  |TAMS 0x000000072b400000| PB 0x000000072b400000| Untracked |  0
| 347|0x000000072b600000, 0x000000072b600000, 0x000000072b800000|  0%| F|  |TAMS 0x000000072b600000| PB 0x000000072b600000| Untracked |  0
| 348|0x000000072b800000, 0x000000072b800000, 0x000000072ba00000|  0%| F|  |TAMS 0x000000072b800000| PB 0x000000072b800000| Untracked |  0
| 349|0x000000072ba00000, 0x000000072ba00000, 0x000000072bc00000|  0%| F|  |TAMS 0x000000072ba00000| PB 0x000000072ba00000| Untracked |  0
| 350|0x000000072bc00000, 0x000000072bc00000, 0x000000072be00000|  0%| F|  |TAMS 0x000000072bc00000| PB 0x000000072bc00000| Untracked |  0
| 351|0x000000072be00000, 0x000000072be00000, 0x000000072c000000|  0%| F|  |TAMS 0x000000072be00000| PB 0x000000072be00000| Untracked |  0
| 352|0x000000072c000000, 0x000000072c000000, 0x000000072c200000|  0%| F|  |TAMS 0x000000072c000000| PB 0x000000072c000000| Untracked |  0
| 353|0x000000072c200000, 0x000000072c200000, 0x000000072c400000|  0%| F|  |TAMS 0x000000072c200000| PB 0x000000072c200000| Untracked |  0
| 354|0x000000072c400000, 0x000000072c400000, 0x000000072c600000|  0%| F|  |TAMS 0x000000072c400000| PB 0x000000072c400000| Untracked |  0
| 355|0x000000072c600000, 0x000000072c600000, 0x000000072c800000|  0%| F|  |TAMS 0x000000072c600000| PB 0x000000072c600000| Untracked |  0
| 356|0x000000072c800000, 0x000000072c800000, 0x000000072ca00000|  0%| F|  |TAMS 0x000000072c800000| PB 0x000000072c800000| Untracked |  0
| 357|0x000000072ca00000, 0x000000072ca00000, 0x000000072cc00000|  0%| F|  |TAMS 0x000000072ca00000| PB 0x000000072ca00000| Untracked |  0
| 358|0x000000072cc00000, 0x000000072cc00000, 0x000000072ce00000|  0%| F|  |TAMS 0x000000072cc00000| PB 0x000000072cc00000| Untracked |  0
| 359|0x000000072ce00000, 0x000000072ce00000, 0x000000072d000000|  0%| F|  |TAMS 0x000000072ce00000| PB 0x000000072ce00000| Untracked |  0
| 360|0x000000072d000000, 0x000000072d000000, 0x000000072d200000|  0%| F|  |TAMS 0x000000072d000000| PB 0x000000072d000000| Untracked |  0
| 361|0x000000072d200000, 0x000000072d200000, 0x000000072d400000|  0%| F|  |TAMS 0x000000072d200000| PB 0x000000072d200000| Untracked |  0
| 362|0x000000072d400000, 0x000000072d400000, 0x000000072d600000|  0%| F|  |TAMS 0x000000072d400000| PB 0x000000072d400000| Untracked |  0
| 363|0x000000072d600000, 0x000000072d600000, 0x000000072d800000|  0%| F|  |TAMS 0x000000072d600000| PB 0x000000072d600000| Untracked |  0
| 364|0x000000072d800000, 0x000000072d800000, 0x000000072da00000|  0%| F|  |TAMS 0x000000072d800000| PB 0x000000072d800000| Untracked |  0
| 365|0x000000072da00000, 0x000000072da00000, 0x000000072dc00000|  0%| F|  |TAMS 0x000000072da00000| PB 0x000000072da00000| Untracked |  0
| 366|0x000000072dc00000, 0x000000072dc00000, 0x000000072de00000|  0%| F|  |TAMS 0x000000072dc00000| PB 0x000000072dc00000| Untracked |  0
| 367|0x000000072de00000, 0x000000072de00000, 0x000000072e000000|  0%| F|  |TAMS 0x000000072de00000| PB 0x000000072de00000| Untracked |  0
| 368|0x000000072e000000, 0x000000072e000000, 0x000000072e200000|  0%| F|  |TAMS 0x000000072e000000| PB 0x000000072e000000| Untracked |  0
| 369|0x000000072e200000, 0x000000072e200000, 0x000000072e400000|  0%| F|  |TAMS 0x000000072e200000| PB 0x000000072e200000| Untracked |  0
| 370|0x000000072e400000, 0x000000072e400000, 0x000000072e600000|  0%| F|  |TAMS 0x000000072e400000| PB 0x000000072e400000| Untracked |  0
| 371|0x000000072e600000, 0x000000072e600000, 0x000000072e800000|  0%| F|  |TAMS 0x000000072e600000| PB 0x000000072e600000| Untracked |  0
| 372|0x000000072e800000, 0x000000072e800000, 0x000000072ea00000|  0%| F|  |TAMS 0x000000072e800000| PB 0x000000072e800000| Untracked |  0
| 373|0x000000072ea00000, 0x000000072ea00000, 0x000000072ec00000|  0%| F|  |TAMS 0x000000072ea00000| PB 0x000000072ea00000| Untracked |  0
| 374|0x000000072ec00000, 0x000000072ec00000, 0x000000072ee00000|  0%| F|  |TAMS 0x000000072ec00000| PB 0x000000072ec00000| Untracked |  0
| 375|0x000000072ee00000, 0x000000072ee00000, 0x000000072f000000|  0%| F|  |TAMS 0x000000072ee00000| PB 0x000000072ee00000| Untracked |  0
| 376|0x000000072f000000, 0x000000072f000000, 0x000000072f200000|  0%| F|  |TAMS 0x000000072f000000| PB 0x000000072f000000| Untracked |  0
| 377|0x000000072f200000, 0x000000072f200000, 0x000000072f400000|  0%| F|  |TAMS 0x000000072f200000| PB 0x000000072f200000| Untracked |  0
| 378|0x000000072f400000, 0x000000072f400000, 0x000000072f600000|  0%| F|  |TAMS 0x000000072f400000| PB 0x000000072f400000| Untracked |  0
| 379|0x000000072f600000, 0x000000072f600000, 0x000000072f800000|  0%| F|  |TAMS 0x000000072f600000| PB 0x000000072f600000| Untracked |  0
| 380|0x000000072f800000, 0x000000072f800000, 0x000000072fa00000|  0%| F|  |TAMS 0x000000072f800000| PB 0x000000072f800000| Untracked |  0
| 381|0x000000072fa00000, 0x000000072fa00000, 0x000000072fc00000|  0%| F|  |TAMS 0x000000072fa00000| PB 0x000000072fa00000| Untracked |  0
| 382|0x000000072fc00000, 0x000000072fc00000, 0x000000072fe00000|  0%| F|  |TAMS 0x000000072fc00000| PB 0x000000072fc00000| Untracked |  0
| 383|0x000000072fe00000, 0x000000072fe00000, 0x0000000730000000|  0%| F|  |TAMS 0x000000072fe00000| PB 0x000000072fe00000| Untracked |  0
| 384|0x0000000730000000, 0x0000000730000000, 0x0000000730200000|  0%| F|  |TAMS 0x0000000730000000| PB 0x0000000730000000| Untracked |  0
| 385|0x0000000730200000, 0x0000000730200000, 0x0000000730400000|  0%| F|  |TAMS 0x0000000730200000| PB 0x0000000730200000| Untracked |  0
| 386|0x0000000730400000, 0x0000000730400000, 0x0000000730600000|  0%| F|  |TAMS 0x0000000730400000| PB 0x0000000730400000| Untracked |  0
| 387|0x0000000730600000, 0x0000000730600000, 0x0000000730800000|  0%| F|  |TAMS 0x0000000730600000| PB 0x0000000730600000| Untracked |  0
| 388|0x0000000730800000, 0x0000000730800000, 0x0000000730a00000|  0%| F|  |TAMS 0x0000000730800000| PB 0x0000000730800000| Untracked |  0
| 389|0x0000000730a00000, 0x0000000730a00000, 0x0000000730c00000|  0%| F|  |TAMS 0x0000000730a00000| PB 0x0000000730a00000| Untracked |  0
| 390|0x0000000730c00000, 0x0000000730c00000, 0x0000000730e00000|  0%| F|  |TAMS 0x0000000730c00000| PB 0x0000000730c00000| Untracked |  0
| 391|0x0000000730e00000, 0x0000000730e00000, 0x0000000731000000|  0%| F|  |TAMS 0x0000000730e00000| PB 0x0000000730e00000| Untracked |  0
| 392|0x0000000731000000, 0x0000000731000000, 0x0000000731200000|  0%| F|  |TAMS 0x0000000731000000| PB 0x0000000731000000| Untracked |  0
| 393|0x0000000731200000, 0x00000007313a2018, 0x0000000731400000| 81%| E|  |TAMS 0x0000000731200000| PB 0x0000000731200000| Complete |  0
| 394|0x0000000731400000, 0x0000000731600000, 0x0000000731600000|100%| E|CS|TAMS 0x0000000731400000| PB 0x0000000731400000| Complete |  0
| 395|0x0000000731600000, 0x0000000731800000, 0x0000000731800000|100%| E|CS|TAMS 0x0000000731600000| PB 0x0000000731600000| Complete |  0
| 396|0x0000000731800000, 0x0000000731a00000, 0x0000000731a00000|100%| E|CS|TAMS 0x0000000731800000| PB 0x0000000731800000| Complete |  0
| 397|0x0000000731a00000, 0x0000000731c00000, 0x0000000731c00000|100%| E|CS|TAMS 0x0000000731a00000| PB 0x0000000731a00000| Complete |  0
| 398|0x0000000731c00000, 0x0000000731e00000, 0x0000000731e00000|100%| E|CS|TAMS 0x0000000731c00000| PB 0x0000000731c00000| Complete |  0
| 399|0x0000000731e00000, 0x0000000732000000, 0x0000000732000000|100%| E|CS|TAMS 0x0000000731e00000| PB 0x0000000731e00000| Complete |  0
| 400|0x0000000732000000, 0x0000000732200000, 0x0000000732200000|100%| E|CS|TAMS 0x0000000732000000| PB 0x0000000732000000| Complete |  0
| 401|0x0000000732200000, 0x0000000732400000, 0x0000000732400000|100%| E|CS|TAMS 0x0000000732200000| PB 0x0000000732200000| Complete |  0
| 402|0x0000000732400000, 0x0000000732600000, 0x0000000732600000|100%| E|CS|TAMS 0x0000000732400000| PB 0x0000000732400000| Complete |  0
| 403|0x0000000732600000, 0x0000000732800000, 0x0000000732800000|100%| E|CS|TAMS 0x0000000732600000| PB 0x0000000732600000| Complete |  0
| 404|0x0000000732800000, 0x0000000732a00000, 0x0000000732a00000|100%| E|CS|TAMS 0x0000000732800000| PB 0x0000000732800000| Complete |  0
| 405|0x0000000732a00000, 0x0000000732c00000, 0x0000000732c00000|100%| E|CS|TAMS 0x0000000732a00000| PB 0x0000000732a00000| Complete |  0
| 406|0x0000000732c00000, 0x0000000732e00000, 0x0000000732e00000|100%| E|CS|TAMS 0x0000000732c00000| PB 0x0000000732c00000| Complete |  0
| 407|0x0000000732e00000, 0x0000000733000000, 0x0000000733000000|100%| E|CS|TAMS 0x0000000732e00000| PB 0x0000000732e00000| Complete |  0
| 408|0x0000000733000000, 0x0000000733200000, 0x0000000733200000|100%| E|CS|TAMS 0x0000000733000000| PB 0x0000000733000000| Complete |  0
| 409|0x0000000733200000, 0x0000000733400000, 0x0000000733400000|100%| E|CS|TAMS 0x0000000733200000| PB 0x0000000733200000| Complete |  0
| 410|0x0000000733400000, 0x0000000733600000, 0x0000000733600000|100%| E|CS|TAMS 0x0000000733400000| PB 0x0000000733400000| Complete |  0
| 411|0x0000000733600000, 0x0000000733800000, 0x0000000733800000|100%| E|CS|TAMS 0x0000000733600000| PB 0x0000000733600000| Complete |  0
| 412|0x0000000733800000, 0x0000000733a00000, 0x0000000733a00000|100%| E|CS|TAMS 0x0000000733800000| PB 0x0000000733800000| Complete |  0
| 413|0x0000000733a00000, 0x0000000733c00000, 0x0000000733c00000|100%| E|CS|TAMS 0x0000000733a00000| PB 0x0000000733a00000| Complete |  0
| 414|0x0000000733c00000, 0x0000000733e00000, 0x0000000733e00000|100%| E|CS|TAMS 0x0000000733c00000| PB 0x0000000733c00000| Complete |  0
| 415|0x0000000733e00000, 0x0000000734000000, 0x0000000734000000|100%| E|  |TAMS 0x0000000733e00000| PB 0x0000000733e00000| Complete |  0
| 416|0x0000000734000000, 0x0000000734200000, 0x0000000734200000|100%| E|CS|TAMS 0x0000000734000000| PB 0x0000000734000000| Complete |  0
| 417|0x0000000734200000, 0x0000000734400000, 0x0000000734400000|100%| E|CS|TAMS 0x0000000734200000| PB 0x0000000734200000| Complete |  0
| 418|0x0000000734400000, 0x0000000734600000, 0x0000000734600000|100%| E|CS|TAMS 0x0000000734400000| PB 0x0000000734400000| Complete |  0
| 419|0x0000000734600000, 0x0000000734800000, 0x0000000734800000|100%| E|CS|TAMS 0x0000000734600000| PB 0x0000000734600000| Complete |  0
| 420|0x0000000734800000, 0x0000000734a00000, 0x0000000734a00000|100%| E|CS|TAMS 0x0000000734800000| PB 0x0000000734800000| Complete |  0
| 421|0x0000000734a00000, 0x0000000734c00000, 0x0000000734c00000|100%| E|CS|TAMS 0x0000000734a00000| PB 0x0000000734a00000| Complete |  0
| 422|0x0000000734c00000, 0x0000000734e00000, 0x0000000734e00000|100%| E|CS|TAMS 0x0000000734c00000| PB 0x0000000734c00000| Complete |  0
| 423|0x0000000734e00000, 0x0000000735000000, 0x0000000735000000|100%| E|CS|TAMS 0x0000000734e00000| PB 0x0000000734e00000| Complete |  0
| 424|0x0000000735000000, 0x0000000735200000, 0x0000000735200000|100%| E|CS|TAMS 0x0000000735000000| PB 0x0000000735000000| Complete |  0
| 425|0x0000000735200000, 0x0000000735400000, 0x0000000735400000|100%| E|CS|TAMS 0x0000000735200000| PB 0x0000000735200000| Complete |  0
| 426|0x0000000735400000, 0x0000000735600000, 0x0000000735600000|100%| E|CS|TAMS 0x0000000735400000| PB 0x0000000735400000| Complete |  0
| 427|0x0000000735600000, 0x0000000735800000, 0x0000000735800000|100%| E|CS|TAMS 0x0000000735600000| PB 0x0000000735600000| Complete |  0
| 428|0x0000000735800000, 0x0000000735a00000, 0x0000000735a00000|100%| E|CS|TAMS 0x0000000735800000| PB 0x0000000735800000| Complete |  0
| 429|0x0000000735a00000, 0x0000000735c00000, 0x0000000735c00000|100%| E|CS|TAMS 0x0000000735a00000| PB 0x0000000735a00000| Complete |  0
| 430|0x0000000735c00000, 0x0000000735e00000, 0x0000000735e00000|100%| E|CS|TAMS 0x0000000735c00000| PB 0x0000000735c00000| Complete |  0
| 431|0x0000000735e00000, 0x0000000736000000, 0x0000000736000000|100%| E|CS|TAMS 0x0000000735e00000| PB 0x0000000735e00000| Complete |  0
| 432|0x0000000736000000, 0x0000000736200000, 0x0000000736200000|100%| E|CS|TAMS 0x0000000736000000| PB 0x0000000736000000| Complete |  0
| 433|0x0000000736200000, 0x0000000736400000, 0x0000000736400000|100%| E|CS|TAMS 0x0000000736200000| PB 0x0000000736200000| Complete |  0
| 434|0x0000000736400000, 0x0000000736600000, 0x0000000736600000|100%| E|CS|TAMS 0x0000000736400000| PB 0x0000000736400000| Complete |  0
| 435|0x0000000736600000, 0x0000000736800000, 0x0000000736800000|100%| E|CS|TAMS 0x0000000736600000| PB 0x0000000736600000| Complete |  0
| 436|0x0000000736800000, 0x0000000736a00000, 0x0000000736a00000|100%| E|CS|TAMS 0x0000000736800000| PB 0x0000000736800000| Complete |  0
| 437|0x0000000736a00000, 0x0000000736c00000, 0x0000000736c00000|100%| E|CS|TAMS 0x0000000736a00000| PB 0x0000000736a00000| Complete |  0
| 438|0x0000000736c00000, 0x0000000736e00000, 0x0000000736e00000|100%| E|CS|TAMS 0x0000000736c00000| PB 0x0000000736c00000| Complete |  0
| 439|0x0000000736e00000, 0x0000000737000000, 0x0000000737000000|100%| E|CS|TAMS 0x0000000736e00000| PB 0x0000000736e00000| Complete |  0
| 440|0x0000000737000000, 0x0000000737200000, 0x0000000737200000|100%| E|CS|TAMS 0x0000000737000000| PB 0x0000000737000000| Complete |  0
| 441|0x0000000737200000, 0x0000000737400000, 0x0000000737400000|100%| E|CS|TAMS 0x0000000737200000| PB 0x0000000737200000| Complete |  0
| 442|0x0000000737400000, 0x0000000737600000, 0x0000000737600000|100%| E|CS|TAMS 0x0000000737400000| PB 0x0000000737400000| Complete |  0
| 443|0x0000000737600000, 0x0000000737800000, 0x0000000737800000|100%| E|CS|TAMS 0x0000000737600000| PB 0x0000000737600000| Complete |  0
| 444|0x0000000737800000, 0x0000000737a00000, 0x0000000737a00000|100%| E|CS|TAMS 0x0000000737800000| PB 0x0000000737800000| Complete |  0
| 445|0x0000000737a00000, 0x0000000737c00000, 0x0000000737c00000|100%| E|CS|TAMS 0x0000000737a00000| PB 0x0000000737a00000| Complete |  0
| 446|0x0000000737c00000, 0x0000000737e00000, 0x0000000737e00000|100%| E|CS|TAMS 0x0000000737c00000| PB 0x0000000737c00000| Complete |  0
| 447|0x0000000737e00000, 0x0000000738000000, 0x0000000738000000|100%| E|CS|TAMS 0x0000000737e00000| PB 0x0000000737e00000| Complete |  0
| 448|0x0000000738000000, 0x0000000738200000, 0x0000000738200000|100%| E|CS|TAMS 0x0000000738000000| PB 0x0000000738000000| Complete |  0
| 449|0x0000000738200000, 0x0000000738400000, 0x0000000738400000|100%| E|CS|TAMS 0x0000000738200000| PB 0x0000000738200000| Complete |  0
| 450|0x0000000738400000, 0x0000000738600000, 0x0000000738600000|100%| E|CS|TAMS 0x0000000738400000| PB 0x0000000738400000| Complete |  0
| 451|0x0000000738600000, 0x0000000738800000, 0x0000000738800000|100%| E|CS|TAMS 0x0000000738600000| PB 0x0000000738600000| Complete |  0
| 452|0x0000000738800000, 0x0000000738a00000, 0x0000000738a00000|100%| E|CS|TAMS 0x0000000738800000| PB 0x0000000738800000| Complete |  0
| 453|0x0000000738a00000, 0x0000000738c00000, 0x0000000738c00000|100%| E|CS|TAMS 0x0000000738a00000| PB 0x0000000738a00000| Complete |  0
| 454|0x0000000738c00000, 0x0000000738e00000, 0x0000000738e00000|100%| E|CS|TAMS 0x0000000738c00000| PB 0x0000000738c00000| Complete |  0
| 455|0x0000000738e00000, 0x0000000739000000, 0x0000000739000000|100%| E|CS|TAMS 0x0000000738e00000| PB 0x0000000738e00000| Complete |  0
| 456|0x0000000739000000, 0x0000000739200000, 0x0000000739200000|100%| E|CS|TAMS 0x0000000739000000| PB 0x0000000739000000| Complete |  0
| 457|0x0000000739200000, 0x0000000739400000, 0x0000000739400000|100%| E|CS|TAMS 0x0000000739200000| PB 0x0000000739200000| Complete |  0
| 458|0x0000000739400000, 0x0000000739600000, 0x0000000739600000|100%| E|CS|TAMS 0x0000000739400000| PB 0x0000000739400000| Complete |  0
| 459|0x0000000739600000, 0x0000000739800000, 0x0000000739800000|100%| E|CS|TAMS 0x0000000739600000| PB 0x0000000739600000| Complete |  0
| 460|0x0000000739800000, 0x0000000739a00000, 0x0000000739a00000|100%| E|CS|TAMS 0x0000000739800000| PB 0x0000000739800000| Complete |  0
| 461|0x0000000739a00000, 0x0000000739c00000, 0x0000000739c00000|100%| E|CS|TAMS 0x0000000739a00000| PB 0x0000000739a00000| Complete |  0
| 462|0x0000000739c00000, 0x0000000739e00000, 0x0000000739e00000|100%| E|CS|TAMS 0x0000000739c00000| PB 0x0000000739c00000| Complete |  0
| 463|0x0000000739e00000, 0x000000073a000000, 0x000000073a000000|100%| E|CS|TAMS 0x0000000739e00000| PB 0x0000000739e00000| Complete |  0
| 464|0x000000073a000000, 0x000000073a200000, 0x000000073a200000|100%| E|CS|TAMS 0x000000073a000000| PB 0x000000073a000000| Complete |  0
| 465|0x000000073a200000, 0x000000073a400000, 0x000000073a400000|100%| E|CS|TAMS 0x000000073a200000| PB 0x000000073a200000| Complete |  0
| 466|0x000000073a400000, 0x000000073a600000, 0x000000073a600000|100%| E|CS|TAMS 0x000000073a400000| PB 0x000000073a400000| Complete |  0
| 467|0x000000073a600000, 0x000000073a800000, 0x000000073a800000|100%| E|CS|TAMS 0x000000073a600000| PB 0x000000073a600000| Complete |  0
| 468|0x000000073a800000, 0x000000073aa00000, 0x000000073aa00000|100%| E|CS|TAMS 0x000000073a800000| PB 0x000000073a800000| Complete |  0
| 469|0x000000073aa00000, 0x000000073ac00000, 0x000000073ac00000|100%| E|CS|TAMS 0x000000073aa00000| PB 0x000000073aa00000| Complete |  0
| 470|0x000000073ac00000, 0x000000073ae00000, 0x000000073ae00000|100%| E|CS|TAMS 0x000000073ac00000| PB 0x000000073ac00000| Complete |  0
| 471|0x000000073ae00000, 0x000000073b000000, 0x000000073b000000|100%| E|CS|TAMS 0x000000073ae00000| PB 0x000000073ae00000| Complete |  0
| 472|0x000000073b000000, 0x000000073b200000, 0x000000073b200000|100%| E|CS|TAMS 0x000000073b000000| PB 0x000000073b000000| Complete |  0
| 473|0x000000073b200000, 0x000000073b400000, 0x000000073b400000|100%| E|CS|TAMS 0x000000073b200000| PB 0x000000073b200000| Complete |  0
| 474|0x000000073b400000, 0x000000073b600000, 0x000000073b600000|100%| E|CS|TAMS 0x000000073b400000| PB 0x000000073b400000| Complete |  0
| 475|0x000000073b600000, 0x000000073b800000, 0x000000073b800000|100%| E|CS|TAMS 0x000000073b600000| PB 0x000000073b600000| Complete |  0
| 476|0x000000073b800000, 0x000000073ba00000, 0x000000073ba00000|100%| E|CS|TAMS 0x000000073b800000| PB 0x000000073b800000| Complete |  0
| 477|0x000000073ba00000, 0x000000073bc00000, 0x000000073bc00000|100%| E|CS|TAMS 0x000000073ba00000| PB 0x000000073ba00000| Complete |  0
| 478|0x000000073bc00000, 0x000000073be00000, 0x000000073be00000|100%| E|CS|TAMS 0x000000073bc00000| PB 0x000000073bc00000| Complete |  0
| 479|0x000000073be00000, 0x000000073c000000, 0x000000073c000000|100%| E|CS|TAMS 0x000000073be00000| PB 0x000000073be00000| Complete |  0
| 480|0x000000073c000000, 0x000000073c200000, 0x000000073c200000|100%| E|CS|TAMS 0x000000073c000000| PB 0x000000073c000000| Complete |  0
| 481|0x000000073c200000, 0x000000073c400000, 0x000000073c400000|100%| E|CS|TAMS 0x000000073c200000| PB 0x000000073c200000| Complete |  0
| 482|0x000000073c400000, 0x000000073c600000, 0x000000073c600000|100%| E|CS|TAMS 0x000000073c400000| PB 0x000000073c400000| Complete |  0
| 483|0x000000073c600000, 0x000000073c800000, 0x000000073c800000|100%| E|CS|TAMS 0x000000073c600000| PB 0x000000073c600000| Complete |  0
| 484|0x000000073c800000, 0x000000073ca00000, 0x000000073ca00000|100%| E|CS|TAMS 0x000000073c800000| PB 0x000000073c800000| Complete |  0
| 485|0x000000073ca00000, 0x000000073cc00000, 0x000000073cc00000|100%| E|CS|TAMS 0x000000073ca00000| PB 0x000000073ca00000| Complete |  0
| 486|0x000000073cc00000, 0x000000073ce00000, 0x000000073ce00000|100%| E|CS|TAMS 0x000000073cc00000| PB 0x000000073cc00000| Complete |  0
| 487|0x000000073ce00000, 0x000000073d000000, 0x000000073d000000|100%| E|CS|TAMS 0x000000073ce00000| PB 0x000000073ce00000| Complete |  0
| 488|0x000000073d000000, 0x000000073d200000, 0x000000073d200000|100%| E|CS|TAMS 0x000000073d000000| PB 0x000000073d000000| Complete |  0
| 489|0x000000073d200000, 0x000000073d400000, 0x000000073d400000|100%| E|CS|TAMS 0x000000073d200000| PB 0x000000073d200000| Complete |  0
| 490|0x000000073d400000, 0x000000073d600000, 0x000000073d600000|100%| E|CS|TAMS 0x000000073d400000| PB 0x000000073d400000| Complete |  0
| 491|0x000000073d600000, 0x000000073d800000, 0x000000073d800000|100%| E|CS|TAMS 0x000000073d600000| PB 0x000000073d600000| Complete |  0
| 492|0x000000073d800000, 0x000000073da00000, 0x000000073da00000|100%| E|CS|TAMS 0x000000073d800000| PB 0x000000073d800000| Complete |  0
| 493|0x000000073da00000, 0x000000073dc00000, 0x000000073dc00000|100%| E|CS|TAMS 0x000000073da00000| PB 0x000000073da00000| Complete |  0
| 494|0x000000073dc00000, 0x000000073de00000, 0x000000073de00000|100%| E|CS|TAMS 0x000000073dc00000| PB 0x000000073dc00000| Complete |  0
| 495|0x000000073de00000, 0x000000073e000000, 0x000000073e000000|100%| E|CS|TAMS 0x000000073de00000| PB 0x000000073de00000| Complete |  0
| 496|0x000000073e000000, 0x000000073e200000, 0x000000073e200000|100%| E|CS|TAMS 0x000000073e000000| PB 0x000000073e000000| Complete |  0
| 497|0x000000073e200000, 0x000000073e400000, 0x000000073e400000|100%| E|CS|TAMS 0x000000073e200000| PB 0x000000073e200000| Complete |  0
| 498|0x000000073e400000, 0x000000073e600000, 0x000000073e600000|100%| E|CS|TAMS 0x000000073e400000| PB 0x000000073e400000| Complete |  0
| 499|0x000000073e600000, 0x000000073e800000, 0x000000073e800000|100%| E|CS|TAMS 0x000000073e600000| PB 0x000000073e600000| Complete |  0
| 500|0x000000073e800000, 0x000000073ea00000, 0x000000073ea00000|100%| E|CS|TAMS 0x000000073e800000| PB 0x000000073e800000| Complete |  0
| 501|0x000000073ea00000, 0x000000073ec00000, 0x000000073ec00000|100%| E|CS|TAMS 0x000000073ea00000| PB 0x000000073ea00000| Complete |  0
| 502|0x000000073ec00000, 0x000000073ee00000, 0x000000073ee00000|100%| E|CS|TAMS 0x000000073ec00000| PB 0x000000073ec00000| Complete |  0
| 503|0x000000073ee00000, 0x000000073f000000, 0x000000073f000000|100%| E|CS|TAMS 0x000000073ee00000| PB 0x000000073ee00000| Complete |  0
| 504|0x000000073f000000, 0x000000073f200000, 0x000000073f200000|100%| E|CS|TAMS 0x000000073f000000| PB 0x000000073f000000| Complete |  0
| 505|0x000000073f200000, 0x000000073f400000, 0x000000073f400000|100%| E|CS|TAMS 0x000000073f200000| PB 0x000000073f200000| Complete |  0
| 506|0x000000073f400000, 0x000000073f600000, 0x000000073f600000|100%| E|CS|TAMS 0x000000073f400000| PB 0x000000073f400000| Complete |  0
| 507|0x000000073f600000, 0x000000073f800000, 0x000000073f800000|100%| E|CS|TAMS 0x000000073f600000| PB 0x000000073f600000| Complete |  0
| 508|0x000000073f800000, 0x000000073fa00000, 0x000000073fa00000|100%| E|CS|TAMS 0x000000073f800000| PB 0x000000073f800000| Complete |  0
| 509|0x000000073fa00000, 0x000000073fc00000, 0x000000073fc00000|100%| E|CS|TAMS 0x000000073fa00000| PB 0x000000073fa00000| Complete |  0
| 510|0x000000073fc00000, 0x000000073fe00000, 0x000000073fe00000|100%| E|CS|TAMS 0x000000073fc00000| PB 0x000000073fc00000| Complete |  0
|2043|0x00000007ff600000, 0x00000007ff800000, 0x00000007ff800000|100%| O|  |TAMS 0x00000007ff600000| PB 0x00000007ff600000| Untracked |  0
|2044|0x00000007ff800000, 0x00000007ffa00000, 0x00000007ffa00000|100%| E|CS|TAMS 0x00000007ff800000| PB 0x00000007ff800000| Complete |  0
|2045|0x00000007ffa00000, 0x00000007ffc00000, 0x00000007ffc00000|100%| E|CS|TAMS 0x00000007ffa00000| PB 0x00000007ffa00000| Complete |  0
|2046|0x00000007ffc00000, 0x00000007ffe00000, 0x00000007ffe00000|100%| E|CS|TAMS 0x00000007ffc00000| PB 0x00000007ffc00000| Complete |  0
|2047|0x00000007ffe00000, 0x0000000800000000, 0x0000000800000000|100%| O|  |TAMS 0x00000007ffe00000| PB 0x00000007ffe00000| Untracked |  0

Card table byte_map: [0x0000015da0eb0000,0x0000015da16b0000] _byte_map_base: 0x0000015d9d6b0000

Marking Bits: (CMBitMap*) 0x0000015d8ddd1fc0
 Bits: [0x0000015da16b0000, 0x0000015da56b0000)

Polling page: 0x0000015d8bb60000

Metaspace:
Metaspace        used 317662K, committed 320448K, reserved 1376256K
 class space     used 42498K, committed 43776K, reserved 1048576K

Usage:
  Non-class:    268.72 MB used.
      Class:     41.50 MB used.
       Both:    310.22 MB used.

Virtual space:
  Non-class space:      320.00 MB reserved,     270.19 MB ( 84%) committed,  5 nodes.
      Class space:        1.00 GB reserved,      42.75 MB (  4%) committed,  1 nodes.
             Both:        1.31 GB reserved,     312.94 MB ( 23%) committed. 

Chunk freelists:
   Non-Class:  1.77 MB
       Class:  5.25 MB
        Both:  7.02 MB

MaxMetaspaceSize: unlimited
CompressedClassSpaceSize: 1.00 GB
Initial GC threshold: 21.00 MB
Current GC threshold: 446.25 MB
CDS: off
 - commit_granule_bytes: 65536.
 - commit_granule_words: 8192.
 - virtual_space_node_default_size: 8388608.
 - enlarge_chunks_in_place: 1.
UseCompressedClassPointers 1, UseCompactObjectHeaders 0
Narrow klass pointer bits 32, Max shift 3
Narrow klass base: 0x0000000000000000, Narrow klass shift: 0
Encoding Range: [0x0000000000000000 - 0x0000000100000000), (4294967296 bytes)
Klass Range:    [0x0000000099000000 - 0x00000000d9000000), (1073741824 bytes)
Klass ID Range:  [2566914048 - 3640655865) (1073741817)
No protection zone.


Internal statistics:

num_allocs_failed_limit: 12.
num_arena_births: 5214.
num_arena_deaths: 38.
num_vsnodes_births: 6.
num_vsnodes_deaths: 0.
num_space_committed: 5093.
num_space_uncommitted: 50.
num_chunks_returned_to_freelist: 404.
num_chunks_taken_from_freelist: 17835.
num_chunk_merges: 114.
num_chunk_splits: 12981.
num_chunks_enlarged: 9835.
num_inconsistent_stats: 0.

CodeHeap 'non-profiled nmethods': size=120064Kb used=16831Kb max_used=17469Kb free=103232Kb
 bounds [0x0000015d98d30000, 0x0000015d99e60000, 0x0000015da0270000]
CodeHeap 'profiled nmethods': size=120064Kb used=65431Kb max_used=67804Kb free=54632Kb
 bounds [0x0000015d91250000, 0x0000015d95490000, 0x0000015d98790000]
CodeHeap 'non-nmethods': size=5760Kb used=2453Kb max_used=2612Kb free=3306Kb
 bounds [0x0000015d98790000, 0x0000015d98a30000, 0x0000015d98d30000]
CodeCache: size=245888Kb, used=84715Kb, max_used=87885Kb, free=161170Kb
 total_blobs=34735, nmethods=33449, adapters=1185, full_count=0
Compilation: enabled, stopped_count=0, restarted_count=0

Compilation events (20 events):
Event: 163.679 Thread 0x0000015da8121210 51517       3       com.android.tools.r8.internal.nm::b (43 bytes)
Event: 163.679 Thread 0x0000015da8121210 nmethod 51517 0x0000015d93228188 code [0x0000015d93228280, 0x0000015d932286a8]
Event: 163.732 Thread 0x0000015da8121210 51518       2       com.android.tools.r8.internal.xm2::a (7 bytes)
Event: 163.732 Thread 0x0000015da8121210 nmethod 51518 0x0000015d93227e88 code [0x0000015d93227f80, 0x0000015d932280a0]
Event: 163.732 Thread 0x0000015da8121210 51519       2       com.android.tools.r8.internal.tr3::b (144 bytes)
Event: 163.733 Thread 0x0000015da8121210 nmethod 51519 0x0000015d93227608 code [0x0000015d93227700, 0x0000015d93227e20]
Event: 163.733 Thread 0x0000015da8121210 51520       2       com.android.tools.r8.internal.z04::c (41 bytes)
Event: 163.734 Thread 0x0000015da8121210 nmethod 51520 0x0000015d93227188 code [0x0000015d93227280, 0x0000015d932275d0]
Event: 163.738 Thread 0x0000015da8121210 51521       2       com.android.tools.r8.internal.sx1$$Lambda/0x000000009b543cf8::test (12 bytes)
Event: 163.739 Thread 0x0000015da8121210 nmethod 51521 0x0000015d93226e88 code [0x0000015d93226f80, 0x0000015d93227130]
Event: 163.739 Thread 0x0000015da8121210 51522       2       com.android.tools.r8.internal.sx1::a (25 bytes)
Event: 163.739 Thread 0x0000015da8121210 nmethod 51522 0x0000015d93226b88 code [0x0000015d93226c80, 0x0000015d93226dc8]
Event: 163.754 Thread 0x0000015da8121210 51523       3       com.android.tools.r8.internal.al3::a (231 bytes)
Event: 163.755 Thread 0x0000015da8121210 nmethod 51523 0x0000015d93225908 code [0x0000015d93225a00, 0x0000015d93226b58]
Event: 163.758 Thread 0x0000015da8121210 51524       2       com.android.tools.r8.internal.fz0::a (117 bytes)
Event: 163.759 Thread 0x0000015da8121210 nmethod 51524 0x0000015d93225208 code [0x0000015d93225300, 0x0000015d932258b8]
Event: 163.762 Thread 0x0000015da8121210 51525       2       com.android.tools.r8.internal.of1::a (140 bytes)
Event: 163.762 Thread 0x0000015da8121210 nmethod 51525 0x0000015d93224c88 code [0x0000015d93224d80, 0x0000015d932251e8]
Event: 163.823 Thread 0x0000015da8121210 51526       1       com.android.tools.r8.internal.gn::v (2 bytes)
Event: 163.823 Thread 0x0000015da8121210 nmethod 51526 0x0000015d99929008 code [0x0000015d99929100, 0x0000015d999291c8]

GC Heap Usage History (20 events):
Event: 148.429 {heap Before GC invocations=90 (full 0):
 garbage-first heap   total reserved 4194304K, committed 643072K, used 443933K [0x0000000700000000, 0x0000000800000000)
  region size 2048K, 61 young (124928K), 17 survivors (34816K)
}
Event: 148.452 {heap After GC invocations=91 (full 0):
 garbage-first heap   total reserved 4194304K, committed 643072K, used 355585K [0x0000000700000000, 0x0000000800000000)
  region size 2048K, 5 young (10240K), 5 survivors (10240K)
}
Event: 149.007 {heap Before GC invocations=92 (full 0):
 garbage-first heap   total reserved 4194304K, committed 643072K, used 558337K [0x0000000700000000, 0x0000000800000000)
  region size 2048K, 103 young (210944K), 5 survivors (10240K)
}
Event: 149.023 {heap After GC invocations=93 (full 0):
 garbage-first heap   total reserved 4194304K, committed 643072K, used 375321K [0x0000000700000000, 0x0000000800000000)
  region size 2048K, 13 young (26624K), 13 survivors (26624K)
}
Event: 149.479 {heap Before GC invocations=93 (full 0):
 garbage-first heap   total reserved 4194304K, committed 643072K, used 567833K [0x0000000700000000, 0x0000000800000000)
  region size 2048K, 107 young (219136K), 13 survivors (26624K)
}
Event: 149.523 {heap After GC invocations=94 (full 0):
 garbage-first heap   total reserved 4194304K, committed 772096K, used 382122K [0x0000000700000000, 0x0000000800000000)
  region size 2048K, 14 young (28672K), 14 survivors (28672K)
}
Event: 149.676 {heap Before GC invocations=94 (full 0):
 garbage-first heap   total reserved 4194304K, committed 772096K, used 453802K [0x0000000700000000, 0x0000000800000000)
  region size 2048K, 50 young (102400K), 14 survivors (28672K)
}
Event: 149.706 {heap After GC invocations=95 (full 0):
 garbage-first heap   total reserved 4194304K, committed 772096K, used 393350K [0x0000000700000000, 0x0000000800000000)
  region size 2048K, 7 young (14336K), 7 survivors (14336K)
}
Event: 150.522 {heap Before GC invocations=96 (full 0):
 garbage-first heap   total reserved 4194304K, committed 772096K, used 614534K [0x0000000700000000, 0x0000000800000000)
  region size 2048K, 141 young (288768K), 7 survivors (14336K)
}
Event: 150.562 {heap After GC invocations=97 (full 0):
 garbage-first heap   total reserved 4194304K, committed 772096K, used 375384K [0x0000000700000000, 0x0000000800000000)
  region size 2048K, 18 young (36864K), 18 survivors (36864K)
}
Event: 151.777 {heap Before GC invocations=97 (full 0):
 garbage-first heap   total reserved 4194304K, committed 772096K, used 666200K [0x0000000700000000, 0x0000000800000000)
  region size 2048K, 158 young (323584K), 18 survivors (36864K)
}
Event: 151.825 {heap After GC invocations=98 (full 0):
 garbage-first heap   total reserved 4194304K, committed 772096K, used 340390K [0x0000000700000000, 0x0000000800000000)
  region size 2048K, 17 young (34816K), 17 survivors (34816K)
}
Event: 152.945 {heap Before GC invocations=98 (full 0):
 garbage-first heap   total reserved 4194304K, committed 772096K, used 659878K [0x0000000700000000, 0x0000000800000000)
  region size 2048K, 172 young (352256K), 17 survivors (34816K)
}
Event: 152.986 {heap After GC invocations=99 (full 0):
 garbage-first heap   total reserved 4194304K, committed 772096K, used 345828K [0x0000000700000000, 0x0000000800000000)
  region size 2048K, 18 young (36864K), 18 survivors (36864K)
}
Event: 153.096 {heap Before GC invocations=99 (full 0):
 garbage-first heap   total reserved 4194304K, committed 772096K, used 360164K [0x0000000700000000, 0x0000000800000000)
  region size 2048K, 26 young (53248K), 18 survivors (36864K)
}
Event: 153.117 {heap After GC invocations=100 (full 0):
 garbage-first heap   total reserved 4194304K, committed 1056768K, used 352149K [0x0000000700000000, 0x0000000800000000)
  region size 2048K, 3 young (6144K), 3 survivors (6144K)
}
Event: 157.003 {heap Before GC invocations=101 (full 0):
 garbage-first heap   total reserved 4194304K, committed 1056768K, used 913301K [0x0000000700000000, 0x0000000800000000)
  region size 2048K, 265 young (542720K), 3 survivors (6144K)
}
Event: 157.044 {heap After GC invocations=102 (full 0):
 garbage-first heap   total reserved 4194304K, committed 1056768K, used 399253K [0x0000000700000000, 0x0000000800000000)
  region size 2048K, 22 young (45056K), 22 survivors (45056K)
}
Event: 160.053 {heap Before GC invocations=102 (full 0):
 garbage-first heap   total reserved 4194304K, committed 1056768K, used 901013K [0x0000000700000000, 0x0000000800000000)
  region size 2048K, 268 young (548864K), 22 survivors (45056K)
}
Event: 160.165 {heap After GC invocations=103 (full 0):
 garbage-first heap   total reserved 4194304K, committed 1056768K, used 424582K [0x0000000700000000, 0x0000000800000000)
  region size 2048K, 30 young (61440K), 30 survivors (61440K)
}

Metaspace Usage History (20 events):
Event: 148.429 {metaspace Before GC invocations=90 (full 0):
 Metaspace       used 256918K, committed 259648K, reserved 1310720K
  class space    used 34194K, committed 35456K, reserved 1048576K
}
Event: 148.452 {metaspace After GC invocations=91 (full 0):
 Metaspace       used 256918K, committed 259648K, reserved 1310720K
  class space    used 34194K, committed 35456K, reserved 1048576K
}
Event: 149.007 {metaspace Before GC invocations=92 (full 0):
 Metaspace       used 259993K, committed 262784K, reserved 1310720K
  class space    used 34614K, committed 35904K, reserved 1048576K
}
Event: 149.023 {metaspace After GC invocations=93 (full 0):
 Metaspace       used 259993K, committed 262784K, reserved 1310720K
  class space    used 34614K, committed 35904K, reserved 1048576K
}
Event: 149.479 {metaspace Before GC invocations=93 (full 0):
 Metaspace       used 260524K, committed 263296K, reserved 1310720K
  class space    used 34665K, committed 35968K, reserved 1048576K
}
Event: 149.523 {metaspace After GC invocations=94 (full 0):
 Metaspace       used 260524K, committed 263296K, reserved 1310720K
  class space    used 34665K, committed 35968K, reserved 1048576K
}
Event: 149.676 {metaspace Before GC invocations=94 (full 0):
 Metaspace       used 260540K, committed 263296K, reserved 1310720K
  class space    used 34666K, committed 35968K, reserved 1048576K
}
Event: 149.706 {metaspace After GC invocations=95 (full 0):
 Metaspace       used 260540K, committed 263296K, reserved 1310720K
  class space    used 34666K, committed 35968K, reserved 1048576K
}
Event: 150.522 {metaspace Before GC invocations=96 (full 0):
 Metaspace       used 260947K, committed 263680K, reserved 1310720K
  class space    used 34729K, committed 36032K, reserved 1048576K
}
Event: 150.562 {metaspace After GC invocations=97 (full 0):
 Metaspace       used 260947K, committed 263680K, reserved 1310720K
  class space    used 34729K, committed 36032K, reserved 1048576K
}
Event: 151.777 {metaspace Before GC invocations=97 (full 0):
 Metaspace       used 263582K, committed 266304K, reserved 1310720K
  class space    used 35126K, committed 36416K, reserved 1048576K
}
Event: 151.825 {metaspace After GC invocations=98 (full 0):
 Metaspace       used 263582K, committed 266304K, reserved 1310720K
  class space    used 35126K, committed 36416K, reserved 1048576K
}
Event: 152.945 {metaspace Before GC invocations=98 (full 0):
 Metaspace       used 269729K, committed 272448K, reserved 1310720K
  class space    used 36061K, committed 37312K, reserved 1048576K
}
Event: 152.986 {metaspace After GC invocations=99 (full 0):
 Metaspace       used 269729K, committed 272448K, reserved 1310720K
  class space    used 36061K, committed 37312K, reserved 1048576K
}
Event: 153.096 {metaspace Before GC invocations=99 (full 0):
 Metaspace       used 270413K, committed 273152K, reserved 1310720K
  class space    used 36160K, committed 37440K, reserved 1048576K
}
Event: 153.117 {metaspace After GC invocations=100 (full 0):
 Metaspace       used 270413K, committed 273152K, reserved 1310720K
  class space    used 36160K, committed 37440K, reserved 1048576K
}
Event: 157.003 {metaspace Before GC invocations=101 (full 0):
 Metaspace       used 285050K, committed 287808K, reserved 1310720K
  class space    used 38165K, committed 39424K, reserved 1048576K
}
Event: 157.044 {metaspace After GC invocations=102 (full 0):
 Metaspace       used 285050K, committed 287808K, reserved 1310720K
  class space    used 38165K, committed 39424K, reserved 1048576K
}
Event: 160.053 {metaspace Before GC invocations=102 (full 0):
 Metaspace       used 300634K, committed 303424K, reserved 1376256K
  class space    used 39984K, committed 41280K, reserved 1048576K
}
Event: 160.165 {metaspace After GC invocations=103 (full 0):
 Metaspace       used 300634K, committed 303424K, reserved 1376256K
  class space    used 39984K, committed 41280K, reserved 1048576K
}

Dll operation events (4 events):
Event: 0.016 Loaded shared library C:\Program Files\Android\Android Studio\jbr\bin\java.dll
Event: 0.021 Loaded shared library C:\Program Files\Android\Android Studio\jbr\bin\zip.dll
Event: 0.857 Loaded shared library C:\Program Files\Android\Android Studio\jbr\bin\verify.dll
Event: 42.526 Unloaded dll "C:\Temp\sqlite-3.41.2.2-7fb719f0-929f-4976-a652-7c78f516b7ec-sqlitejdbc.dll" [0x00007ffcedd10000]

Deoptimization events (20 events):
Event: 163.538 Thread 0x0000015daf4ed120 DEOPT PACKING pc=0x0000015d9540523e sp=0x0000001ef5afce10
Event: 163.538 Thread 0x0000015daf4ed120 DEOPT UNPACKING pc=0x0000015d987e1702 sp=0x0000001ef5afc310 mode 0
Event: 163.695 Thread 0x0000015db09b92d0 Uncommon trap: trap_request=0xffffffc6 fr.pc=0x0000015d9936d638 relative=0x0000000000000238
Event: 163.695 Thread 0x0000015db09b92d0 Uncommon trap: reason=bimorphic_or_optimized_type_check action=maybe_recompile pc=0x0000015d9936d638 method=com.android.tools.r8.internal.jk.a(Lcom/android/tools/r8/internal/gu0;Lcom/android/tools/r8/internal/gu0;)Z @ 281 c2
Event: 163.695 Thread 0x0000015db09b92d0 DEOPT PACKING pc=0x0000015d9936d638 sp=0x0000001ef4af5f60
Event: 163.695 Thread 0x0000015db09b92d0 DEOPT UNPACKING pc=0x0000015d988a4682 sp=0x0000001ef4af5f00 mode 2
Event: 163.695 Thread 0x0000015db09b92d0 Uncommon trap: trap_request=0xffffffc6 fr.pc=0x0000015d9936d638 relative=0x0000000000000238
Event: 163.695 Thread 0x0000015db09b92d0 Uncommon trap: reason=bimorphic_or_optimized_type_check action=maybe_recompile pc=0x0000015d9936d638 method=com.android.tools.r8.internal.jk.a(Lcom/android/tools/r8/internal/gu0;Lcom/android/tools/r8/internal/gu0;)Z @ 281 c2
Event: 163.695 Thread 0x0000015db09b92d0 DEOPT PACKING pc=0x0000015d9936d638 sp=0x0000001ef4af5f60
Event: 163.695 Thread 0x0000015db09b92d0 DEOPT UNPACKING pc=0x0000015d988a4682 sp=0x0000001ef4af5f00 mode 2
Event: 163.695 Thread 0x0000015db09b92d0 Uncommon trap: trap_request=0xffffffc6 fr.pc=0x0000015d9936d638 relative=0x0000000000000238
Event: 163.695 Thread 0x0000015db09b92d0 Uncommon trap: reason=bimorphic_or_optimized_type_check action=maybe_recompile pc=0x0000015d9936d638 method=com.android.tools.r8.internal.jk.a(Lcom/android/tools/r8/internal/gu0;Lcom/android/tools/r8/internal/gu0;)Z @ 281 c2
Event: 163.695 Thread 0x0000015db09b92d0 DEOPT PACKING pc=0x0000015d9936d638 sp=0x0000001ef4af5fe0
Event: 163.695 Thread 0x0000015db09b92d0 DEOPT UNPACKING pc=0x0000015d988a4682 sp=0x0000001ef4af5f80 mode 2
Event: 163.695 Thread 0x0000015db09b92d0 Uncommon trap: trap_request=0xffffffc6 fr.pc=0x0000015d9936d638 relative=0x0000000000000238
Event: 163.695 Thread 0x0000015db09b92d0 Uncommon trap: reason=bimorphic_or_optimized_type_check action=maybe_recompile pc=0x0000015d9936d638 method=com.android.tools.r8.internal.jk.a(Lcom/android/tools/r8/internal/gu0;Lcom/android/tools/r8/internal/gu0;)Z @ 281 c2
Event: 163.695 Thread 0x0000015db09b92d0 DEOPT PACKING pc=0x0000015d9936d638 sp=0x0000001ef4af5fe0
Event: 163.695 Thread 0x0000015db09b92d0 DEOPT UNPACKING pc=0x0000015d988a4682 sp=0x0000001ef4af5f80 mode 2
Event: 163.740 Thread 0x0000015db09b92d0 DEOPT PACKING pc=0x0000015d938cee37 sp=0x0000001ef4af5300
Event: 163.740 Thread 0x0000015db09b92d0 DEOPT UNPACKING pc=0x0000015d987e1702 sp=0x0000001ef4af4a10 mode 0

Classes loaded (20 events):
Event: 154.129 Loading class com/sun/xml/internal/stream/events/CommentEvent
Event: 154.129 Loading class javax/xml/stream/events/Comment
Event: 154.129 Loading class javax/xml/stream/events/Comment done
Event: 154.129 Loading class com/sun/xml/internal/stream/events/CommentEvent done
Event: 154.688 Loading class java/lang/StringUTF16$CodePointsSpliterator
Event: 154.688 Loading class java/lang/StringUTF16$CodePointsSpliterator done
Event: 154.918 Loading class java/util/concurrent/ForkJoinTask$AdaptedCallable
Event: 154.918 Loading class java/util/concurrent/ForkJoinTask$AdaptedCallable done
Event: 155.159 Loading class com/sun/xml/internal/stream/util/ReadOnlyIterator
Event: 155.159 Loading class com/sun/xml/internal/stream/util/ReadOnlyIterator done
Event: 156.822 Loading class java/util/DualPivotQuicksort$SortOperation
Event: 156.822 Loading class java/util/DualPivotQuicksort$SortOperation done
Event: 156.876 Loading class java/nio/ByteBufferAsShortBufferL
Event: 156.876 Loading class java/nio/ByteBufferAsShortBufferL done
Event: 156.897 Loading class java/util/zip/Adler32
Event: 156.898 Loading class java/util/zip/Adler32 done
Event: 157.132 Loading class java/util/zip/ZipOutputStream$XEntry
Event: 157.133 Loading class java/util/zip/ZipOutputStream$XEntry done
Event: 157.763 Loading class java/nio/HeapShortBuffer
Event: 157.763 Loading class java/nio/HeapShortBuffer done

Classes unloaded (20 events):
Event: 149.922 Thread 0x0000015da808f460 Unloading class 0x000000009ad2d828 'androidx/compose/compiler/plugins/kotlin/k1/ComposableTargetChecker$infer$4'
Event: 149.922 Thread 0x0000015da808f460 Unloading class 0x000000009ad2d5e8 'androidx/compose/compiler/plugins/kotlin/inference/LazySchemeStorage'
Event: 149.922 Thread 0x0000015da808f460 Unloading class 0x000000009ad2d370 'androidx/compose/compiler/plugins/kotlin/k1/ComposableTargetChecker$infer$3'
Event: 149.922 Thread 0x0000015da808f460 Unloading class 0x000000009ad2d130 'androidx/compose/compiler/plugins/kotlin/inference/ErrorReporter'
Event: 149.922 Thread 0x0000015da808f460 Unloading class 0x000000009ad2cea8 'androidx/compose/compiler/plugins/kotlin/k1/ComposableTargetChecker$infer$2'
Event: 149.922 Thread 0x0000015da808f460 Unloading class 0x000000009ad2cc68 'androidx/compose/compiler/plugins/kotlin/inference/NodeAdapter'
Event: 149.922 Thread 0x0000015da808f460 Unloading class 0x000000009ad2c9f0 'androidx/compose/compiler/plugins/kotlin/k1/ComposableTargetChecker$infer$1'
Event: 149.922 Thread 0x0000015da808f460 Unloading class 0x000000009ad2c7b0 'androidx/compose/compiler/plugins/kotlin/inference/TypeAdapter'
Event: 149.922 Thread 0x0000015da808f460 Unloading class 0x000000009ad2c530 'androidx/compose/compiler/plugins/kotlin/k1/ComposableTargetChecker'
Event: 149.922 Thread 0x0000015da808f460 Unloading class 0x000000009ad2c2b8 'androidx/compose/compiler/plugins/kotlin/k1/ComposableDeclarationChecker'
Event: 149.922 Thread 0x0000015da808f460 Unloading class 0x000000009ad2c000 'androidx/compose/compiler/plugins/kotlin/k1/ComposableCallChecker'
Event: 149.922 Thread 0x0000015da808f460 Unloading class 0x000000009aa81490 'androidx/compose/compiler/plugins/kotlin/ComposeConfiguration'
Event: 149.922 Thread 0x0000015da808f460 Unloading class 0x000000009aa81248 'androidx/compose/compiler/plugins/kotlin/ComposePluginKt'
Event: 149.922 Thread 0x0000015da808f460 Unloading class 0x000000009aa81000 'androidx/compose/compiler/plugins/kotlin/FeatureFlag$Companion'
Event: 149.922 Thread 0x0000015da808f460 Unloading class 0x000000009aa809a0 'androidx/compose/compiler/plugins/kotlin/FeatureFlag'
Event: 149.922 Thread 0x0000015da808f460 Unloading class 0x000000009aa80758 'androidx/compose/compiler/plugins/kotlin/ComposeCommandLineProcessor$Companion'
Event: 149.922 Thread 0x0000015da808f460 Unloading class 0x000000009aa804a0 'androidx/compose/compiler/plugins/kotlin/ComposeCommandLineProcessor'
Event: 149.922 Thread 0x0000015da808f460 Unloading class 0x000000009aa80258 'androidx/compose/compiler/plugins/kotlin/ComposePluginRegistrar$Companion'
Event: 149.922 Thread 0x0000015da808f460 Unloading class 0x000000009aa80000 'androidx/compose/compiler/plugins/kotlin/ComposePluginRegistrar'
Event: 149.922 Thread 0x0000015da808f460 Unloading class 0x000000009a034000 'java/lang/invoke/LambdaForm$MH+0x000000009a034000'

Classes redefined (0 events):
No events

Internal exceptions (20 events):
Event: 161.073 Thread 0x0000015db09b92d0 Exception <a 'sun/nio/fs/WindowsException'{0x000000073c6c9c00}> (0x000000073c6c9c00) 
thrown [s\src\hotspot\share\prims\jni.cpp, line 535]
Event: 161.074 Thread 0x0000015db09b92d0 Exception <a 'sun/nio/fs/WindowsException'{0x000000073c6d8820}> (0x000000073c6d8820) 
thrown [s\src\hotspot\share\prims\jni.cpp, line 535]
Event: 161.076 Thread 0x0000015db09b92d0 Exception <a 'sun/nio/fs/WindowsException'{0x000000073c6ec1f0}> (0x000000073c6ec1f0) 
thrown [s\src\hotspot\share\prims\jni.cpp, line 535]
Event: 161.215 Thread 0x0000015db09b92d0 Implicit null exception at 0x0000015d998c922c to 0x0000015d998ca974
Event: 161.237 Thread 0x0000015daf4ed120 Implicit null exception at 0x0000015d9905b504 to 0x0000015d9905b91c
Event: 161.238 Thread 0x0000015daf4ed120 Implicit null exception at 0x0000015d99059cc7 to 0x0000015d9905a0fc
Event: 161.746 Thread 0x0000015db09b92d0 Exception <a 'sun/nio/fs/WindowsException'{0x000000073901a3c8}> (0x000000073901a3c8) 
thrown [s\src\hotspot\share\prims\jni.cpp, line 535]
Event: 161.748 Thread 0x0000015db09b92d0 Exception <a 'sun/nio/fs/WindowsException'{0x0000000739027120}> (0x0000000739027120) 
thrown [s\src\hotspot\share\prims\jni.cpp, line 535]
Event: 161.749 Thread 0x0000015db09b92d0 Exception <a 'sun/nio/fs/WindowsException'{0x0000000739035558}> (0x0000000739035558) 
thrown [s\src\hotspot\share\prims\jni.cpp, line 535]
Event: 161.750 Thread 0x0000015db09b92d0 Exception <a 'sun/nio/fs/WindowsException'{0x0000000739040b30}> (0x0000000739040b30) 
thrown [s\src\hotspot\share\prims\jni.cpp, line 535]
Event: 162.446 Thread 0x0000015db09b92d0 Exception <a 'sun/nio/fs/WindowsException'{0x0000000736012e50}> (0x0000000736012e50) 
thrown [s\src\hotspot\share\prims\jni.cpp, line 535]
Event: 162.451 Thread 0x0000015db09b92d0 Exception <a 'sun/nio/fs/WindowsException'{0x0000000736020118}> (0x0000000736020118) 
thrown [s\src\hotspot\share\prims\jni.cpp, line 535]
Event: 162.475 Thread 0x0000015daf3bd640 Exception <a 'sun/nio/fs/WindowsException'{0x0000000735e064d8}> (0x0000000735e064d8) 
thrown [s\src\hotspot\share\prims\jni.cpp, line 535]
Event: 162.515 Thread 0x0000015db09b92d0 Exception <a 'sun/nio/fs/WindowsException'{0x0000000735ffd350}> (0x0000000735ffd350) 
thrown [s\src\hotspot\share\prims\jni.cpp, line 535]
Event: 162.882 Thread 0x0000015db09b92d0 Exception <a 'sun/nio/fs/WindowsException'{0x000000073510b228}> (0x000000073510b228) 
thrown [s\src\hotspot\share\prims\jni.cpp, line 535]
Event: 162.886 Thread 0x0000015db09b92d0 Exception <a 'sun/nio/fs/WindowsException'{0x000000073511cec8}> (0x000000073511cec8) 
thrown [s\src\hotspot\share\prims\jni.cpp, line 535]
Event: 162.888 Thread 0x0000015db09b92d0 Exception <a 'sun/nio/fs/WindowsException'{0x0000000735131328}> (0x0000000735131328) 
thrown [s\src\hotspot\share\prims\jni.cpp, line 535]
Event: 162.892 Thread 0x0000015db09b92d0 Exception <a 'sun/nio/fs/WindowsException'{0x000000073513eb98}> (0x000000073513eb98) 
thrown [s\src\hotspot\share\prims\jni.cpp, line 535]
Event: 163.110 Thread 0x0000015db09b92d0 Exception <a 'sun/nio/fs/WindowsException'{0x000000073460e6b0}> (0x000000073460e6b0) 
thrown [s\src\hotspot\share\prims\jni.cpp, line 535]
Event: 163.122 Thread 0x0000015db09b92d0 Exception <a 'sun/nio/fs/WindowsException'{0x000000073461e110}> (0x000000073461e110) 
thrown [s\src\hotspot\share\prims\jni.cpp, line 535]

VM Operations (20 events):
Event: 159.722 Executing non-safepoint VM operation: HandshakeAllThreads (Deoptimize)
Event: 159.722 Executing non-safepoint VM operation: HandshakeAllThreads (Deoptimize) done
Event: 160.053 Executing safepoint VM operation: G1CollectForAllocation (G1 Evacuation Pause)
Event: 160.165 Executing safepoint VM operation: G1CollectForAllocation (G1 Evacuation Pause) done
Event: 161.054 Executing non-safepoint VM operation: HandshakeAllThreads (Deoptimize)
Event: 161.054 Executing non-safepoint VM operation: HandshakeAllThreads (Deoptimize) done
Event: 161.068 Executing non-safepoint VM operation: HandshakeAllThreads (Deoptimize)
Event: 161.068 Executing non-safepoint VM operation: HandshakeAllThreads (Deoptimize) done
Event: 161.830 Executing non-safepoint VM operation: HandshakeAllThreads (Deoptimize)
Event: 161.831 Executing non-safepoint VM operation: HandshakeAllThreads (Deoptimize) done
Event: 162.872 Executing non-safepoint VM operation: HandshakeAllThreads (Deoptimize)
Event: 162.873 Executing non-safepoint VM operation: HandshakeAllThreads (Deoptimize) done
Event: 163.120 Executing non-safepoint VM operation: HandshakeAllThreads (Deoptimize)
Event: 163.120 Executing non-safepoint VM operation: HandshakeAllThreads (Deoptimize) done
Event: 163.417 Executing non-safepoint VM operation: HandshakeAllThreads (Deoptimize)
Event: 163.418 Executing non-safepoint VM operation: HandshakeAllThreads (Deoptimize) done
Event: 163.430 Executing non-safepoint VM operation: HandshakeAllThreads (Deoptimize)
Event: 163.431 Executing non-safepoint VM operation: HandshakeAllThreads (Deoptimize) done
Event: 163.529 Executing non-safepoint VM operation: HandshakeAllThreads (Deoptimize)
Event: 163.530 Executing non-safepoint VM operation: HandshakeAllThreads (Deoptimize) done

Memory protections (0 events):
No events

Nmethod flushes (20 events):
Event: 153.595 Thread 0x0000015da808f460 flushing  nmethod 0x0000015d930f1c88
Event: 153.595 Thread 0x0000015da808f460 flushing  nmethod 0x0000015d93486488
Event: 153.595 Thread 0x0000015da808f460 flushing  nmethod 0x0000015d936f8508
Event: 153.595 Thread 0x0000015da808f460 flushing  nmethod 0x0000015d948a2988
Event: 153.595 Thread 0x0000015da808f460 flushing  nmethod 0x0000015d94af2e08
Event: 153.595 Thread 0x0000015da808f460 flushing  nmethod 0x0000015d9541f508
Event: 153.595 Thread 0x0000015da808f460 flushing  nmethod 0x0000015d9541fb08
Event: 153.595 Thread 0x0000015da808f460 flushing  nmethod 0x0000015d95420108
Event: 153.595 Thread 0x0000015da808f460 flushing  nmethod 0x0000015d95420408
Event: 153.595 Thread 0x0000015da808f460 flushing  nmethod 0x0000015d95420788
Event: 153.595 Thread 0x0000015da808f460 flushing  nmethod 0x0000015d95421088
Event: 153.595 Thread 0x0000015da808f460 flushing  nmethod 0x0000015d95466708
Event: 153.595 Thread 0x0000015da808f460 flushing  nmethod 0x0000015d95466a08
Event: 153.595 Thread 0x0000015da808f460 flushing  nmethod 0x0000015d95466d08
Event: 153.595 Thread 0x0000015da808f460 flushing  nmethod 0x0000015d95467108
Event: 153.595 Thread 0x0000015da808f460 flushing  nmethod 0x0000015d95467f08
Event: 153.595 Thread 0x0000015da808f460 flushing  nmethod 0x0000015d95469608
Event: 153.595 Thread 0x0000015da808f460 flushing  nmethod 0x0000015d95469d08
Event: 153.595 Thread 0x0000015da808f460 flushing  nmethod 0x0000015d9546ab08
Event: 153.595 Thread 0x0000015da808f460 flushing  nmethod 0x0000015d9547fe08

Events (20 events):
Event: 157.239 Thread 0x0000015dc4ee7c50 Thread exited: 0x0000015dc4ee7c50
Event: 157.443 Thread 0x0000015dc5d72100 Thread added: 0x0000015dc5d5fff0
Event: 157.623 Thread 0x0000015dada98880 Thread added: 0x0000015dc5d607c0
Event: 157.623 Thread 0x0000015dada98880 Thread added: 0x0000015dc5d5e0b0
Event: 157.624 Thread 0x0000015dada98880 Thread added: 0x0000015dc5d5e880
Event: 157.625 Thread 0x0000015dc5d5e0b0 Thread added: 0x0000015dc5d5f050
Event: 157.626 Thread 0x0000015dc5d607c0 Thread added: 0x0000015dc5d63e70
Event: 157.627 Thread 0x0000015dc5d5f050 Thread added: 0x0000015daf4ef060
Event: 157.629 Thread 0x0000015dc5d63e70 Thread added: 0x0000015daf4ec180
Event: 157.635 Thread 0x0000015dc5d5e880 Thread added: 0x0000015daf4ed8f0
Event: 158.235 Thread 0x0000015daf4ed8f0 Thread exited: 0x0000015daf4ed8f0
Event: 158.235 Thread 0x0000015daf4ef060 Thread exited: 0x0000015daf4ef060
Event: 158.235 Thread 0x0000015dc5d63e70 Thread exited: 0x0000015dc5d63e70
Event: 158.235 Thread 0x0000015dc5d607c0 Thread exited: 0x0000015dc5d607c0
Event: 158.235 Thread 0x0000015dc5d5e880 Thread exited: 0x0000015dc5d5e880
Event: 158.235 Thread 0x0000015dc5d5e0b0 Thread exited: 0x0000015dc5d5e0b0
Event: 158.236 Thread 0x0000015daf4ec180 Thread exited: 0x0000015daf4ec180
Event: 158.236 Thread 0x0000015dc5d5f050 Thread exited: 0x0000015dc5d5f050
Event: 159.102 Thread 0x0000015dc5d72100 Thread added: 0x0000015daf4ed120
Event: 159.454 Thread 0x0000015dc5d73870 Thread exited: 0x0000015dc5d73870


Dynamic libraries:
0x00007ff652a80000 - 0x00007ff652a8a000 	C:\Program Files\Android\Android Studio\jbr\bin\java.exe
0x00007ffd26440000 - 0x00007ffd266a7000 	C:\Windows\SYSTEM32\ntdll.dll
0x00007ffd25230000 - 0x00007ffd252fa000 	C:\Windows\System32\KERNEL32.DLL
0x00007ffd23840000 - 0x00007ffd23c42000 	C:\Windows\System32\KERNELBASE.dll
0x00007ffd23e80000 - 0x00007ffd23fcc000 	C:\Windows\System32\ucrtbase.dll
0x00007ffcac2f0000 - 0x00007ffcac30b000 	C:\Program Files\Android\Android Studio\jbr\bin\VCRUNTIME140.dll
0x00007ffd1d7b0000 - 0x00007ffd1d7c6000 	C:\Program Files\Android\Android Studio\jbr\bin\jli.dll
0x00007ffd24400000 - 0x00007ffd245cf000 	C:\Windows\System32\USER32.dll
0x00007ffd23e50000 - 0x00007ffd23e77000 	C:\Windows\System32\win32u.dll
0x00007ffd25650000 - 0x00007ffd2567b000 	C:\Windows\System32\GDI32.dll
0x00007ffd00df0000 - 0x00007ffd01080000 	C:\Windows\WinSxS\amd64_microsoft.windows.common-controls_6595b64144ccf1df_6.0.26100.9278_none_3e0d1ba8e3303201\COMCTL32.dll
0x00007ffd23650000 - 0x00007ffd23779000 	C:\Windows\System32\gdi32full.dll
0x00007ffd23d10000 - 0x00007ffd23db3000 	C:\Windows\System32\msvcp_win.dll
0x00007ffd25680000 - 0x00007ffd25729000 	C:\Windows\System32\msvcrt.dll
0x00007ffd263c0000 - 0x00007ffd263f1000 	C:\Windows\System32\IMM32.DLL
0x00007ffcf8990000 - 0x00007ffcf899c000 	C:\Program Files\Android\Android Studio\jbr\bin\vcruntime140_1.dll
0x00007ffca94b0000 - 0x00007ffca953d000 	C:\Program Files\Android\Android Studio\jbr\bin\msvcp140.dll
0x00007ffcac310000 - 0x00007ffcad1ed000 	C:\Program Files\Android\Android Studio\jbr\bin\server\jvm.dll
0x00007ffd24b50000 - 0x00007ffd24c0c000 	C:\Windows\System32\ADVAPI32.dll
0x00007ffd255a0000 - 0x00007ffd25649000 	C:\Windows\System32\sechost.dll
0x00007ffd25380000 - 0x00007ffd25498000 	C:\Windows\System32\RPCRT4.dll
0x00007ffd24170000 - 0x00007ffd241f0000 	C:\Windows\System32\WS2_32.dll
0x00007ffd23400000 - 0x00007ffd2345e000 	C:\Windows\SYSTEM32\POWRPROF.dll
0x00007ffd0f350000 - 0x00007ffd0f386000 	C:\Windows\SYSTEM32\WINMM.dll
0x00007ffd1c460000 - 0x00007ffd1c46b000 	C:\Windows\SYSTEM32\VERSION.dll
0x00007ffd232d0000 - 0x00007ffd232e5000 	C:\Windows\SYSTEM32\UMPDC.dll
0x00007ffd22320000 - 0x00007ffd2233b000 	C:\Windows\SYSTEM32\kernel.appcore.dll
0x00007ffcc0d30000 - 0x00007ffcc0d3a000 	C:\Program Files\Android\Android Studio\jbr\bin\jimage.dll
0x00007ffd0f390000 - 0x00007ffd0f5d2000 	C:\Windows\SYSTEM32\DBGHELP.DLL
0x00007ffd24db0000 - 0x00007ffd25134000 	C:\Windows\System32\combase.dll
0x00007ffd25150000 - 0x00007ffd25229000 	C:\Windows\System32\OLEAUT32.dll
0x00007ffd0dfc0000 - 0x00007ffd0dffb000 	C:\Windows\SYSTEM32\dbgcore.DLL
0x00007ffd23c50000 - 0x00007ffd23cfc000 	C:\Windows\System32\bcryptPrimitives.dll
0x00007ffd203f0000 - 0x00007ffd203fe000 	C:\Program Files\Android\Android Studio\jbr\bin\instrument.dll
0x00007ffcac2d0000 - 0x00007ffcac2ee000 	C:\Program Files\Android\Android Studio\jbr\bin\java.dll
0x00007ffd25730000 - 0x00007ffd258c9000 	C:\Windows\System32\ole32.dll
0x00007ffd25bd0000 - 0x00007ffd26368000 	C:\Windows\System32\SHELL32.dll
0x00007ffcac2b0000 - 0x00007ffcac2c6000 	C:\Program Files\Android\Android Studio\jbr\bin\zip.dll
0x00007ffd210f0000 - 0x00007ffd2199e000 	C:\Windows\SYSTEM32\windows.storage.dll
0x00007ffd24c20000 - 0x00007ffd24d1b000 	C:\Windows\System32\SHCORE.dll
0x00007ffd25980000 - 0x00007ffd259e6000 	C:\Windows\System32\shlwapi.dll
0x00007ffd23570000 - 0x00007ffd23599000 	C:\Windows\SYSTEM32\profapi.dll
0x00007ffd005b0000 - 0x00007ffd005c0000 	C:\Program Files\Android\Android Studio\jbr\bin\net.dll
0x00007ffd228e0000 - 0x00007ffd2294c000 	C:\Windows\system32\mswsock.dll
0x00007ffd00350000 - 0x00007ffd00366000 	C:\Program Files\Android\Android Studio\jbr\bin\nio.dll
0x00007ffca6580000 - 0x00007ffca6590000 	C:\Program Files\Android\Android Studio\jbr\bin\verify.dll
0x00007ffd1d730000 - 0x00007ffd1d757000 	C:\Users\Maxim\.gradle\native\660c5614fbf4a5f2a75b1949f50a0caf5cd603558e7d8a26e50b933a0cfb79d1\windows-amd64\native-platform.dll
0x00007ffd00630000 - 0x00007ffd006a7000 	C:\Users\Maxim\.gradle\native\0.2.8\x86_64-windows-gnu\gradle-fileevents.dll
0x00007ffca7870000 - 0x00007ffca7879000 	C:\Program Files\Android\Android Studio\jbr\bin\management.dll
0x00007ffca7860000 - 0x00007ffca786b000 	C:\Program Files\Android\Android Studio\jbr\bin\management_ext.dll
0x00007ffd25140000 - 0x00007ffd25148000 	C:\Windows\System32\PSAPI.DLL
0x00007ffd21cf0000 - 0x00007ffd21d23000 	C:\Windows\SYSTEM32\IPHLPAPI.DLL
0x00007ffd24290000 - 0x00007ffd2429a000 	C:\Windows\System32\NSI.dll
0x00007ffca78d0000 - 0x00007ffca78d9000 	C:\Program Files\Android\Android Studio\jbr\bin\extnet.dll
0x00007ffd22bd0000 - 0x00007ffd22beb000 	C:\Windows\SYSTEM32\CRYPTSP.dll
0x00007ffd22280000 - 0x00007ffd222b9000 	C:\Windows\system32\rsaenh.dll
0x00007ffd22990000 - 0x00007ffd229c4000 	C:\Windows\SYSTEM32\USERENV.dll
0x00007ffd23540000 - 0x00007ffd2356a000 	C:\Windows\SYSTEM32\bcrypt.dll
0x00007ffd22bf0000 - 0x00007ffd22bfc000 	C:\Windows\SYSTEM32\CRYPTBASE.dll
0x00007ffca78e0000 - 0x00007ffca78e8000 	C:\Windows\system32\wshunix.dll
0x00007ffca9590000 - 0x00007ffca971a000 	C:\Program Files\Android\Android Studio\jbr\bin\awt.dll
0x00007ffd20c20000 - 0x00007ffd20c4f000 	C:\Windows\SYSTEM32\dwmapi.dll
0x00007ffd00b40000 - 0x00007ffd00bb5000 	C:\Windows\SYSTEM32\OLEACC.dll
0x00007ffca9540000 - 0x00007ffca9583000 	C:\Program Files\Android\Android Studio\jbr\bin\nvdaControllerClient.dll
0x00007ffd20530000 - 0x00007ffd205cf000 	C:\Windows\SYSTEM32\apphelp.dll
0x00007ffd20790000 - 0x00007ffd20837000 	C:\Windows\system32\uxtheme.dll
0x00007ffd242a0000 - 0x00007ffd243fb000 	C:\Windows\System32\MSCTF.dll
0x00007ffd22450000 - 0x00007ffd22486000 	C:\Windows\SYSTEM32\ntmarta.dll
0x00007ffcf35f0000 - 0x00007ffcf36d9000 	C:\Temp\sqlite-3.41.2.2-087c7b07-89d6-48cc-918d-79f1d366d452-sqlitejdbc.dll

JVMTI agents:
C:\Users\Maxim\.gradle\wrapper\dists\gradle-9.6.0-bin\42k10rwplmzkhuboz9kdazi7s\gradle-9.6.0\lib\agents\gradle-instrumentation-agent-9.6.0.jar path:C:\Program Files\Android\Android Studio\jbr\bin\instrument.dll, loaded, initialized, instrumentlib options:none

dbghelp: loaded successfully - version: 4.0.5 - missing functions: none
symbol engine: initialized successfully - sym options: 0x614 - pdb path: .;C:\Program Files\Android\Android Studio\jbr\bin;C:\Windows\SYSTEM32;C:\Windows\WinSxS\amd64_microsoft.windows.common-controls_6595b64144ccf1df_6.0.26100.9278_none_3e0d1ba8e3303201;C:\Program Files\Android\Android Studio\jbr\bin\server;C:\Users\Maxim\.gradle\native\660c5614fbf4a5f2a75b1949f50a0caf5cd603558e7d8a26e50b933a0cfb79d1\windows-amd64;C:\Users\Maxim\.gradle\native\0.2.8\x86_64-windows-gnu;C:\Temp

VM Arguments:
jvm_args: --add-opens=java.base/java.lang=ALL-UNNAMED --add-opens=java.base/java.lang.invoke=ALL-UNNAMED --add-opens=java.base/java.util=ALL-UNNAMED --add-opens=java.prefs/java.util.prefs=ALL-UNNAMED --add-exports=jdk.compiler/com.sun.tools.javac.api=ALL-UNNAMED --add-exports=jdk.compiler/com.sun.tools.javac.util=ALL-UNNAMED --add-opens=java.base/java.nio.charset=ALL-UNNAMED --add-opens=java.base/java.net=ALL-UNNAMED --add-opens=java.base/java.util.concurrent=ALL-UNNAMED --add-opens=java.base/java.util.concurrent.atomic=ALL-UNNAMED --add-opens=java.xml/javax.xml.namespace=ALL-UNNAMED --add-opens=java.base/java.time=ALL-UNNAMED --enable-native-access=ALL-UNNAMED -Xmx4g -Dfile.encoding=UTF-8 -Duser.country=RU -Duser.language=ru -Duser.variant -javaagent:C:\Users\Maxim\.gradle\wrapper\dists\gradle-9.6.0-bin\42k10rwplmzkhuboz9kdazi7s\gradle-9.6.0\lib\agents\gradle-instrumentation-agent-9.6.0.jar 
java_command: org.gradle.launcher.daemon.bootstrap.GradleDaemon 9.6.0
java_class_path (initial): C:\Users\Maxim\.gradle\wrapper\dists\gradle-9.6.0-bin\42k10rwplmzkhuboz9kdazi7s\gradle-9.6.0\lib\gradle-daemon-main-9.6.0.jar
Launcher Type: SUN_STANDARD

[Global flags]
     intx CICompilerCount                          = 4                                         {product} {ergonomic}
     uint ConcGCThreads                            = 2                                         {product} {ergonomic}
     uint G1ConcRefinementThreads                  = 8                                         {product} {ergonomic}
   size_t G1HeapRegionSize                         = 2097152                                   {product} {ergonomic}
   size_t InitialHeapSize                          = 134217728                                 {product} {ergonomic}
   size_t MarkStackSize                            = 4194304                                   {product} {ergonomic}
   size_t MarkStackSizeMax                         = 536870912                                 {product} {ergonomic}
   size_t MaxHeapSize                              = 4294967296                                {product} {command line}
   size_t MaxNewSize                               = 2575302656                                {product} {ergonomic}
   size_t MinHeapDeltaBytes                        = 2097152                                   {product} {ergonomic}
   size_t MinHeapSize                              = 8388608                                   {product} {ergonomic}
    uintx NonNMethodCodeHeapSize                   = 5898240                                {pd product} {ergonomic}
    uintx NonProfiledCodeHeapSize                  = 122945536                              {pd product} {ergonomic}
    uintx ProfiledCodeHeapSize                     = 122945536                              {pd product} {ergonomic}
    uintx ReservedCodeCacheSize                    = 251789312                              {pd product} {ergonomic}
     bool SegmentedCodeCache                       = true                                      {product} {ergonomic}
   size_t SoftMaxHeapSize                          = 4294967296                             {manageable} {ergonomic}
     bool UseCompressedOops                        = true                           {product lp64_product} {ergonomic}
     bool UseG1GC                                  = true                                      {product} {ergonomic}
     bool UseLargePagesIndividualAllocation        = false                                  {pd product} {ergonomic}

Logging:
Log output configuration:
 #0: stdout all=warning uptime,level,tags foldmultilines=false
 #1: stderr all=off uptime,level,tags foldmultilines=false

Release file:
JAVA_VERSION="25.0.3" 
MODULES="java.base java.compiler java.datatransfer java.xml java.prefs java.desktop java.instrument java.logging java.management java.security.sasl java.naming java.rmi java.management.rmi java.net.http java.scripting java.security.jgss java.transaction.xa java.sql java.sql.rowset java.xml.crypto java.se java.smartcardio jdk.accessibility jdk.internal.jvmstat jdk.attach jdk.charsets jdk.internal.opt jdk.zipfs jdk.compiler jdk.crypto.cryptoki jdk.crypto.ec jdk.dynalink jdk.hotspot.agent jdk.httpserver jdk.internal.ed jdk.internal.le jdk.internal.md jdk.internal.vm.ci jdk.jartool jdk.javadoc jdk.jcmd jdk.jdeps jdk.jdwp.agent jdk.jdi jdk.jfr jdk.jlink jdk.localedata jdk.management jdk.management.agent jdk.management.jfr jdk.naming.dns jdk.naming.rmi jdk.net jdk.sctp jdk.security.auth jdk.security.jgss jdk.unsupported jdk.unsupported.desktop jdk.xml.dom" 
IMPLEMENTOR="JetBrains s.r.o." 
JAVA_RUNTIME_VERSION="25.0.3+-15898627-b508.16" 
LIBC="default" 
OS_ARCH="x86_64" 
OS_NAME="Windows" 
SOURCE=".:git:a8b1dba3234f" 

Environment Variables:
PATH=C:\Windows\system32;C:\Windows;C:\Windows\System32\Wbem;C:\Windows\System32\WindowsPowerShell\v1.0\;C:\Windows\System32\OpenSSH\;C:\Program Files\NVIDIA Corporation\NVIDIA App\NvDLISR;C:\Program Files (x86)\NVIDIA Corporation\PhysX\Common;C:\Program Files\dotnet\;C:\Program Files\Git\cmd;C:\Users\Maxim\AppData\Local\Microsoft\WindowsApps;
USERNAME=Maxim
OS=Windows_NT
PROCESSOR_IDENTIFIER=Intel64 Family 6 Model 58 Stepping 9, GenuineIntel
TMP=C:\Temp
TEMP=C:\Temp




Compilation memory statistics disabled.

Periodic native trim disabled

JNI global refs:
JNI global refs: 54, weak refs: 52

JNI global refs memory usage: 1467, weak refs: 833

Process memory usage:
Resident Set Size: 1669360K (20% of 8311504K total physical memory with 260620K free physical memory)

OOME stack traces (most recent first):
Classloader memory used:
Loader java.net.URLClassLoader                                                         : 151 M
Loader org.gradle.internal.classloader.VisitableURLClassLoader$InstrumentingVisitableURLClassLoader: 58523 K
Loader org.gradle.internal.classloader.VisitableURLClassLoader                         : 50607 K
Loader bootstrap                                                                       : 34761 K
Loader org.gradle.initialization.MixInLegacyTypesClassLoader                           : 16278 K
Loader jdk.internal.jrtfs.JrtFileSystemProvider$JrtFsLoader                            : 937 K
Loader jdk.internal.loader.ClassLoaders$PlatformClassLoader                            : 456 K
Loader org.gradle.internal.classloader.VisitableURLClassLoader                         : 351 K
Loader jdk.internal.loader.ClassLoaders$AppClassLoader                                 : 194 K
Loader org.gradle.groovy.scripts.internal.DefaultScriptCompilationHandler$ScriptClassLoader: 152 K
Loader sun.reflect.misc.MethodUtil                                                     : 2968 B

Classes loaded by more than one classloader:
Class kotlin.jvm.KotlinReflectionNotSupportedError                                    : loaded 5 times (x 84B)
Class kotlin.collections.AbstractList$Companion                                       : loaded 5 times (x 73B)
Class kotlin.text.StringsKt__AppendableKt                                             : loaded 5 times (x 73B)
Class [Lkotlin.reflect.KCallable;                                                     : loaded 5 times (x 71B)
Class kotlin.sequences.Sequence                                                       : loaded 5 times (x 72B)
Class kotlin.text.StringsKt__StringNumberConversionsJVMKt                             : loaded 5 times (x 73B)
Class kotlin.collections.ArraysKt___ArraysJvmKt                                       : loaded 5 times (x 73B)
Class kotlin.collections.CollectionsKt__CollectionsKt                                 : loaded 5 times (x 73B)
Class kotlin.collections.CollectionsKt                                                : loaded 5 times (x 73B)
Class kotlin.text.StringsKt__RegexExtensionsJVMKt                                     : loaded 5 times (x 73B)
Class kotlin.io.NoSuchFileException                                                   : loaded 5 times (x 84B)
Class kotlin._Assertions                                                              : loaded 5 times (x 73B)
Class kotlin.jvm.internal.FunctionReference                                           : loaded 5 times (x 124B)
Class kotlin.jvm.internal.FunctionBase                                                : loaded 5 times (x 72B)
Class kotlin.enums.EnumEntriesList                                                    : loaded 5 times (x 225B)
Class kotlin.collections.CollectionsKt__IteratorsJVMKt                                : loaded 5 times (x 73B)
Class kotlin.Pair                                                                     : loaded 5 times (x 74B)
Class kotlin.io.CloseableKt                                                           : loaded 5 times (x 73B)
Class kotlin.collections.CollectionsKt__MutableCollectionsKt                          : loaded 5 times (x 73B)
Class kotlin.io.TerminateException                                                    : loaded 5 times (x 84B)
Class kotlin.jvm.internal.markers.KMappedMarker                                       : loaded 5 times (x 72B)
Class kotlin.io.FilesKt__FilePathComponentsKt                                         : loaded 5 times (x 73B)
Class kotlin.reflect.KCallable                                                        : loaded 5 times (x 72B)
Class kotlin.collections.MapsKt__MapsJVMKt                                            : loaded 5 times (x 73B)
Class kotlin.sequences.ConstrainedOnceSequence                                        : loaded 5 times (x 77B)
Class kotlin.collections.EmptyList                                                    : loaded 5 times (x 176B)
Class kotlin.collections.ArraysKt__ArraysKt                                           : loaded 5 times (x 73B)
Class kotlin.collections.SetsKt__SetsJVMKt                                            : loaded 5 times (x 73B)
Class kotlin.NoWhenBranchMatchedException                                             : loaded 5 times (x 84B)
Class kotlin.Lazy                                                                     : loaded 5 times (x 72B)
Class kotlin.Function                                                                 : loaded 5 times (x 72B)
Class kotlin.jvm.internal.CallableReference$NoReceiver                                : loaded 5 times (x 73B)
Class kotlin.text.StringsKt__StringBuilderKt                                          : loaded 5 times (x 73B)
Class kotlin.internal.ProgressionUtilKt                                               : loaded 5 times (x 73B)
Class kotlin.collections.ArraysKt__ArraysJVMKt                                        : loaded 5 times (x 73B)
Class kotlin.io.FileAlreadyExistsException                                            : loaded 5 times (x 84B)
Class kotlin.LazyKt                                                                   : loaded 5 times (x 73B)
Class kotlin.collections.SetsKt__SetsKt                                               : loaded 5 times (x 73B)
Class [Lkotlin.reflect.KAnnotatedElement;                                             : loaded 5 times (x 71B)
Class kotlin.text.StringsKt__StringsJVMKt                                             : loaded 5 times (x 73B)
Class kotlin.collections.SetsKt                                                       : loaded 5 times (x 73B)
Class kotlin.collections.ArraysKt                                                     : loaded 5 times (x 73B)
Class kotlin.text.StringsKt__StringsKt                                                : loaded 5 times (x 73B)
Class kotlin.NotImplementedError                                                      : loaded 5 times (x 84B)
Class kotlin.text.StringsKt__IndentKt                                                 : loaded 5 times (x 73B)
Class Program                                                                         : loaded 5 times (x 74B)
Class kotlin.reflect.KFunction                                                        : loaded 5 times (x 72B)
Class kotlin.ranges.RangesKt___RangesKt                                               : loaded 5 times (x 73B)
Class kotlin.collections.MapsKt__MapsKt                                               : loaded 5 times (x 73B)
Class kotlin.KotlinNullPointerException                                               : loaded 5 times (x 84B)
Class kotlin.UninitializedPropertyAccessException                                     : loaded 5 times (x 84B)
Class kotlin.io.FilesKt__UtilsKt                                                      : loaded 5 times (x 73B)
Class kotlin.collections.CollectionsKt__CollectionsJVMKt                              : loaded 5 times (x 73B)
Class kotlin.sequences.SequencesKt                                                    : loaded 5 times (x 73B)
Class kotlin.collections.CollectionsKt__IteratorsKt                                   : loaded 5 times (x 73B)
Class kotlin.collections.CollectionsKt__IterablesKt                                   : loaded 5 times (x 73B)
Class kotlin.collections.MapsKt                                                       : loaded 5 times (x 73B)
Class kotlin.text.StringsKt                                                           : loaded 5 times (x 73B)
Class kotlin.LazyKt__LazyJVMKt                                                        : loaded 5 times (x 73B)
Class kotlin.io.FilesKt__FileReadWriteKt                                              : loaded 5 times (x 73B)
Class kotlin.jvm.internal.Intrinsics                                                  : loaded 5 times (x 73B)
Class kotlin.reflect.KAnnotatedElement                                                : loaded 5 times (x 72B)
Class kotlin.text.StringsKt__StringNumberConversionsKt                                : loaded 5 times (x 73B)
Class kotlin.jvm.internal.CallableReference                                           : loaded 5 times (x 108B)
Class kotlin.enums.EnumEntries                                                        : loaded 5 times (x 72B)
Class kotlin.io.FileSystemException                                                   : loaded 5 times (x 84B)
Class kotlin.jvm.internal.DefaultConstructorMarker                                    : loaded 5 times (x 73B)
Class kotlin.sequences.SequencesKt___SequencesKt                                      : loaded 5 times (x 73B)
Class kotlin.collections.EmptyIterator                                                : loaded 5 times (x 91B)
Class kotlin.text.StringsKt__RegexExtensionsKt                                        : loaded 5 times (x 73B)
Class kotlin.SynchronizedLazyImpl                                                     : loaded 5 times (x 78B)
Class kotlin.sequences.SequencesKt__SequencesJVMKt                                    : loaded 5 times (x 73B)
Class kotlin.collections.AbstractList                                                 : loaded 5 times (x 199B)
Class kotlin.collections.AbstractCollection                                           : loaded 5 times (x 119B)
Class kotlin.collections.ArrayAsCollection                                            : loaded 5 times (x 107B)
Class kotlin.enums.EnumEntriesKt                                                      : loaded 5 times (x 73B)
Class kotlin.text.StringsKt___StringsKt                                               : loaded 5 times (x 73B)
Class kotlin.collections.CollectionsKt__MutableCollectionsJVMKt                       : loaded 5 times (x 73B)
Class kotlin.text.StringsKt__StringBuilderJVMKt                                       : loaded 5 times (x 73B)
Class kotlin.LazyKt__LazyKt                                                           : loaded 5 times (x 73B)
Class kotlin.collections.MapsKt__MapWithDefaultKt                                     : loaded 5 times (x 73B)
Class kotlin.UNINITIALIZED_VALUE                                                      : loaded 5 times (x 73B)
Class kotlin.sequences.SequencesKt__SequencesKt                                       : loaded 5 times (x 73B)
Class kotlin.collections.ArraysKt___ArraysKt                                          : loaded 5 times (x 73B)
Class kotlin.sequences.FilteringSequence$iterator$1                                   : loaded 5 times (x 81B)
Class kotlin.collections.MapsKt___MapsKt                                              : loaded 5 times (x 73B)
Class kotlin.collections.SetsKt___SetsKt                                              : loaded 5 times (x 73B)
Class kotlin.io.FilesKt                                                               : loaded 5 times (x 73B)
Class kotlin.sequences.SequencesKt__SequenceBuilderKt                                 : loaded 5 times (x 73B)
Class kotlin.io.FilesKt__FileTreeWalkKt                                               : loaded 5 times (x 73B)
Class kotlin.reflect.KDeclarationContainer                                            : loaded 5 times (x 72B)
Class kotlin.text.StringsKt___StringsJvmKt                                            : loaded 5 times (x 73B)
Class kotlin.ranges.RangesKt__RangesKt                                                : loaded 5 times (x 73B)
Class kotlin.sequences.FilteringSequence                                              : loaded 5 times (x 77B)
Class kotlin.collections.CollectionsKt___CollectionsJvmKt                             : loaded 5 times (x 73B)
Class kotlin.jvm.internal.CollectionToArray                                           : loaded 5 times (x 73B)
Class kotlin.collections.CollectionsKt___CollectionsKt                                : loaded 5 times (x 73B)
Class kotlin.collections.CollectionsKt__ReversedViewsKt                               : loaded 5 times (x 73B)
Class kotlin.collections.EmptySet                                                     : loaded 5 times (x 124B)
Class kotlin.jvm.internal.FunctionReferenceImpl                                       : loaded 5 times (x 124B)
Class kotlin.sequences.SequencesKt___SequencesJvmKt                                   : loaded 5 times (x 73B)
Class kotlin.collections.MapsKt___MapsJvmKt                                           : loaded 5 times (x 73B)
Class kotlin.jvm.functions.Function3                                                  : loaded 5 times (x 72B)
Class kotlin.Unit                                                                     : loaded 5 times (x 73B)
Class kotlin.TuplesKt                                                                 : loaded 5 times (x 73B)
Class kotlin.jvm.functions.Function2                                                  : loaded 5 times (x 72B)
Class kotlin.ranges.RangesKt                                                          : loaded 5 times (x 73B)
Class kotlin.jvm.functions.Function1                                                  : loaded 5 times (x 72B)
Class kotlin.collections.ArraysUtilJVM                                                : loaded 5 times (x 73B)
Class kotlin.jvm.functions.Function0                                                  : loaded 5 times (x 72B)
Class jdk.internal.jimage.decompressor.ZipDecompressor                                : loaded 4 times (x 77B)
Class kotlin.collections.AbstractMutableList                                          : loaded 4 times (x 208B)
Class kotlin.sequences.FlatteningSequence$iterator$1                                  : loaded 4 times (x 81B)
Class kotlin.sequences.GeneratorSequence                                              : loaded 4 times (x 77B)
Class kotlin.KotlinNothingValueException                                              : loaded 4 times (x 84B)
Class kotlin.jvm.internal.markers.KMutableIterable                                    : loaded 4 times (x 72B)
Class kotlin.jvm.internal.markers.KMutableIterator                                    : loaded 4 times (x 72B)
Class kotlin.io.FileTreeWalk$WalkState                                                : loaded 4 times (x 75B)
Class kotlin.jvm.functions.Function4                                                  : loaded 4 times (x 72B)
Class kotlin.time.DurationKt                                                          : loaded 4 times (x 73B)
Class kotlin.annotation.Target                                                        : loaded 4 times (x 72B)
Class jdk.internal.jimage.ImageStrings                                                : loaded 4 times (x 72B)
Class kotlin.text.DelimitedRangesSequence                                             : loaded 4 times (x 77B)
Class kotlin.reflect.KType                                                            : loaded 4 times (x 72B)
Class kotlin.comparisons.ComparisonsKt___ComparisonsKt                                : loaded 4 times (x 73B)
Class kotlin.comparisons.ComparisonsKt                                                : loaded 4 times (x 73B)
Class kotlin.text.CharsKt__CharJVMKt                                                  : loaded 4 times (x 73B)
Class kotlin.Result$Companion                                                         : loaded 4 times (x 73B)
Class kotlin.annotation.Retention                                                     : loaded 4 times (x 72B)
Class kotlin.coroutines.jvm.internal.BaseContinuationImpl                             : loaded 4 times (x 89B)
Class jdk.internal.jimage.decompressor.ZipDecompressorFactory                         : loaded 4 times (x 76B)
Class kotlin.comparisons.ComparisonsKt__ComparisonsKt                                 : loaded 4 times (x 73B)
Class kotlin.jvm.functions.Function5                                                  : loaded 4 times (x 72B)
Class kotlin.jvm.internal.ClassBasedDeclarationContainer                              : loaded 4 times (x 72B)
Class kotlin.jvm.functions.Function6                                                  : loaded 4 times (x 72B)
Class [Lkotlin.time.DurationUnit;                                                     : loaded 4 times (x 71B)
Class kotlin.coroutines.Continuation                                                  : loaded 4 times (x 72B)
Class kotlin.jvm.functions.Function7                                                  : loaded 4 times (x 72B)
Class kotlin.jvm.internal.ReflectionFactory                                           : loaded 4 times (x 93B)
Class kotlin.jvm.internal.Ref$ObjectRef                                               : loaded 4 times (x 74B)
Class kotlin.jvm.functions.Function8                                                  : loaded 4 times (x 72B)
Class kotlin.collections.builders.MapBuilder$Companion                                : loaded 4 times (x 73B)
Class kotlin.text.Regex                                                               : loaded 4 times (x 74B)
Class kotlin.annotation.MustBeDocumented                                              : loaded 4 times (x 72B)
Class kotlin.Triple                                                                   : loaded 4 times (x 74B)
Class kotlin.SafePublicationLazyImpl$Companion                                        : loaded 4 times (x 73B)
Class kotlin.jvm.internal.PropertyReference1Impl                                      : loaded 4 times (x 129B)
Class kotlin.jvm.internal.MutablePropertyReference1                                   : loaded 4 times (x 139B)
Class org.jetbrains.org.objectweb.asm.Attribute                                       : loaded 4 times (x 77B)
Class org.jetbrains.org.objectweb.asm.Label                                           : loaded 4 times (x 74B)
Class kotlin.jvm.functions.Function10                                                 : loaded 4 times (x 72B)
Class kotlin.io.FilePathComponents                                                    : loaded 4 times (x 74B)
Class jdk.internal.jimage.ImageReader$Directory                                       : loaded 4 times (x 86B)
Class kotlin.jvm.functions.Function9                                                  : loaded 4 times (x 72B)
Class [Lkotlin.LazyThreadSafetyMode;                                                  : loaded 4 times (x 71B)
Class [Lkotlin.reflect.KClassifier;                                                   : loaded 4 times (x 71B)
Class kotlinx.coroutines.internal.Symbol                                              : loaded 4 times (x 74B)
Class kotlin.jvm.internal.SpreadBuilder                                               : loaded 4 times (x 78B)
Class jdk.internal.jimage.decompressor.ResourceDecompressorRepository                 : loaded 4 times (x 73B)
Class kotlin.jvm.internal.ArrayIterator                                               : loaded 4 times (x 81B)
Class kotlin.LazyThreadSafetyMode                                                     : loaded 4 times (x 81B)
Class kotlin.coroutines.intrinsics.IntrinsicsKt                                       : loaded 4 times (x 73B)
Class kotlin.LazyKt__LazyJVMKt$WhenMappings                                           : loaded 4 times (x 73B)
Class kotlin.UnsafeLazyImpl                                                           : loaded 4 times (x 78B)
Class kotlin.jvm.internal.PropertyReference1                                          : loaded 4 times (x 129B)
Class kotlin.ranges.IntRange$Companion                                                : loaded 4 times (x 73B)
Class org.jetbrains.org.objectweb.asm.ModuleVisitor                                   : loaded 4 times (x 83B)
Class kotlin.jvm.internal.PropertyReference0                                          : loaded 4 times (x 129B)
Class kotlin.jvm.internal.PropertyReference0Impl                                      : loaded 4 times (x 129B)
Class org.jetbrains.kotlin.com.intellij.openapi.diagnostic.Logger$Factory             : loaded 4 times (x 72B)
Class jdk.internal.jrtfs.JrtPath                                                      : loaded 4 times (x 124B)
Class jdk.internal.jimage.ImageBufferCache                                            : loaded 4 times (x 73B)
Class kotlin.jvm.functions.Function11                                                 : loaded 4 times (x 72B)
Class kotlin.jvm.internal.markers.KMutableMap                                         : loaded 4 times (x 72B)
Class kotlin.ranges.IntProgression$Companion                                          : loaded 4 times (x 73B)
Class kotlin.properties.ReadOnlyProperty                                              : loaded 4 times (x 72B)
Class kotlin.ranges.IntRange                                                          : loaded 4 times (x 95B)
Class kotlin.jvm.internal.markers.KMutableCollection                                  : loaded 4 times (x 72B)
Class kotlin.collections.AbstractList$IteratorImpl                                    : loaded 4 times (x 84B)
Class org.jetbrains.kotlin.com.intellij.openapi.diagnostic.LogLevel                   : loaded 4 times (x 81B)
Class [Lkotlin.sequences.Sequence;                                                    : loaded 4 times (x 71B)
Class kotlin.collections.EmptyMap                                                     : loaded 4 times (x 110B)
Class [Lkotlin.Pair;                                                                  : loaded 4 times (x 71B)
Class kotlin.jvm.internal.markers.KMutableList                                        : loaded 4 times (x 72B)
Class jdk.internal.jrtfs.JrtFileSystem                                                : loaded 4 times (x 104B)
Class jdk.internal.jimage.decompressor.Decompressor                                   : loaded 4 times (x 74B)
Class kotlin.coroutines.intrinsics.CoroutineSingletons                                : loaded 4 times (x 81B)
Class org.jetbrains.kotlin.com.intellij.openapi.diagnostic.DefaultLogger              : loaded 4 times (x 102B)
Class kotlin.coroutines.CoroutineContext$Key                                          : loaded 4 times (x 72B)
Class kotlin.jvm.functions.Function12                                                 : loaded 4 times (x 72B)
Class kotlin.jvm.internal.markers.KMutableSet                                         : loaded 4 times (x 72B)
Class org.jetbrains.kotlin.com.intellij.openapi.diagnostic.Logger$DefaultFactory      : loaded 4 times (x 76B)
Class kotlin.collections.IndexedValue                                                 : loaded 4 times (x 74B)
Class jdk.internal.jimage.decompressor.CompressedResourceHeader                       : loaded 4 times (x 73B)
Class kotlin.collections.builders.MapBuilder$Itr                                      : loaded 4 times (x 74B)
Class kotlin.KotlinVersionCurrentValue                                                : loaded 4 times (x 73B)
Class kotlin.ranges.OpenEndRange                                                      : loaded 4 times (x 72B)
Class jdk.internal.jimage.BasicImageReader$1                                          : loaded 4 times (x 79B)
Class kotlin.text.Charsets                                                            : loaded 4 times (x 73B)
Class kotlin.collections.builders.MapBuilder                                          : loaded 4 times (x 114B)
Class jdk.internal.jimage.BasicImageReader                                            : loaded 4 times (x 97B)
Class jdk.internal.jimage.ImageReader$Node                                            : loaded 4 times (x 86B)
Class kotlin.coroutines.intrinsics.IntrinsicsKt__IntrinsicsKt                         : loaded 4 times (x 73B)
Class kotlin.time.Duration$Companion                                                  : loaded 4 times (x 73B)
Class jdk.internal.jimage.decompressor.StringSharingDecompressorFactory               : loaded 4 times (x 76B)
Class org.jetbrains.org.objectweb.asm.AnnotationVisitor                               : loaded 4 times (x 80B)
Class jdk.internal.jimage.decompressor.ResourceDecompressorFactory                    : loaded 4 times (x 76B)
Class kotlin.SafePublicationLazyImpl                                                  : loaded 4 times (x 78B)
Class kotlin.time.DurationJvmKt                                                       : loaded 4 times (x 73B)
Class jdk.internal.jimage.ImageReader$SharedImageReader                               : loaded 4 times (x 97B)
Class kotlin.reflect.KProperty$Getter                                                 : loaded 4 times (x 72B)
Class jdk.internal.jimage.ImageReader                                                 : loaded 4 times (x 77B)
Class kotlin.jvm.functions.Function13                                                 : loaded 4 times (x 72B)
Class kotlin.collections.AbstractMutableSet                                           : loaded 4 times (x 144B)
Class kotlin.Metadata                                                                 : loaded 4 times (x 72B)
Class kotlin.jvm.internal.markers.KMutableMap$Entry                                   : loaded 4 times (x 72B)
Class jdk.internal.jimage.ImageStringsReader                                          : loaded 4 times (x 82B)
Class kotlin.jvm.functions.Function14                                                 : loaded 4 times (x 72B)
Class [Lkotlin.reflect.KDeclarationContainer;                                         : loaded 4 times (x 71B)
Class kotlin.jvm.internal.Lambda                                                      : loaded 4 times (x 77B)
Class org.jetbrains.kotlin.com.intellij.openapi.diagnostic.Logger                     : loaded 4 times (x 101B)
Class kotlin.time.DurationUnitKt__DurationUnitKt                                      : loaded 4 times (x 73B)
Class org.jetbrains.kotlin.com.intellij.openapi.diagnostic.Attachment                 : loaded 4 times (x 74B)
Class kotlin.text.CharsKt__CharKt                                                     : loaded 4 times (x 73B)
Class kotlin.jvm.functions.Function15                                                 : loaded 4 times (x 72B)
Class kotlin.coroutines.EmptyCoroutineContext                                         : loaded 4 times (x 79B)
Class kotlin.time.DurationUnit                                                        : loaded 4 times (x 81B)
Class kotlin.jvm.functions.Function16                                                 : loaded 4 times (x 72B)
Class kotlin.jvm.internal.TypeIntrinsics                                              : loaded 4 times (x 73B)
Class kotlin.collections.IntIterator                                                  : loaded 4 times (x 84B)
Class jdk.internal.jimage.decompressor.ResourceDecompressor                           : loaded 4 times (x 72B)
Class kotlin.jvm.JvmClassMappingKt                                                    : loaded 4 times (x 73B)
Class kotlin.sequences.TransformingSequence                                           : loaded 4 times (x 77B)
Class kotlin.jvm.internal.Reflection                                                  : loaded 4 times (x 73B)
Class kotlin.reflect.KProperty                                                        : loaded 4 times (x 72B)
Class kotlin.ranges.ClosedRange                                                       : loaded 4 times (x 72B)
Class kotlin.io.TextStreamsKt                                                         : loaded 4 times (x 73B)
Class kotlin.collections.IndexingIterator                                             : loaded 4 times (x 81B)
Class kotlin.jvm.internal.PropertyReference                                           : loaded 4 times (x 117B)
Class jdk.internal.jimage.ImageHeader                                                 : loaded 4 times (x 73B)
Class kotlin.reflect.KMutableProperty                                                 : loaded 4 times (x 72B)
Class kotlin.KotlinVersion                                                            : loaded 4 times (x 76B)
Class kotlin.jvm.functions.Function17                                                 : loaded 4 times (x 72B)
Class kotlin.jvm.functions.Function18                                                 : loaded 4 times (x 72B)
Class kotlin.jvm.functions.Function19                                                 : loaded 4 times (x 72B)
Class kotlin.coroutines.jvm.internal.CompletedContinuation                            : loaded 4 times (x 77B)
Class kotlin.collections.IndexingIterable                                             : loaded 4 times (x 81B)
Class [Lkotlin.jvm.functions.Function1;                                               : loaded 4 times (x 71B)
Class kotlin.Result$Failure                                                           : loaded 4 times (x 74B)
Class kotlin.ResultKt                                                                 : loaded 4 times (x 73B)
Class kotlin.collections.builders.ListBuilderKt                                       : loaded 4 times (x 73B)
Class jdk.internal.jimage.ImageBufferCache$2                                          : loaded 4 times (x 93B)
Class org.jetbrains.org.objectweb.asm.Context                                         : loaded 4 times (x 74B)
Class kotlin.time.Duration                                                            : loaded 4 times (x 76B)
Class kotlin.collections.ArraysKt___ArraysKt$asSequence$$inlined$Sequence$1           : loaded 4 times (x 77B)
Class kotlin.time.DurationUnitKt__DurationUnitJvmKt                                   : loaded 4 times (x 73B)
Class jdk.internal.jimage.ImageBufferCache$1                                          : loaded 4 times (x 84B)
Class kotlin.collections.builders.MapBuilder$EntriesItr                               : loaded 4 times (x 83B)
Class kotlin.text.DelimitedRangesSequence$iterator$1                                  : loaded 4 times (x 81B)
Class kotlin.coroutines.ContinuationInterceptor$Key                                   : loaded 4 times (x 73B)
Class jdk.internal.jimage.ImageLocation                                               : loaded 4 times (x 92B)
Class kotlin.io.LinesSequence$iterator$1                                              : loaded 4 times (x 81B)
Class kotlin.text.CharsKt                                                             : loaded 4 times (x 73B)
Class kotlin.collections.AbstractIterator                                             : loaded 4 times (x 85B)
Class [Lkotlin.reflect.KProperty;                                                     : loaded 4 times (x 71B)
Class kotlin.sequences.FlatteningSequence                                             : loaded 4 times (x 77B)
Class [Lkotlin.io.FileWalkDirection;                                                  : loaded 4 times (x 71B)
Class kotlin.coroutines.CoroutineContext$Element                                      : loaded 4 times (x 72B)
Class kotlin.io.FileTreeWalk                                                          : loaded 4 times (x 77B)
Class kotlin.reflect.KProperty2                                                       : loaded 4 times (x 72B)
Class kotlin.coroutines.jvm.internal.SuspendFunction                                  : loaded 4 times (x 72B)
Class kotlin.sequences.GeneratorSequence$iterator$1                                   : loaded 4 times (x 81B)
Class kotlin.reflect.KClass                                                           : loaded 4 times (x 72B)
Class kotlin.reflect.KProperty1                                                       : loaded 4 times (x 72B)
Class kotlin.reflect.KMutableProperty0                                                : loaded 4 times (x 72B)
Class [Lkotlin.Function;                                                              : loaded 4 times (x 71B)
Class kotlin.sequences.TransformingSequence$iterator$1                                : loaded 4 times (x 81B)
Class jdk.internal.jrtfs.JrtFileSystemProvider                                        : loaded 4 times (x 103B)
Class kotlin.reflect.KProperty0                                                       : loaded 4 times (x 72B)
Class kotlin.Result                                                                   : loaded 4 times (x 74B)
Class [Lorg.jetbrains.kotlin.com.intellij.openapi.diagnostic.LogLevel;                : loaded 4 times (x 71B)
Class kotlin.comparisons.ComparisonsKt___ComparisonsJvmKt                             : loaded 4 times (x 73B)
Class kotlin.reflect.KClassifier                                                      : loaded 4 times (x 72B)
Class kotlin.collections.builders.AbstractMapBuilderEntrySet                          : loaded 4 times (x 146B)
Class kotlin.io.LinesSequence                                                         : loaded 4 times (x 77B)
Class kotlin.collections.builders.ListBuilder                                         : loaded 4 times (x 209B)
Class kotlin.collections.builders.ListBuilder$Companion                               : loaded 4 times (x 73B)
Class kotlin.jvm.internal.Ref$BooleanRef                                              : loaded 4 times (x 73B)
Class kotlin.coroutines.intrinsics.IntrinsicsKt__IntrinsicsJvmKt                      : loaded 4 times (x 73B)
Class kotlin.coroutines.jvm.internal.CoroutineStackFrame                              : loaded 4 times (x 72B)
Class [Lkotlin.reflect.KClass;                                                        : loaded 4 times (x 71B)
Class [Lkotlin.coroutines.intrinsics.CoroutineSingletons;                             : loaded 4 times (x 71B)
Class kotlin.reflect.KMutableProperty1                                                : loaded 4 times (x 72B)
Class kotlin.text.Regex$Companion                                                     : loaded 4 times (x 73B)
Class kotlin.reflect.KMutableProperty2                                                : loaded 4 times (x 72B)
Class kotlin.ranges.IntProgressionIterator                                            : loaded 4 times (x 84B)
Class kotlin.time.DurationUnitKt                                                      : loaded 4 times (x 73B)
Class kotlin.reflect.KTypeParameter                                                   : loaded 4 times (x 72B)
Class kotlin.collections.builders.MapBuilderEntries                                   : loaded 4 times (x 147B)
Class kotlin.jvm.functions.Function22                                                 : loaded 4 times (x 72B)
Class kotlin.coroutines.jvm.internal.ContinuationImpl                                 : loaded 4 times (x 89B)
Class kotlin.coroutines.jvm.internal.SuspendLambda                                    : loaded 4 times (x 93B)
Class kotlin.collections.MapWithDefault                                               : loaded 4 times (x 72B)
Class kotlin.jvm.functions.Function21                                                 : loaded 4 times (x 72B)
Class [Lorg.jetbrains.org.objectweb.asm.Attribute;                                    : loaded 4 times (x 71B)
Class kotlin.jvm.functions.Function20                                                 : loaded 4 times (x 72B)
Class kotlin.collections.CollectionsKt___CollectionsKt$asSequence$$inlined$Sequence$1 : loaded 4 times (x 77B)
Class kotlin.coroutines.jvm.internal.DebugProbesKt                                    : loaded 4 times (x 73B)
Class kotlin.collections.builders.MapBuilder$EntryRef                                 : loaded 4 times (x 83B)
Class kotlin.coroutines.CoroutineContext                                              : loaded 4 times (x 72B)
Class kotlin.jvm.internal.ArrayIteratorKt                                             : loaded 4 times (x 73B)
Class jdk.internal.jimage.decompressor.ResourceDecompressor$StringsProvider           : loaded 4 times (x 72B)
Class kotlin.reflect.KProperty$Accessor                                               : loaded 4 times (x 72B)
Class org.jetbrains.org.objectweb.asm.ClassVisitor                                    : loaded 4 times (x 90B)
Class kotlin.jvm.internal.AdaptedFunctionReference                                    : loaded 4 times (x 79B)
Class kotlin.io.FileWalkDirection                                                     : loaded 4 times (x 81B)
Class kotlin.coroutines.ContinuationInterceptor                                       : loaded 4 times (x 72B)
Class org.jetbrains.org.objectweb.asm.ClassReader                                     : loaded 4 times (x 94B)
Class kotlin.sequences.SequencesKt___SequencesKt$flatMap$2                            : loaded 4 times (x 127B)
Class kotlin.io.FileTreeWalk$FileTreeWalkIterator                                     : loaded 4 times (x 85B)
Class kotlin.ranges.IntProgression                                                    : loaded 4 times (x 83B)
Class kotlin.KotlinVersion$Companion                                                  : loaded 4 times (x 73B)
Class kotlin.jvm.internal.MutablePropertyReference                                    : loaded 4 times (x 121B)
Class kotlinx.coroutines.ExecutorCoroutineDispatcher$Key                              : loaded 3 times (x 74B)
Class org.jetbrains.kotlin.metadata.ProtoBuf$Annotation$Builder                       : loaded 3 times (x 137B)
Class org.jetbrains.kotlin.com.intellij.openapi.diagnostic.ExceptionWithAttachments   : loaded 3 times (x 72B)
Class kotlin.reflect.jvm.internal.RuntimeTypeMapper                                   : loaded 3 times (x 73B)
Class org.jetbrains.kotlin.descriptors.SourceElement                                  : loaded 3 times (x 72B)
Class kotlinx.coroutines.intrinsics.CancellableKt                                     : loaded 3 times (x 73B)
Class [Lorg.jetbrains.kotlin.metadata.ProtoBuf$MemberKind;                            : loaded 3 times (x 71B)
Class org.jetbrains.kotlin.cli.jvm.compiler.KotlinCoreEnvironment$Companion           : loaded 3 times (x 73B)
Class org.jetbrains.kotlin.metadata.ProtoBuf$Package                                  : loaded 3 times (x 130B)
Class org.jetbrains.kotlin.metadata.ProtoBuf$TypeTableOrBuilder                       : loaded 3 times (x 72B)
Class org.jetbrains.kotlin.metadata.ProtoBuf$TypeOrBuilder                            : loaded 3 times (x 72B)
Class org.jetbrains.kotlin.metadata.ProtoBuf$Annotation$Argument$Value$Type$1         : loaded 3 times (x 76B)
Class [Lorg.jetbrains.org.objectweb.asm.Label;                                        : loaded 3 times (x 71B)
Class kotlinx.coroutines.Dispatchers                                                  : loaded 3 times (x 73B)
Class kotlinx.coroutines.scheduling.DefaultScheduler                                  : loaded 3 times (x 109B)
Class kotlinx.coroutines.internal.LockFreeTaskQueue                                   : loaded 3 times (x 74B)
Class org.jetbrains.kotlin.protobuf.FieldSet                                          : loaded 3 times (x 74B)
Class kotlin.jvm.internal.StringCompanionObject                                       : loaded 3 times (x 73B)
Class kotlinx.coroutines.BlockingCoroutine                                            : loaded 3 times (x 145B)
Class kotlinx.coroutines.CopyableThreadContextElement                                 : loaded 3 times (x 72B)
Class kotlin.jvm.internal.FloatCompanionObject                                        : loaded 3 times (x 73B)
Class kotlinx.coroutines.scheduling.Task                                              : loaded 3 times (x 78B)
Class org.jetbrains.kotlin.protobuf.AbstractMessageLite                               : loaded 3 times (x 100B)
Class kotlin.sequences.SequencesKt___SequencesKt$flatMap$1                            : loaded 3 times (x 127B)
Class org.jetbrains.kotlin.protobuf.FieldSet$FieldDescriptorLite                      : loaded 3 times (x 72B)
Class org.jetbrains.kotlin.metadata.ProtoBuf$Annotation$ArgumentOrBuilder             : loaded 3 times (x 72B)
Class org.jetbrains.kotlin.name.FqName$Companion                                      : loaded 3 times (x 73B)
Class jdk.internal.jrtfs.ExplodedImage                                                : loaded 3 times (x 79B)
Class org.jetbrains.kotlin.util.capitalizeDecapitalize.CapitalizeDecapitalizeKt       : loaded 3 times (x 73B)
Class org.jetbrains.kotlin.metadata.ProtoBuf$TypeParameter$Variance$1                 : loaded 3 times (x 76B)
Class org.jetbrains.kotlin.metadata.ProtoBuf$Annotation$Argument$Value$Type           : loaded 3 times (x 84B)
Class org.jetbrains.kotlin.metadata.ProtoBuf$Class$Kind$1                             : loaded 3 times (x 76B)
Class org.jetbrains.kotlin.metadata.ProtoBuf$Type$Argument$1                          : loaded 3 times (x 146B)
Class org.jetbrains.kotlin.metadata.ProtoBuf$Package$1                                : loaded 3 times (x 146B)
Class org.jetbrains.kotlin.protobuf.SmallSortedMap$Entry                              : loaded 3 times (x 90B)
Class jdk.internal.jrtfs.JrtDirectoryStream                                           : loaded 3 times (x 91B)
Class com.google.common.collect.ImmutableList                                         : loaded 3 times (x 208B)
Class org.jetbrains.kotlin.cli.common.messages.CompilerMessageSeverity$Companion      : loaded 3 times (x 73B)
Class kotlinx.coroutines.Empty                                                        : loaded 3 times (x 77B)
Class kotlinx.coroutines.internal.OpDescriptor                                        : loaded 3 times (x 75B)
Class org.jetbrains.kotlin.protobuf.FieldSet$1                                        : loaded 3 times (x 73B)
Class Build_gradle                                                                    : loaded 3 times (x 128B)
Class org.jetbrains.kotlin.protobuf.MessageLite$Builder                               : loaded 3 times (x 72B)
Class org.jetbrains.kotlin.mpp.DeclarationSymbolMarker                                : loaded 3 times (x 72B)
Class kotlinx.coroutines.AbstractTimeSourceKt                                         : loaded 3 times (x 73B)
Class org.jetbrains.kotlin.protobuf.CodedInputStream                                  : loaded 3 times (x 74B)
Class org.jetbrains.kotlin.protobuf.RopeByteString$RopeInputStream                    : loaded 3 times (x 94B)
Class org.jetbrains.kotlin.descriptors.Visibility                                     : loaded 3 times (x 81B)
Class org.jetbrains.kotlin.cli.common.messages.MessageRenderer                        : loaded 3 times (x 72B)
Class kotlinx.coroutines.Incomplete                                                   : loaded 3 times (x 72B)
Class kotlin.reflect.KMutableProperty$Setter                                          : loaded 3 times (x 72B)
Class kotlinx.coroutines.internal.ResizableAtomicArray                                : loaded 3 times (x 74B)
Class org.jetbrains.kotlin.metadata.deserialization.Flags$EnumLiteFlagField           : loaded 3 times (x 78B)
Class org.jetbrains.org.objectweb.asm.MethodWriter                                    : loaded 3 times (x 107B)
Class kotlinx.coroutines.scheduling.TaskContextImpl                                   : loaded 3 times (x 77B)
Class org.jetbrains.kotlin.metadata.ProtoBuf$EnumEntryOrBuilder                       : loaded 3 times (x 72B)
Class org.jetbrains.kotlin.descriptors.ValidateableDescriptor                         : loaded 3 times (x 72B)
Class kotlin.InitializedLazyImpl                                                      : loaded 3 times (x 78B)
Class [Lorg.jetbrains.kotlin.metadata.ProtoBuf$Type$Argument$Projection;              : loaded 3 times (x 71B)
Class kotlin.collections.ArrayDeque$Companion                                         : loaded 3 times (x 73B)
Class kotlin.coroutines.jvm.internal.Boxing                                           : loaded 3 times (x 73B)
Class org.jetbrains.kotlin.cli.common.arguments.CommonToolArguments                   : loaded 3 times (x 75B)
Class kotlin.sequences.DropTakeSequence                                               : loaded 3 times (x 72B)
Class org.jetbrains.kotlin.descriptors.annotations.Annotated                          : loaded 3 times (x 72B)
Class org.jetbrains.kotlin.cli.common.CompilerSystemProperties$Companion              : loaded 3 times (x 73B)
Class kotlinx.coroutines.internal.LockFreeTaskQueueCore$Companion                     : loaded 3 times (x 73B)
Class org.jetbrains.kotlin.metadata.ProtoBuf$Modality$1                               : loaded 3 times (x 76B)
Class org.jetbrains.kotlin.resolve.scopes.receivers.Receiver                          : loaded 3 times (x 72B)
Class org.jetbrains.kotlin.metadata.ProtoBuf$Type$Argument                            : loaded 3 times (x 112B)
Class org.jetbrains.kotlin.cli.common.ExitCode                                        : loaded 3 times (x 81B)
Class org.jetbrains.kotlin.metadata.ProtoBuf$ContractOrBuilder                        : loaded 3 times (x 72B)
Class kotlin.coroutines.CoroutineContext$DefaultImpls                                 : loaded 3 times (x 73B)
Class kotlinx.coroutines.internal.LockFreeLinkedListNode                              : loaded 3 times (x 77B)
Class org.jetbrains.kotlin.utils.KotlinExceptionWithAttachments                       : loaded 3 times (x 96B)
Class kotlin.reflect.jvm.internal.EmptyContainerForLocal                              : loaded 3 times (x 86B)
Class [Lorg.jetbrains.kotlin.metadata.ProtoBuf$Visibility;                            : loaded 3 times (x 71B)
Class kotlinx.coroutines.scheduling.TaskContext                                       : loaded 3 times (x 72B)
Class org.jetbrains.kotlin.protobuf.WireFormat                                        : loaded 3 times (x 73B)
Class [Lkotlin.annotation.AnnotationRetention;                                        : loaded 3 times (x 71B)
Class org.jetbrains.kotlin.cli.common.arguments.CommonCompilerArgumentsConfigurator   : loaded 3 times (x 76B)
Class kotlin.reflect.jvm.internal.impl.name.FqNameUnsafe                              : loaded 3 times (x 74B)
Class kotlinx.coroutines.internal.ThreadContextKt                                     : loaded 3 times (x 73B)
Class org.jetbrains.kotlin.metadata.ProtoBuf$VersionRequirementTable$1                : loaded 3 times (x 146B)
Class org.jetbrains.kotlin.metadata.ProtoBuf$Contract                                 : loaded 3 times (x 109B)
Class org.jetbrains.kotlin.cli.common.arguments.CommonCompilerArguments               : loaded 3 times (x 76B)
Class kotlinx.coroutines.CoroutineContextKt$hasCopyableElements$1                     : loaded 3 times (x 80B)
Class kotlin.reflect.jvm.internal.impl.name.Name                                      : loaded 3 times (x 77B)
Class kotlinx.coroutines.BuildersKt                                                   : loaded 3 times (x 73B)
Class kotlinx.coroutines.AbstractCoroutine                                            : loaded 3 times (x 145B)
Class org.jetbrains.kotlin.metadata.ProtoBuf$EnumEntry                                : loaded 3 times (x 122B)
Class kotlin.reflect.jvm.internal.KTypeParameterOwnerImpl                             : loaded 3 times (x 72B)
Class kotlinx.coroutines.GlobalScope                                                  : loaded 3 times (x 76B)
Class kotlinx.coroutines.Unconfined                                                   : loaded 3 times (x 101B)
Class kotlinx.coroutines.DefaultExecutorKt                                            : loaded 3 times (x 73B)
Class org.jetbrains.kotlin.metadata.ProtoBuf$EnumEntry$1                              : loaded 3 times (x 146B)
Class org.jetbrains.kotlin.metadata.ProtoBuf$Type$Argument$Projection                 : loaded 3 times (x 84B)
Class kotlin.reflect.jvm.internal.impl.builtins.CompanionObjectMapping                : loaded 3 times (x 73B)
Class kotlin.collections.AbstractMap$Companion                                        : loaded 3 times (x 73B)
Class org.jetbrains.kotlin.metadata.deserialization.BinaryVersion                     : loaded 3 times (x 76B)
Class kotlinx.coroutines.DebugKt                                                      : loaded 3 times (x 73B)
Class org.jetbrains.kotlin.cli.common.arguments.K2JVMCompilerArguments                : loaded 3 times (x 77B)
Class kotlin.jvm.internal.MutablePropertyReference0                                   : loaded 3 times (x 139B)
Class org.jetbrains.org.objectweb.asm.TypeReference                                   : loaded 3 times (x 82B)
Class kotlin.reflect.jvm.internal.KClassImpl$Data                                     : loaded 3 times (x 74B)
Class kotlin.reflect.jvm.internal.impl.builtins.PrimitiveType$Companion               : loaded 3 times (x 73B)
Class kotlinx.coroutines.EventLoopImplBase                                            : loaded 3 times (x 118B)
Class kotlinx.coroutines.CoroutineId                                                  : loaded 3 times (x 95B)
Class org.jetbrains.kotlin.protobuf.RopeByteString                                    : loaded 3 times (x 112B)
Class org.jetbrains.kotlin.utils.exceptions.KotlinExceptionWithAttachments            : loaded 3 times (x 72B)
Class kotlin.reflect.jvm.internal.KDeclarationContainerImpl$Data                      : loaded 3 times (x 74B)
Class kotlinx.coroutines.scheduling.UnlimitedIoScheduler                              : loaded 3 times (x 101B)
Class kotlinx.coroutines.CoroutineStart                                               : loaded 3 times (x 81B)
Class org.jetbrains.kotlin.protobuf.Internal$EnumLite                                 : loaded 3 times (x 72B)
Class kotlin.properties.ReadWriteProperty                                             : loaded 3 times (x 72B)
Class org.jetbrains.kotlin.cli.common.messages.GradleStyleMessageRenderer             : loaded 3 times (x 80B)
Class kotlin.coroutines.AbstractCoroutineContextKey                                   : loaded 3 times (x 74B)
Class kotlinx.coroutines.CompletedExceptionally                                       : loaded 3 times (x 74B)
Class org.jetbrains.kotlin.metadata.ProtoBuf$Annotation                               : loaded 3 times (x 111B)
Class org.jetbrains.kotlin.protobuf.CodedOutputStream                                 : loaded 3 times (x 74B)
Class [Lkotlin.DeprecationLevel;                                                      : loaded 3 times (x 71B)
Class kotlin.reflect.jvm.internal.KClassImpl                                          : loaded 3 times (x 117B)
Class org.jetbrains.kotlin.config.Services$Builder                                    : loaded 3 times (x 74B)
Class kotlin.collections.AbstractSet$Companion                                        : loaded 3 times (x 73B)
Class kotlinx.coroutines.CoroutineStart$WhenMappings                                  : loaded 3 times (x 73B)
Class org.jetbrains.kotlin.protobuf.MessageLite                                       : loaded 3 times (x 72B)
Class org.jetbrains.kotlin.protobuf.SmallSortedMap$EmptySet                           : loaded 3 times (x 73B)
Class kotlin.collections.ReversedListReadOnly                                         : loaded 3 times (x 200B)
Class org.jetbrains.kotlin.metadata.deserialization.MetadataVersion$Companion         : loaded 3 times (x 73B)
Class kotlin.reflect.jvm.internal.ReflectProperties$Val$1                             : loaded 3 times (x 73B)
Class org.jetbrains.kotlin.protobuf.SmallSortedMap                                    : loaded 3 times (x 131B)
Class org.jetbrains.kotlin.descriptors.DeclarationDescriptorWithVisibility            : loaded 3 times (x 72B)
Class org.jetbrains.kotlin.protobuf.CodedOutputStream$ByteBufferOutputStream          : loaded 3 times (x 88B)
Class org.jetbrains.kotlin.metadata.ProtoBuf$Visibility                               : loaded 3 times (x 84B)
Class kotlin.UInt                                                                     : loaded 3 times (x 76B)
Class kotlin.UInt$Companion                                                           : loaded 3 times (x 73B)
Class org.jetbrains.kotlin.metadata.ProtoBuf$ConstructorOrBuilder                     : loaded 3 times (x 72B)
Class [Lorg.jetbrains.kotlin.metadata.ProtoBuf$Modality;                              : loaded 3 times (x 71B)
Class org.jetbrains.kotlin.metadata.ProtoBuf$Annotation$Argument$ValueOrBuilder       : loaded 3 times (x 72B)
Class kotlin.collections.ReversedListReadOnly$listIterator$1                          : loaded 3 times (x 92B)
Class kotlinx.coroutines.EventLoop_commonKt                                           : loaded 3 times (x 73B)
Class [Lkotlin.reflect.jvm.internal.impl.resolve.jvm.JvmPrimitiveType;                : loaded 3 times (x 71B)
Class kotlin.coroutines.CoroutineContext$Element$DefaultImpls                         : loaded 3 times (x 73B)
Class kotlinx.coroutines.Job$DefaultImpls                                             : loaded 3 times (x 73B)
Class org.jetbrains.kotlin.metadata.ProtoBuf$ClassOrBuilder                           : loaded 3 times (x 72B)
Class org.jetbrains.kotlin.metadata.ProtoBuf$ValueParameter                           : loaded 3 times (x 134B)
Class org.jetbrains.kotlin.metadata.deserialization.BinaryVersion$Companion           : loaded 3 times (x 73B)
Class org.jetbrains.kotlin.com.google.common.base.Function                            : loaded 3 times (x 72B)
Class kotlinx.coroutines.EventLoopKt                                                  : loaded 3 times (x 73B)
Class org.jetbrains.kotlin.metadata.ProtoBuf$TypeParameter$1                          : loaded 3 times (x 146B)
Class org.jetbrains.kotlin.codegen.CompilationException                               : loaded 3 times (x 97B)
Class org.jetbrains.kotlin.protobuf.LazyField                                         : loaded 3 times (x 85B)
Class org.jetbrains.kotlin.metadata.ProtoBuf$VersionRequirementTable                  : loaded 3 times (x 109B)
Class kotlinx.coroutines.internal.DispatchedContinuation                              : loaded 3 times (x 92B)
Class org.jetbrains.kotlin.metadata.ProtoBuf$Function                                 : loaded 3 times (x 162B)
Class org.jetbrains.kotlin.protobuf.GeneratedMessageLite$1                            : loaded 3 times (x 73B)
Class kotlin.reflect.full.IllegalPropertyDelegateAccessException                      : loaded 3 times (x 84B)
Class [Lkotlin.reflect.jvm.internal.impl.builtins.jvm.JavaToKotlinClassMap$PlatformMutabilityMapping;: loaded 3 times (x 71B)
Class kotlinx.coroutines.CoroutineContextKt                                           : loaded 3 times (x 73B)
Class org.jetbrains.kotlin.metadata.deserialization.Flags                             : loaded 3 times (x 73B)
Class org.jetbrains.kotlin.metadata.ProtoBuf$TypeTable$1                              : loaded 3 times (x 146B)
Class org.jetbrains.kotlin.name.Name                                                  : loaded 3 times (x 77B)
Class kotlin.jvm.internal.PropertyReference2                                          : loaded 3 times (x 129B)
Class jdk.internal.jimage.ImageReader$SharedImageReader$LocationVisitor               : loaded 3 times (x 72B)
Class org.jetbrains.kotlin.metadata.ProtoBuf$FunctionOrBuilder                        : loaded 3 times (x 72B)
Class kotlin.reflect.full.IllegalCallableAccessException                              : loaded 3 times (x 84B)
Class org.jetbrains.kotlin.protobuf.GeneratedMessageLite$ExtendableMessageOrBuilder   : loaded 3 times (x 72B)
Class org.jetbrains.kotlin.metadata.ProtoBuf$VersionRequirementTableOrBuilder         : loaded 3 times (x 72B)
Class org.jetbrains.kotlin.resolve.scopes.receivers.ReceiverValue                     : loaded 3 times (x 72B)
Class kotlin.sequences.EmptySequence                                                  : loaded 3 times (x 80B)
Class org.jetbrains.kotlin.cli.common.arguments.ParseCommandLineArgumentsKt           : loaded 3 times (x 73B)
Class kotlinx.coroutines.NonDisposableHandle                                          : loaded 3 times (x 80B)
Class org.jetbrains.kotlin.metadata.ProtoBuf$Constructor                              : loaded 3 times (x 131B)
Class [Lorg.jetbrains.kotlin.metadata.ProtoBuf$TypeParameter$Variance;                : loaded 3 times (x 71B)
Class kotlin.reflect.jvm.internal.KDeclarationContainerImpl$Companion                 : loaded 3 times (x 73B)
Class org.jetbrains.kotlin.protobuf.WireFormat$FieldType                              : loaded 3 times (x 84B)
Class org.jetbrains.kotlin.metadata.ProtoBuf$AnnotationOrBuilder                      : loaded 3 times (x 72B)
Class [Lorg.jetbrains.kotlin.cli.common.CompilerSystemProperties;                     : loaded 3 times (x 71B)
Class org.jetbrains.kotlin.name.ClassId$Companion                                     : loaded 3 times (x 73B)
Class kotlinx.coroutines.CoroutineDispatcher                                          : loaded 3 times (x 101B)
Class kotlinx.coroutines.CoroutineDispatcher$Key$1                                    : loaded 3 times (x 80B)
Class org.jetbrains.kotlin.protobuf.MessageLiteOrBuilder                              : loaded 3 times (x 72B)
Class org.jetbrains.kotlin.metadata.ProtoBuf$TypeTable                                : loaded 3 times (x 111B)
Class kotlin.jvm.internal.markers.KMutableListIterator                                : loaded 3 times (x 72B)
Class org.jetbrains.kotlin.protobuf.ExtensionRegistryLite                             : loaded 3 times (x 76B)
Class org.jetbrains.org.objectweb.asm.Type                                            : loaded 3 times (x 74B)
Class org.jetbrains.kotlin.metadata.ProtoBuf$Modality                                 : loaded 3 times (x 84B)
Class org.jetbrains.kotlin.name.FqName                                                : loaded 3 times (x 74B)
Class kotlinx.coroutines.CompletionStateKt                                            : loaded 3 times (x 73B)
Class org.jetbrains.kotlin.metadata.ProtoBuf$Property                                 : loaded 3 times (x 173B)
Class org.jetbrains.kotlin.metadata.ProtoBuf$TypeParameterOrBuilder                   : loaded 3 times (x 72B)
Class kotlin.reflect.jvm.internal.impl.descriptors.runtime.structure.ReflectClassUtilKt: loaded 3 times (x 73B)
Class kotlinx.coroutines.ThreadLocalEventLoop                                         : loaded 3 times (x 73B)
Class kotlin.coroutines.AbstractCoroutineContextElement                               : loaded 3 times (x 91B)
Class kotlinx.coroutines.BlockingEventLoop                                            : loaded 3 times (x 118B)
Class kotlin.jvm.internal.Intrinsics$Kotlin                                           : loaded 3 times (x 73B)
Class kotlin.coroutines.ContinuationInterceptor$DefaultImpls                          : loaded 3 times (x 73B)
Class kotlin.collections.AbstractMap                                                  : loaded 3 times (x 124B)
Class org.jetbrains.kotlin.metadata.ProtoBuf$Class$1                                  : loaded 3 times (x 146B)
Class org.jetbrains.kotlin.protobuf.ExtensionRegistryLite$ObjectIntPair               : loaded 3 times (x 74B)
Class org.jetbrains.kotlin.descriptors.Visibilities$Public                            : loaded 3 times (x 81B)
Class kotlinx.coroutines.JobSupportKt                                                 : loaded 3 times (x 73B)
Class org.jetbrains.kotlin.cli.common.arguments.ArgumentParseErrors                   : loaded 3 times (x 74B)
Class kotlin.reflect.jvm.internal.impl.builtins.PrimitiveType                         : loaded 3 times (x 81B)
Class kotlinx.coroutines.CompletionHandlerBase                                        : loaded 3 times (x 82B)
Class kotlin.jvm.internal.MutablePropertyReference1Impl                               : loaded 3 times (x 139B)
Class kotlinx.coroutines.scheduling.SchedulerCoroutineDispatcher                      : loaded 3 times (x 109B)
Class kotlinx.coroutines.ChildHandleNode                                              : loaded 3 times (x 96B)
Class kotlin.reflect.jvm.internal.impl.builtins.jvm.JavaToKotlinClassMap$PlatformMutabilityMapping: loaded 3 times (x 74B)
Class [Lorg.jetbrains.kotlin.protobuf.Internal$EnumLite;                              : loaded 3 times (x 71B)
Class jdk.internal.jrtfs.JrtFileAttributes                                            : loaded 3 times (x 85B)
Class [Lorg.jetbrains.kotlin.cli.common.ExitCode;                                     : loaded 3 times (x 71B)
Class kotlinx.coroutines.internal.SystemPropsKt__SystemPropsKt                        : loaded 3 times (x 73B)
Class kotlinx.coroutines.scheduling.TasksKt                                           : loaded 3 times (x 73B)
Class kotlinx.coroutines.ChildJob                                                     : loaded 3 times (x 72B)
Class org.jetbrains.kotlin.protobuf.AbstractParser                                    : loaded 3 times (x 146B)
Class org.jetbrains.kotlin.metadata.ProtoBuf$Annotation$1                             : loaded 3 times (x 146B)
Class jdk.internal.jimage.ImageReader$Resource                                        : loaded 3 times (x 86B)
Class org.jetbrains.kotlin.descriptors.Visibilities$Private                           : loaded 3 times (x 81B)
Class jdk.internal.jimage.BasicImageReader$2                                          : loaded 3 times (x 79B)
Class jdk.internal.jrtfs.SystemImage                                                  : loaded 3 times (x 76B)
Class kotlin.reflect.jvm.internal.impl.name.SpecialNames                              : loaded 3 times (x 73B)
Class kotlin.reflect.jvm.internal.ReflectProperties$Val                               : loaded 3 times (x 76B)
Class kotlin.jvm.internal.MutablePropertyReference2                                   : loaded 3 times (x 139B)
Class kotlin.collections.AbstractSet                                                  : loaded 3 times (x 137B)
Class kotlinx.coroutines.EventLoop                                                    : loaded 3 times (x 106B)
Class org.jetbrains.kotlin.metadata.deserialization.Flags$BooleanFlagField            : loaded 3 times (x 78B)
Class org.jetbrains.kotlin.metadata.ProtoBuf$Function$1                               : loaded 3 times (x 146B)
Class org.jetbrains.kotlin.metadata.ProtoBuf$Annotation$Argument$1                    : loaded 3 times (x 146B)
Class com.google.common.collect.ImmutableCollection                                   : loaded 3 times (x 127B)
Class org.jetbrains.kotlin.cli.common.arguments.ArgumentField                         : loaded 3 times (x 74B)
Class kotlin.text.RegexKt                                                             : loaded 3 times (x 73B)
Class org.jetbrains.kotlin.name.FqNameUnsafe                                          : loaded 3 times (x 74B)
Class kotlin.reflect.jvm.internal.KDeclarationContainerImpl                           : loaded 3 times (x 86B)
Class kotlinx.coroutines.DefaultExecutor                                              : loaded 3 times (x 121B)
Class kotlinx.coroutines.Job$Key                                                      : loaded 3 times (x 73B)
Class org.jetbrains.kotlin.metadata.ProtoBuf$MemberKind                               : loaded 3 times (x 84B)
Class org.jetbrains.kotlin.protobuf.WireFormat$FieldType$4                            : loaded 3 times (x 84B)
Class org.jetbrains.kotlin.metadata.ProtoBuf$Type$1                                   : loaded 3 times (x 146B)
Class org.jetbrains.kotlin.metadata.ProtoBuf$Contract$1                               : loaded 3 times (x 146B)
Class kotlinx.coroutines.JobNode                                                      : loaded 3 times (x 92B)
Class kotlinx.coroutines.ParentJob                                                    : loaded 3 times (x 72B)
Class kotlinx.coroutines.Delay                                                        : loaded 3 times (x 72B)
Class [Lorg.jetbrains.kotlin.metadata.ProtoBuf$Annotation$Argument$Value$Type;        : loaded 3 times (x 71B)
Class org.jetbrains.kotlin.protobuf.WireFormat$FieldType$3                            : loaded 3 times (x 84B)
Class kotlin.reflect.jvm.internal.ReflectProperties                                   : loaded 3 times (x 73B)
Class org.jetbrains.kotlin.cli.jvm.compiler.KotlinCoreEnvironment                     : loaded 3 times (x 74B)
Class org.jetbrains.kotlin.protobuf.WireFormat$FieldType$2                            : loaded 3 times (x 84B)
Class [Lorg.jetbrains.kotlin.protobuf.WireFormat$FieldType;                           : loaded 3 times (x 71B)
Class org.jetbrains.kotlin.metadata.ProtoBuf$ValueParameter$1                         : loaded 3 times (x 146B)
Class org.jetbrains.kotlin.metadata.ProtoBuf$TypeParameter                            : loaded 3 times (x 131B)
Class [Lorg.jetbrains.kotlin.cli.common.messages.CompilerMessageSeverity;             : loaded 3 times (x 71B)
Class org.jetbrains.kotlin.metadata.ProtoBuf$Class$Kind                               : loaded 3 times (x 84B)
Class org.jetbrains.kotlin.protobuf.ByteString                                        : loaded 3 times (x 110B)
Class org.jetbrains.kotlin.protobuf.WireFormat$FieldType$1                            : loaded 3 times (x 84B)
Class org.jetbrains.kotlin.metadata.ProtoBuf$Annotation$Argument                      : loaded 3 times (x 110B)
Class org.jetbrains.kotlin.protobuf.GeneratedMessageLite$Builder                      : loaded 3 times (x 130B)
Class kotlin.properties.Delegates                                                     : loaded 3 times (x 73B)
Class kotlin.collections.builders.ListBuilder$Itr                                     : loaded 3 times (x 96B)
Class kotlinx.coroutines.ExecutorCoroutineDispatcher$Key$1                            : loaded 3 times (x 80B)
Class org.jetbrains.kotlin.cli.common.arguments.Argument                              : loaded 3 times (x 72B)
Class org.jetbrains.kotlin.cli.common.CompilerSystemProperties                        : loaded 3 times (x 81B)
Class org.jetbrains.kotlin.metadata.ProtoBuf$Class                                    : loaded 3 times (x 187B)
Class org.jetbrains.kotlin.metadata.ProtoBuf$Type                                     : loaded 3 times (x 146B)
Class org.jetbrains.kotlin.metadata.ProtoBuf$Property$1                               : loaded 3 times (x 146B)
Class org.jetbrains.kotlin.cli.common.arguments.Freezable                             : loaded 3 times (x 74B)
Class kotlinx.coroutines.CoroutineDispatcher$Key                                      : loaded 3 times (x 74B)
Class [Lkotlinx.coroutines.CoroutineStart;                                            : loaded 3 times (x 71B)
Class org.jetbrains.kotlin.protobuf.GeneratedMessageLite$GeneratedExtension           : loaded 3 times (x 81B)
Class org.jetbrains.kotlin.metadata.ProtoBuf$Type$ArgumentOrBuilder                   : loaded 3 times (x 72B)
Class kotlin.collections.ArrayDeque                                                   : loaded 3 times (x 209B)
Class [Lkotlin.reflect.jvm.internal.impl.name.FqName;                                 : loaded 3 times (x 71B)
Class kotlin.reflect.jvm.internal.KPackageImpl                                        : loaded 3 times (x 87B)
Class org.jetbrains.kotlin.protobuf.ByteString$Output                                 : loaded 3 times (x 88B)
Class org.jetbrains.kotlin.cli.common.arguments.K2JVMCompilerArgumentsConfigurator    : loaded 3 times (x 76B)
Class org.jetbrains.kotlin.name.FqNameUnsafe$Companion                                : loaded 3 times (x 73B)
Class org.jetbrains.kotlin.descriptors.DeclarationDescriptor                          : loaded 3 times (x 72B)
Class kotlin.reflect.jvm.internal.impl.resolve.jvm.JvmPrimitiveType                   : loaded 3 times (x 81B)
Class kotlinx.coroutines.ThreadContextElement                                         : loaded 3 times (x 72B)
Class kotlinx.coroutines.internal.SystemPropsKt__SystemProps_commonKt                 : loaded 3 times (x 73B)
Class kotlinx.coroutines.DispatchedTaskKt                                             : loaded 3 times (x 73B)
Class org.jetbrains.kotlin.metadata.ProtoBuf$PackageOrBuilder                         : loaded 3 times (x 72B)
Class org.jetbrains.kotlin.protobuf.SmallSortedMap$EmptySet$2                         : loaded 3 times (x 80B)
Class org.jetbrains.kotlin.metadata.ProtoBuf$ValueParameterOrBuilder                  : loaded 3 times (x 72B)
Class org.jetbrains.kotlin.descriptors.Visibilities$Protected                         : loaded 3 times (x 81B)
Class kotlinx.coroutines.ChildHandle                                                  : loaded 3 times (x 72B)
Class kotlin.annotation.AnnotationTarget                                              : loaded 3 times (x 81B)
Class org.jetbrains.kotlin.cli.common.messages.MessageCollector                       : loaded 3 times (x 72B)
Class kotlinx.coroutines.CoroutineScope                                               : loaded 3 times (x 72B)
Class [Lorg.jetbrains.kotlin.protobuf.WireFormat$JavaType;                            : loaded 3 times (x 71B)
Class org.jetbrains.kotlin.protobuf.AbstractMessageLite$Builder$LimitedInputStream    : loaded 3 times (x 94B)
Class org.jetbrains.kotlin.protobuf.SmallSortedMap$EmptySet$1                         : loaded 3 times (x 80B)
Class org.jetbrains.kotlin.metadata.ProtoBuf$Type$Argument$Projection$1               : loaded 3 times (x 76B)
Class org.jetbrains.org.objectweb.asm.MethodVisitor                                   : loaded 3 times (x 107B)
Class kotlin.reflect.jvm.internal.ReflectProperties$LazySoftVal                       : loaded 3 times (x 80B)
Class kotlin.reflect.jvm.internal.impl.builtins.StandardNames                         : loaded 3 times (x 73B)
Class kotlinx.coroutines.IncompleteStateBox                                           : loaded 3 times (x 74B)
Class [Lkotlin.reflect.jvm.internal.impl.builtins.PrimitiveType;                      : loaded 3 times (x 71B)
Class kotlin.coroutines.CombinedContext                                               : loaded 3 times (x 80B)
Class org.jetbrains.kotlin.protobuf.LiteralByteString                                 : loaded 3 times (x 114B)
Class org.jetbrains.kotlin.protobuf.LazyFieldLite                                     : loaded 3 times (x 84B)
Class org.jetbrains.kotlin.config.Services$Companion                                  : loaded 3 times (x 73B)
Class kotlinx.coroutines.internal.LockFreeTaskQueueCore                               : loaded 3 times (x 74B)
Class kotlinx.coroutines.JobCancellingNode                                            : loaded 3 times (x 92B)
Class [Lorg.jetbrains.kotlin.metadata.ProtoBuf$Class$Kind;                            : loaded 3 times (x 71B)
Class kotlinx.coroutines.internal.DispatchedContinuationKt                            : loaded 3 times (x 73B)
Class org.jetbrains.kotlin.metadata.deserialization.Flags$FlagField                   : loaded 3 times (x 75B)
Class kotlin.reflect.jvm.internal.KotlinReflectionInternalError                       : loaded 3 times (x 84B)
Class kotlin.reflect.jvm.internal.impl.builtins.jvm.JavaToKotlinClassMap              : loaded 3 times (x 73B)
Class kotlinx.coroutines.Job                                                          : loaded 3 times (x 72B)
Class org.jetbrains.kotlin.protobuf.ByteString$ByteIterator                           : loaded 3 times (x 72B)
Class kotlin.reflect.jvm.internal.impl.name.ClassId                                   : loaded 3 times (x 74B)
Class org.jetbrains.org.objectweb.asm.FieldVisitor                                    : loaded 3 times (x 79B)
Class kotlinx.coroutines.ExecutorCoroutineDispatcher                                  : loaded 3 times (x 109B)
Class org.jetbrains.kotlin.metadata.ProtoBuf$Visibility$1                             : loaded 3 times (x 76B)
Class org.jetbrains.kotlin.metadata.deserialization.NameResolver                      : loaded 3 times (x 72B)
Class org.jetbrains.kotlin.protobuf.InvalidProtocolBufferException                    : loaded 3 times (x 86B)
Class org.jetbrains.kotlin.protobuf.GeneratedMessageLite$ExtensionDescriptor          : loaded 3 times (x 86B)
Class org.jetbrains.kotlin.descriptors.Named                                          : loaded 3 times (x 72B)
Class org.jetbrains.kotlin.name.ClassId                                               : loaded 3 times (x 74B)
Class org.jetbrains.kotlin.metadata.ProtoBuf$Annotation$Argument$Value$1              : loaded 3 times (x 146B)
Class org.jetbrains.kotlin.metadata.ProtoBuf$TypeParameter$Variance                   : loaded 3 times (x 84B)
Class org.jetbrains.kotlin.protobuf.UninitializedMessageException                     : loaded 3 times (x 86B)
Class org.jetbrains.kotlin.descriptors.Visibilities$InvisibleFake                     : loaded 3 times (x 81B)
Class kotlin.reflect.jvm.internal.impl.builtins.StandardNames$FqNames                 : loaded 3 times (x 73B)
Class kotlinx.coroutines.JobSupport                                                   : loaded 3 times (x 134B)
Class org.jetbrains.kotlin.protobuf.BoundedByteString                                 : loaded 3 times (x 114B)
Class kotlin.DeprecationLevel                                                         : loaded 3 times (x 81B)
Class kotlin.reflect.jvm.internal.ReflectionFactoryImpl                               : loaded 3 times (x 93B)
Class kotlinx.coroutines.internal.ThreadLocalKt                                       : loaded 3 times (x 73B)
Class org.jetbrains.kotlin.protobuf.SmallSortedMap$1                                  : loaded 3 times (x 131B)
Class kotlin.jvm.JvmStatic                                                            : loaded 3 times (x 72B)
Class org.jetbrains.kotlin.descriptors.Visibilities$PrivateToThis                     : loaded 3 times (x 81B)
Class kotlin.jvm.internal.Ref$IntRef                                                  : loaded 3 times (x 73B)
Class org.jetbrains.kotlin.protobuf.GeneratedMessageLite$ExtendableMessage            : loaded 3 times (x 115B)
Class org.jetbrains.kotlin.protobuf.WireFormat$JavaType                               : loaded 3 times (x 81B)
Class org.jetbrains.kotlin.config.Services                                            : loaded 3 times (x 74B)
Class org.jetbrains.kotlin.config.KotlinCompilerVersion                               : loaded 3 times (x 73B)
Class org.jetbrains.kotlin.protobuf.Parser                                            : loaded 3 times (x 72B)
Class jdk.internal.jrtfs.JrtDirectoryStream$1                                         : loaded 3 times (x 85B)
Class org.jetbrains.kotlin.protobuf.Internal$EnumLiteMap                              : loaded 3 times (x 72B)
Class org.jetbrains.kotlin.metadata.deserialization.MetadataVersion                   : loaded 3 times (x 76B)
Class kotlinx.coroutines.internal.SystemPropsKt                                       : loaded 3 times (x 73B)
Class org.jetbrains.kotlin.protobuf.GeneratedMessageLite                              : loaded 3 times (x 103B)
Class org.jetbrains.kotlin.protobuf.AbstractMessageLite$Builder                       : loaded 3 times (x 124B)
Class kotlin.reflect.jvm.internal.impl.utils.CollectionsKt                            : loaded 3 times (x 73B)
Class kotlinx.coroutines.internal.LimitedDispatcherKt                                 : loaded 3 times (x 73B)
Class kotlinx.coroutines.scheduling.GlobalQueue                                       : loaded 3 times (x 74B)
Class kotlinx.coroutines.scheduling.CoroutineScheduler                                : loaded 3 times (x 83B)
Class kotlinx.coroutines.scheduling.SchedulerTimeSource                               : loaded 3 times (x 74B)
Class kotlinx.coroutines.EventLoopImplPlatform                                        : loaded 3 times (x 108B)
Class jdk.internal.jrtfs.JrtFileSystem$1                                              : loaded 3 times (x 109B)
Class org.jetbrains.kotlin.cli.common.arguments.PreprocessCommandLineArgumentsKt      : loaded 3 times (x 73B)
Class org.jetbrains.kotlin.cli.common.messages.CompilerMessageSeverity                : loaded 3 times (x 81B)
Class kotlin.annotation.AnnotationRetention                                           : loaded 3 times (x 81B)
Class kotlinx.coroutines.BuildersKt__BuildersKt                                       : loaded 3 times (x 73B)
Class kotlinx.coroutines.scheduling.NanoTimeSource                                    : loaded 3 times (x 74B)
Class org.jetbrains.kotlin.utils.CollectionsKt                                        : loaded 3 times (x 73B)
Class org.jetbrains.kotlin.metadata.ProtoBuf$Constructor$1                            : loaded 3 times (x 146B)
Class jdk.internal.jrtfs.JrtFileStore                                                 : loaded 3 times (x 85B)
Class org.jetbrains.kotlin.metadata.ProtoBuf$PropertyOrBuilder                        : loaded 3 times (x 72B)
Class kotlin.reflect.jvm.internal.impl.name.FqNamesUtilKt                             : loaded 3 times (x 73B)
Class kotlinx.coroutines.scheduling.CoroutineScheduler$Companion                      : loaded 3 times (x 73B)
Class jdk.internal.jrtfs.SystemImage$2                                                : loaded 3 times (x 78B)
Class [Lkotlin.annotation.AnnotationTarget;                                           : loaded 3 times (x 71B)
Class kotlin.reflect.jvm.internal.impl.name.FqName                                    : loaded 3 times (x 74B)
Class org.jetbrains.kotlin.com.google.common.base.Preconditions                       : loaded 3 times (x 73B)
Class kotlinx.coroutines.DisposableHandle                                             : loaded 3 times (x 72B)
Class org.jetbrains.kotlin.metadata.ProtoBuf$MemberKind$1                             : loaded 3 times (x 76B)
Class jdk.internal.jrtfs.SystemImage$1                                                : loaded 3 times (x 80B)
Class jdk.internal.jimage.ImageReader$LinkNode                                        : loaded 3 times (x 86B)
Class org.jetbrains.kotlin.protobuf.CodedOutputStream$OutOfSpaceException             : loaded 3 times (x 84B)
Class org.jetbrains.kotlin.metadata.ProtoBuf$Annotation$Argument$Value                : loaded 3 times (x 129B)
Class kotlinx.coroutines.scheduling.DefaultIoScheduler                                : loaded 3 times (x 112B)
Class kotlinx.coroutines.DispatchedTask                                               : loaded 3 times (x 83B)
Class org.jetbrains.kotlin.cli.jvm.compiler.CliMetadataFinderFactory                  : loaded 2 times (x 78B)
Class org.jetbrains.kotlin.fir.extensions.FirExtensionRegistrarAdapter$Companion      : loaded 2 times (x 74B)
Class org.jetbrains.kotlin.com.intellij.openapi.roots.PackageIndex                    : loaded 2 times (x 75B)
Class kotlinx.coroutines.internal.ThreadContextKt$countAll$1                          : loaded 2 times (x 80B)
Class org.jetbrains.kotlin.cli.pipeline.jvm.JvmFrontendPipelinePhase$EnvironmentAndSources: loaded 2 times (x 74B)
Class org.jetbrains.kotlin.KtVirtualFileSourceFile                                    : loaded 2 times (x 79B)
Class org.jetbrains.kotlin.com.intellij.navigation.NavigationItem                     : loaded 2 times (x 72B)
Class org.jetbrains.kotlin.com.intellij.util.text.StringKt                            : loaded 2 times (x 73B)
Class org.jetbrains.kotlin.com.intellij.ide.plugins.DisabledPluginsState$Companion    : loaded 2 times (x 73B)
Class org.jetbrains.kotlin.cli.pipeline.jvm.JvmFrontendPipelinePhase$checkNotSupportedPlugins$notSupportedPlugins$1$1: loaded 2 times (x 129B)
Class org.jetbrains.kotlin.com.intellij.openapi.util.Condition$2                      : loaded 2 times (x 88B)
Class org.jetbrains.kotlin.cli.common.modules.ModuleBuilder                           : loaded 2 times (x 85B)
Class org.jetbrains.kotlin.backend.jvm.lower.JvmIrInliner                             : loaded 2 times (x 82B)
Class org.jetbrains.kotlin.backend.jvm.lower.FakeInliningLocalVariables               : loaded 2 times (x 72B)
Class org.jetbrains.kotlin.backend.jvm.lower.TypeOperatorLowering                     : loaded 2 times (x 346B)
Class org.jetbrains.kotlin.backend.jvm.lower.AdditionalClassAnnotationLowering        : loaded 2 times (x 87B)
Class org.jetbrains.kotlin.backend.jvm.JvmLoweringPhasesKt$jvmFilePhases$55           : loaded 2 times (x 127B)
Class org.jetbrains.kotlin.backend.jvm.lower.JvmReturnableBlockLowering               : loaded 2 times (x 87B)
Class org.jetbrains.kotlin.backend.jvm.lower.MappedEnumWhenLowering                   : loaded 2 times (x 359B)
Class org.jetbrains.kotlin.backend.jvm.JvmLoweringPhasesKt$jvmFilePhases$4            : loaded 2 times (x 127B)
Class org.jetbrains.kotlin.cli.common.arguments.JavaTypeEnhancementStateParser$Companion: loaded 2 times (x 73B)
Class org.jetbrains.kotlin.com.google.common.collect.AbstractMapBasedMultimap$RandomAccessWrappedList: loaded 2 times (x 207B)
Class org.jetbrains.kotlin.com.intellij.util.containers.RefHashMap$MyMap              : loaded 2 times (x 182B)
Class org.jetbrains.kotlin.it.unimi.dsi.fastutil.objects.Object2ObjectOpenHashMap     : loaded 2 times (x 181B)
Class kotlin.reflect.jvm.internal.KClassImpl$Data$descriptor$2                        : loaded 2 times (x 81B)
Class org.jetbrains.kotlin.fir.analysis.checkers.syntax.FirSyntaxChecker              : loaded 2 times (x 72B)
Class org.gradle.internal.classloader.DefaultClassLoaderFactory                       : loaded 2 times (x 84B)
Class com.google.common.base.Suppliers                                                : loaded 2 times (x 73B)
Class [Lcom.google.common.cache.CacheBuilder$OneWeigher;                              : loaded 2 times (x 71B)
Class com.google.common.io.ByteStreams                                                : loaded 2 times (x 73B)
Class com.google.common.collect.TransformedIterator                                   : loaded 2 times (x 82B)
Class com.google.common.base.Splitter$1                                               : loaded 2 times (x 79B)
Class com.google.common.cache.LocalCache$Strength$3                                   : loaded 2 times (x 83B)
Class com.google.common.collect.MapDifference                                         : loaded 2 times (x 72B)
Class [Lorg.jetbrains.kotlin.types.model.TypeArgumentMarker;                          : loaded 2 times (x 71B)
Class org.jetbrains.kotlin.fir.analysis.checkers.declaration.FirNotImplementedOverrideChecker: loaded 2 times (x 79B)
Class org.jetbrains.kotlin.fir.resolve.providers.impl.FirCachingCompositeSymbolProvider$special$$inlined$createCache$5: loaded 2 times (x 77B)
Class org.jetbrains.kotlin.fir.java.JvmSupertypeUpdater                               : loaded 2 times (x 75B)
Class org.jetbrains.kotlin.psi.KtScript                                               : loaded 2 times (x 919B)
Class org.jetbrains.kotlin.psi.stubs.KotlinValueArgumentStub                          : loaded 2 times (x 72B)
Class [Lorg.jetbrains.kotlin.psi.KtModifierList;                                      : loaded 2 times (x 71B)
Class org.jetbrains.kotlin.psi.KtDeclarationModifierList                              : loaded 2 times (x 514B)
Class org.jetbrains.kotlin.psi.KtTypeParameter                                        : loaded 2 times (x 917B)
Class org.jetbrains.kotlin.com.intellij.psi.stubs.NamedStub                           : loaded 2 times (x 72B)
Class org.jetbrains.kotlin.fir.analysis.FirOverridesBackwardCompatibilityHelper       : loaded 2 times (x 76B)
Class org.jetbrains.kotlin.fir.declarations.FirAnnotationsPlatformSpecificSupportComponent: loaded 2 times (x 80B)
Class org.jetbrains.kotlin.types.TypeSystemCommonBackendContext                       : loaded 2 times (x 72B)
Class org.jetbrains.kotlin.fir.types.impl.FirImplicitNumberTypeRef                    : loaded 2 times (x 109B)
Class org.jetbrains.kotlin.fir.types.ConeTypeProjection$Companion                     : loaded 2 times (x 73B)
Class org.jetbrains.kotlin.fir.types.ConeLookupTagBasedType                           : loaded 2 times (x 83B)
Class org.jetbrains.kotlin.io.vavr.Value                                              : loaded 2 times (x 72B)
Class org.jetbrains.kotlin.resolve.jvm.modules.JavaModule$Root                        : loaded 2 times (x 74B)
Class [Lorg.jetbrains.kotlin.extensions.CompilerConfigurationExtension;               : loaded 2 times (x 71B)
Class org.jetbrains.kotlin.com.intellij.psi.JavaPsiFacade                             : loaded 2 times (x 88B)
Class org.jetbrains.kotlin.com.intellij.lang.jvm.types.JvmPrimitiveType               : loaded 2 times (x 72B)
Class org.jetbrains.kotlin.com.intellij.psi.impl.PsiFileFactoryImpl                   : loaded 2 times (x 88B)
Class org.jetbrains.kotlin.com.intellij.util.messages.impl.ToParentMessagePublisher   : loaded 2 times (x 78B)
Class org.jetbrains.kotlin.kotlinx.collections.immutable.implementations.immutableSet.TrieNodeKt: loaded 2 times (x 73B)
Class org.jetbrains.kotlin.com.intellij.ide.plugins.DescriptorListLoadingContext$disabledPlugins$2: loaded 2 times (x 81B)
Class org.jetbrains.kotlin.com.intellij.util.containers.ConcurrentRefHashMap$KeyReference: loaded 2 times (x 72B)
Class org.jetbrains.kotlin.com.intellij.psi.PsiParameterListOwner                     : loaded 2 times (x 72B)
Class org.jetbrains.kotlin.com.intellij.psi.PsiModifierListOwner                      : loaded 2 times (x 72B)
Class org.jetbrains.kotlin.com.intellij.psi.impl.source.tree.java.PsiKeywordImpl      : loaded 2 times (x 436B)
Class org.jetbrains.kotlin.com.intellij.openapi.command.CommandEvent                  : loaded 2 times (x 77B)
Class org.jetbrains.kotlin.com.intellij.openapi.vfs.VirtualFileEvent                  : loaded 2 times (x 78B)
Class org.jetbrains.kotlin.com.intellij.openapi.editor.Document                       : loaded 2 times (x 72B)
Class org.jetbrains.kotlin.com.intellij.util.messages.impl.MessageQueue               : loaded 2 times (x 74B)
Class org.jetbrains.kotlin.com.intellij.util.concurrency.SynchronizedClearableLazy    : loaded 2 times (x 77B)
Class org.jetbrains.kotlin.com.intellij.openapi.util.UserDataHolderEx                 : loaded 2 times (x 72B)
Class org.jetbrains.kotlin.cli.pipeline.jvm.JvmFrontendPipelinePhase$checkNotSupportedPlugins$notSupportedPlugins$1$2: loaded 2 times (x 129B)
Class org.jetbrains.kotlin.com.intellij.openapi.util.Condition$3                      : loaded 2 times (x 88B)
Class org.jetbrains.kotlin.backend.jvm.lower.ResolveInlineCalls                       : loaded 2 times (x 346B)
Class org.jetbrains.kotlin.backend.common.ErrorReportingContext                       : loaded 2 times (x 72B)
Class org.jetbrains.kotlin.backend.jvm.JvmLoweringPhasesKt$jvmFilePhases$56           : loaded 2 times (x 127B)
Class org.jetbrains.kotlin.backend.jvm.lower.JvmTailrecLowering                       : loaded 2 times (x 91B)
Class org.jetbrains.kotlin.backend.jvm.JvmLoweringPhasesKt$jvmFilePhases$5            : loaded 2 times (x 127B)
Class org.jetbrains.kotlin.cli.pipeline.ArgumentsPipelineArtifact                     : loaded 2 times (x 74B)
Class org.objectweb.asm.MethodTooLargeException                                       : loaded 2 times (x 84B)
Class org.jetbrains.kotlin.config.LanguageFeatureBehaviorAfterSinceVersion            : loaded 2 times (x 73B)
Class [Lorg.jetbrains.kotlin.config.LanguageFeature;                                  : loaded 2 times (x 71B)
Class com.google.common.base.Platform$JdkPatternCompiler                              : loaded 2 times (x 77B)
Class com.google.common.reflect.Invokable                                             : loaded 2 times (x 105B)
Class org.objectweb.asm.FieldWriter                                                   : loaded 2 times (x 79B)
Class com.google.common.cache.CacheBuilder$NullListener                               : loaded 2 times (x 84B)
Class org.gradle.internal.classpath.TransformedClassPath                              : loaded 2 times (x 98B)
Class org.gradle.internal.classloader.InstrumentingClassLoader                        : loaded 2 times (x 72B)
Class org.jetbrains.kotlin.fir.extensions.predicate.PredicateVisitor                  : loaded 2 times (x 82B)
Class org.jetbrains.kotlin.fir.analysis.checkers.declaration.FirFunInterfaceDeclarationChecker$Regular: loaded 2 times (x 80B)
Class org.jetbrains.kotlin.fir.analysis.checkers.type.FirTypeChecker                  : loaded 2 times (x 79B)
Class org.jetbrains.kotlin.fir.analysis.checkers.expression.ExpressionCheckers        : loaded 2 times (x 109B)
Class org.jetbrains.kotlin.fir.java.deserialization.OptionalAnnotationClassesProvider$annotationDeserializer$1: loaded 2 times (x 89B)
Class org.jetbrains.kotlin.fir.resolve.providers.impl.BinaryVersionAndPackageFragment$Companion: loaded 2 times (x 73B)
Class org.jetbrains.kotlin.builtins.StandardNames                                     : loaded 2 times (x 73B)
Class org.jetbrains.kotlin.fir.java.FirSyntheticPropertiesStorage                     : loaded 2 times (x 74B)
Class org.jetbrains.kotlin.container.ComponentDescriptor                              : loaded 2 times (x 72B)
Class org.jetbrains.kotlin.psi.KtFunctionNotStubbed                                   : loaded 2 times (x 1197B)
Class [Lorg.jetbrains.kotlin.psi.KtTypeParameterListOwnerStub;                        : loaded 2 times (x 71B)
Class org.jetbrains.kotlin.com.intellij.psi.StubBasedPsiElement                       : loaded 2 times (x 72B)
Class org.jetbrains.kotlin.fir.resolve.transformers.FirDummyCompilerLazyDeclarationResolver: loaded 2 times (x 79B)
Class org.jetbrains.kotlin.com.intellij.util.io.UnsyncByteArrayInputStream            : loaded 2 times (x 94B)
Class org.jetbrains.kotlin.fir.backend.Fir2IrReplSnippetConfiguratorExtension         : loaded 2 times (x 78B)
Class org.jetbrains.kotlin.fir.FirVisibilityChecker                                   : loaded 2 times (x 75B)
Class org.jetbrains.kotlin.backend.jvm.extensions.ClassGeneratorExtension$Companion   : loaded 2 times (x 74B)
Class org.jetbrains.kotlin.com.intellij.psi.JvmPsiConversionHelper                    : loaded 2 times (x 72B)
Class [Lorg.jetbrains.kotlin.com.fasterxml.aalto.in.ByteBasedPNameTable$Bucket;       : loaded 2 times (x 71B)
Class org.jetbrains.kotlin.metadata.ProtoBuf$Effect$EffectType                        : loaded 2 times (x 84B)
Class org.jetbrains.kotlin.resolve.checkers.ExplicitApiDeclarationChecker             : loaded 2 times (x 76B)
Class org.jetbrains.kotlin.com.intellij.openapi.projectRoots.JavaVersionService       : loaded 2 times (x 74B)
Class org.jetbrains.kotlin.com.intellij.psi.impl.java.stubs.PsiJavaFileStub           : loaded 2 times (x 72B)
Class org.jetbrains.kotlin.com.intellij.psi.PsiJavaToken                              : loaded 2 times (x 72B)
Class org.jetbrains.kotlin.com.intellij.util.messages.MessageBusConnection            : loaded 2 times (x 72B)
Class org.jetbrains.kotlin.com.intellij.util.containers.FastUtilHashingStrategies$SerializableHashStrategy: loaded 2 times (x 72B)
Class org.jetbrains.kotlin.cli.common.config.KotlinSourceRoot                         : loaded 2 times (x 74B)
Class org.jetbrains.kotlin.backend.jvm.JvmLoweringPhasesKt$jvmFilePhases$57           : loaded 2 times (x 127B)
Class org.jetbrains.kotlin.backend.jvm.lower.InheritedDefaultMethodsOnClassesLowering : loaded 2 times (x 87B)
Class org.jetbrains.kotlin.backend.jvm.lower.JvmDefaultParameterCleaner               : loaded 2 times (x 90B)
Class org.jetbrains.kotlin.backend.jvm.lower.JvmValueClassAbstractLowering            : loaded 2 times (x 369B)
Class org.jetbrains.kotlin.backend.jvm.JvmLoweringPhasesKt$jvmFilePhases$20           : loaded 2 times (x 127B)
Class org.jetbrains.kotlin.backend.jvm.JvmLoweringPhasesKt$jvmFilePhases$6            : loaded 2 times (x 127B)
Class org.jetbrains.kotlin.com.intellij.openapi.util.CheckedDisposable                : loaded 2 times (x 72B)
Class org.jetbrains.kotlin.storage.StorageManager                                     : loaded 2 times (x 72B)
Class org.jetbrains.kotlin.diagnostics.impl.BaseDiagnosticsCollector$RawReporter$Companion: loaded 2 times (x 73B)
Class org.jetbrains.kotlin.psi.stubs.elements.KtValueArgumentListElementType          : loaded 2 times (x 105B)
Class org.jetbrains.kotlin.cli.common.environment.UtilKt                              : loaded 2 times (x 73B)
Class kotlin.reflect.jvm.internal.KPropertyImpl$_javaField$1                          : loaded 2 times (x 81B)
Class kotlin.reflect.jvm.internal.KClassImpl$data$1                                   : loaded 2 times (x 81B)
Class org.jetbrains.kotlin.config.JvmTarget$Companion                                 : loaded 2 times (x 73B)
Class [Lorg.jetbrains.kotlin.psi.KtDeclarationWithInitializer;                        : loaded 2 times (x 71B)
Class org.jetbrains.kotlin.it.unimi.dsi.fastutil.objects.ReferenceCollection          : loaded 2 times (x 72B)
Class [Lorg.jetbrains.kotlin.psi.KtConstructorCalleeExpression;                       : loaded 2 times (x 71B)
Class org.jetbrains.kotlin.metadata.jvm.JvmProtoBuf$StringTableTypes$RecordOrBuilder  : loaded 2 times (x 72B)
Class org.jetbrains.kotlin.resolve.jvm.JvmClassName                                   : loaded 2 times (x 78B)
Class [Lorg.jetbrains.org.objectweb.asm.SymbolTable$Entry;                            : loaded 2 times (x 71B)
Class com.google.common.reflect.Types$ParameterizedTypeImpl                           : loaded 2 times (x 83B)
Class com.google.common.collect.Iterators$ArrayItr                                    : loaded 2 times (x 99B)
Class com.google.common.cache.CacheLoader$FunctionToCacheLoader                       : loaded 2 times (x 77B)
Class com.google.common.collect.ImmutableCollection$Builder                           : loaded 2 times (x 78B)
Class org.jetbrains.kotlin.load.java.AbstractAnnotationTypeQualifierResolver$Companion: loaded 2 times (x 73B)
Class org.jetbrains.kotlin.fir.declarations.FirDeclarationOrigin$Synthetic$DataClassMember: loaded 2 times (x 74B)
Class org.jetbrains.kotlin.fir.resolve.providers.impl.FirTypeResolverImpl             : loaded 2 times (x 75B)
Class org.jetbrains.kotlin.descriptors.EffectiveVisibility$Public                     : loaded 2 times (x 77B)
Class org.jetbrains.kotlin.container.DynamicComponentDescriptor                       : loaded 2 times (x 76B)
Class org.jetbrains.kotlin.com.intellij.lexer.FlexAdapter                             : loaded 2 times (x 88B)
Class [Lorg.jetbrains.kotlin.psi.KtClassLiteralExpression;                            : loaded 2 times (x 71B)
Class org.jetbrains.kotlin.psi.KtSuperTypeEntry                                       : loaded 2 times (x 447B)
Class org.jetbrains.kotlin.psi.KtSimpleNameExpression                                 : loaded 2 times (x 72B)
Class [Lorg.jetbrains.kotlin.psi.KtImportList;                                        : loaded 2 times (x 71B)
Class org.jetbrains.kotlin.psi.stubs.KotlinClassStub                                  : loaded 2 times (x 72B)
Class org.jetbrains.kotlin.psi.stubs.elements.KtTypeProjectionElementType             : loaded 2 times (x 105B)
Class org.jetbrains.kotlin.psi.stubs.elements.KtPlaceHolderStubElementType            : loaded 2 times (x 105B)
Class org.jetbrains.kotlin.psi.KtTypeReference                                        : loaded 2 times (x 644B)
Class org.jetbrains.kotlin.fir.FirLanguageSettingsComponent                           : loaded 2 times (x 74B)
Class org.jetbrains.kotlin.resolve.TargetPlatform                                     : loaded 2 times (x 72B)
Class org.jetbrains.kotlin.com.intellij.psi.impl.light.LightElement                   : loaded 2 times (x 294B)
Class org.jetbrains.kotlin.com.intellij.util.containers.LinkedCustomHashMap           : loaded 2 times (x 74B)
Class org.jetbrains.kotlin.com.intellij.psi.impl.source.PsiFileWithStubSupport        : loaded 2 times (x 72B)
Class org.jetbrains.kotlin.com.intellij.psi.search.GlobalSearchScope$EmptyScope       : loaded 2 times (x 98B)
Class org.jetbrains.kotlin.kotlinx.collections.immutable.internal.EndOfChain          : loaded 2 times (x 73B)
Class org.jetbrains.kotlin.fir.extensions.FirExtensionServiceKt                       : loaded 2 times (x 73B)
Class org.jetbrains.kotlin.com.intellij.codeInsight.runner.JavaMainMethodProvider     : loaded 2 times (x 72B)
Class org.jetbrains.kotlin.com.intellij.navigation.ItemPresentationProvider           : loaded 2 times (x 72B)
Class [Lorg.jetbrains.kotlin.com.intellij.util.ConcurrentLongObjectHashMap$CounterCell;: loaded 2 times (x 71B)
Class org.jetbrains.kotlin.com.intellij.lang.SyntaxTreeBuilder                        : loaded 2 times (x 72B)
Class org.jetbrains.kotlin.com.intellij.openapi.util.text.StringUtil                  : loaded 2 times (x 73B)
Class org.jetbrains.kotlin.cli.jvm.config.JavaSourceRoot                              : loaded 2 times (x 79B)
Class org.jetbrains.kotlin.ir.inline.CommonInlineCallableReferenceToLambdaPhase       : loaded 2 times (x 263B)
Class org.jetbrains.kotlin.backend.jvm.JvmLoweringPhasesKt$jvmFilePhases$58           : loaded 2 times (x 127B)
Class org.jetbrains.kotlin.backend.jvm.lower.SingletonReferencesLowering              : loaded 2 times (x 355B)
Class org.jetbrains.kotlin.backend.jvm.JvmLoweringPhasesKt$jvmFilePhases$21           : loaded 2 times (x 127B)
Class org.jetbrains.kotlin.backend.jvm.JvmLoweringPhasesKt$jvmFilePhases$7            : loaded 2 times (x 127B)
Class org.jetbrains.kotlin.com.google.common.collect.LinkedHashMultimapGwtSerializationDependencies: loaded 2 times (x 175B)
Class org.jetbrains.kotlin.cli.common.CLIConfigurationKeysKt                          : loaded 2 times (x 73B)
Class org.jetbrains.kotlin.config.AnnotationDefaultTargetMode                         : loaded 2 times (x 81B)
Class org.jetbrains.kotlin.it.unimi.dsi.fastutil.ints.IntIterable                     : loaded 2 times (x 72B)
Class org.jetbrains.kotlin.it.unimi.dsi.fastutil.objects.ObjectIterable               : loaded 2 times (x 72B)
Class org.jetbrains.kotlin.fir.resolve.providers.impl.FirCachingCompositeSymbolProvider$special$$inlined$createCache$4: loaded 2 times (x 77B)
Class org.jetbrains.kotlin.config.LanguageFeature                                     : loaded 2 times (x 81B)
Class org.jetbrains.kotlin.backend.jvm.JvmLoweringPhasesKt$jvmFilePhases$83           : loaded 2 times (x 127B)
Class org.jetbrains.kotlin.backend.jvm.JvmLoweringPhasesKt$jvmLoweringPhases$19       : loaded 2 times (x 127B)
Class org.jetbrains.kotlin.com.intellij.diagnostic.LoadingState                       : loaded 2 times (x 81B)
Class org.jetbrains.kotlin.protobuf.GeneratedMessageLite$ExtendableBuilder            : loaded 2 times (x 139B)
Class org.jetbrains.kotlin.metadata.jvm.JvmProtoBuf$StringTableTypes                  : loaded 2 times (x 112B)
Class com.google.common.collect.BaseImmutableMultimap                                 : loaded 2 times (x 125B)
Class com.google.common.reflect.TypeResolver$TypeVariableKey                          : loaded 2 times (x 74B)
Class com.google.common.base.Joiner                                                   : loaded 2 times (x 82B)
Class com.google.common.base.MoreObjects                                              : loaded 2 times (x 73B)
Class org.jetbrains.kotlin.fir.analysis.checkers.declaration.FirDataClassPrimaryConstructorChecker: loaded 2 times (x 79B)
Class org.jetbrains.kotlin.fir.analysis.checkers.declaration.FirOpenMemberChecker     : loaded 2 times (x 79B)
Class org.jetbrains.kotlin.fir.resolve.providers.impl.FirSyntheticFunctionInterfaceProviderBase$cache$1: loaded 2 times (x 127B)
Class org.jetbrains.kotlin.resolve.calls.checkers.CallableReferenceCompatibilityChecker: loaded 2 times (x 76B)
Class [Lorg.jetbrains.kotlin.lexer.KtKeywordToken;                                    : loaded 2 times (x 71B)
Class org.jetbrains.kotlin.fir.types.FirMissingDependencyStorage                      : loaded 2 times (x 74B)
Class org.jetbrains.kotlin.fir.analysis.checkers.syntax.FirDelegationInInterfaceSyntaxChecker: loaded 2 times (x 91B)
Class com.google.common.cache.LocalCache$Strength$2                                   : loaded 2 times (x 83B)
Class org.jetbrains.kotlin.resolve.CommonCompilerDeserializationConfiguration         : loaded 2 times (x 87B)
Class org.jetbrains.kotlin.serialization.deserialization.KotlinMetadataFinder         : loaded 2 times (x 72B)
Class org.jetbrains.kotlin.cli.jvm.index.JvmDependenciesIndex                         : loaded 2 times (x 72B)
Class org.jetbrains.kotlin.load.java.structure.impl.classFiles.PlainJavaLiteralAnnotationArgument: loaded 2 times (x 81B)
Class com.google.common.util.concurrent.SettableFuture                                : loaded 2 times (x 116B)
Class org.jetbrains.kotlin.com.intellij.util.containers.ConcurrentRefValueHashMap     : loaded 2 times (x 151B)
Class org.jetbrains.kotlin.com.intellij.psi.impl.PsiJavaParserFacadeImpl              : loaded 2 times (x 129B)
Class org.jetbrains.kotlin.com.intellij.psi.PsiRecursiveElementWalkingVisitor         : loaded 2 times (x 86B)
Class org.jetbrains.kotlin.com.intellij.psi.impl.file.impl.FileManager                : loaded 2 times (x 72B)
Class org.jetbrains.kotlin.kotlinx.collections.immutable.implementations.persistentOrderedSet.PersistentOrderedSet$Companion: loaded 2 times (x 73B)
Class com.google.common.reflect.Types$ClassOwnership$3                                : loaded 2 times (x 73B)
Class org.jetbrains.kotlin.metadata.jvm.JvmProtoBuf$JvmPropertySignatureOrBuilder     : loaded 2 times (x 72B)
Class org.jetbrains.kotlin.com.intellij.util.containers.CanonicalHashingStrategy      : loaded 2 times (x 77B)
Class org.jetbrains.kotlin.com.intellij.util.containers.ConcurrentRefHashMap$1        : loaded 2 times (x 79B)
Class org.jetbrains.kotlin.com.intellij.psi.search.searches.SmartExtensionPoint$1     : loaded 2 times (x 84B)
Class org.jetbrains.kotlin.com.intellij.psi.search.searches.ExtensibleQueryFactory    : loaded 2 times (x 79B)
Class org.jetbrains.kotlin.com.intellij.openapi.progress.ProgressIndicator            : loaded 2 times (x 72B)
Class org.jetbrains.kotlin.com.intellij.core.CoreEncodingProjectManager               : loaded 2 times (x 76B)
Class org.jetbrains.kotlin.com.intellij.openapi.vfs.local.CoreLocalVirtualFile        : loaded 2 times (x 158B)
Class org.jetbrains.kotlin.com.intellij.openapi.fileTypes.FileTypeRegistry            : loaded 2 times (x 82B)
Class org.jetbrains.kotlin.com.intellij.util.containers.FastUtilCaseInsensitiveStringHashingStrategy: loaded 2 times (x 77B)
Class org.jetbrains.kotlin.com.intellij.psi.impl.source.tree.CompositeElement         : loaded 2 times (x 224B)
Class org.jetbrains.kotlin.backend.jvm.lower.JvmArgumentNullabilityAssertionsLowering : loaded 2 times (x 258B)
Class org.jetbrains.kotlin.backend.jvm.JvmLoweringPhasesKt$jvmFilePhases$59           : loaded 2 times (x 127B)
Class org.jetbrains.kotlin.backend.jvm.lower.JvmSingleAbstractMethodLowering          : loaded 2 times (x 365B)
Class org.jetbrains.kotlin.backend.common.lower.RangeContainsLowering                 : loaded 2 times (x 87B)
Class org.jetbrains.kotlin.backend.jvm.JvmLoweringPhasesKt$jvmFilePhases$22           : loaded 2 times (x 127B)
Class org.jetbrains.kotlin.backend.jvm.JvmLoweringPhasesKt$jvmFilePhases$8            : loaded 2 times (x 127B)
Class org.jetbrains.kotlin.backend.jvm.lower.MainMethodGenerationLowering             : loaded 2 times (x 87B)
Class org.jetbrains.kotlin.storage.CacheWithNotNullValues                             : loaded 2 times (x 72B)
Class [Lorg.jetbrains.kotlin.config.phaser.BeforeOrAfter;                             : loaded 2 times (x 71B)
Class org.jetbrains.kotlin.it.unimi.dsi.fastutil.objects.Reference2ObjectOpenHashMap  : loaded 2 times (x 180B)
Class org.jetbrains.kotlin.com.intellij.psi.PsiDocCommentOwner                        : loaded 2 times (x 72B)
Class org.jetbrains.kotlin.config.LanguageOrApiVersion                                : loaded 2 times (x 72B)
Class org.jetbrains.kotlin.fir.deserialization.FirDeserializationContext              : loaded 2 times (x 74B)
Class kotlin.jvm.internal.BooleanCompanionObject                                      : loaded 2 times (x 73B)
Class org.jetbrains.kotlin.metadata.jvm.JvmProtoBuf$StringTableTypes$1                : loaded 2 times (x 146B)
Class org.jetbrains.kotlin.build.report.metrics.GradleBuildTime                       : loaded 2 times (x 88B)
Class com.google.common.collect.Platform                                              : loaded 2 times (x 73B)
Class [Lorg.objectweb.asm.Type;                                                       : loaded 2 times (x 71B)
Class com.google.common.collect.UnmodifiableIterator                                  : loaded 2 times (x 82B)
Class org.gradle.internal.service.ServiceLocator                                      : loaded 2 times (x 72B)
Class org.jetbrains.kotlin.descriptors.EffectiveVisibility$Protected                  : loaded 2 times (x 77B)
Class org.jetbrains.kotlin.com.intellij.util.containers.WeakList                      : loaded 2 times (x 124B)
Class org.jetbrains.kotlin.fir.session.StructuredProviders                            : loaded 2 times (x 74B)
Class org.jetbrains.kotlin.fir.EffectiveVisibilityUtilsKt                             : loaded 2 times (x 73B)
Class org.jetbrains.kotlin.fir.declarations.FirResolvePhase$Companion                 : loaded 2 times (x 73B)
Class org.jetbrains.kotlin.psi.KtSuperTypeListEntry                                   : loaded 2 times (x 447B)
Class [Lorg.jetbrains.kotlin.psi.KtContractEffectList;                                : loaded 2 times (x 71B)
Class [Lorg.jetbrains.kotlin.psi.KtReferenceExpression;                               : loaded 2 times (x 71B)
Class [Lorg.jetbrains.kotlin.com.intellij.psi.NavigatablePsiElement;                  : loaded 2 times (x 71B)
Class org.jetbrains.kotlin.psi.stubs.elements.KtClassLiteralExpressionElementType     : loaded 2 times (x 102B)
Class org.jetbrains.kotlin.resolve.checkers.VolatileAnnotationChecker                 : loaded 2 times (x 76B)
Class org.jetbrains.kotlin.psi.KtParameterList                                        : loaded 2 times (x 456B)
Class org.jetbrains.kotlin.fir.FirVisibilityChecker$Default                           : loaded 2 times (x 75B)
Class org.jetbrains.kotlin.types.model.TypeSystemInferenceExtensionContext            : loaded 2 times (x 72B)
Class org.jetbrains.kotlin.fir.types.ConeClassLikeLookupTag                           : loaded 2 times (x 77B)
Class org.jetbrains.kotlin.fir.session.FirAbstractSessionFactory                      : loaded 2 times (x 79B)
Class org.jetbrains.kotlin.psi.KtCommonFile                                           : loaded 2 times (x 871B)
Class org.jetbrains.kotlin.io.vavr.collection.Traversable                             : loaded 2 times (x 72B)
Class org.jetbrains.kotlin.com.intellij.mock.MockDumbUtil                             : loaded 2 times (x 73B)
Class org.jetbrains.kotlin.com.intellij.testFramework.LightVirtualFileBase            : loaded 2 times (x 165B)
Class org.jetbrains.kotlin.com.intellij.openapi.vfs.VirtualFileSet                    : loaded 2 times (x 72B)
Class org.jetbrains.kotlin.com.intellij.util.Query                                    : loaded 2 times (x 72B)
Class org.jetbrains.kotlin.com.intellij.util.QueryFactory                             : loaded 2 times (x 78B)
Class org.jetbrains.kotlin.load.java.NullabilityAnnotationStates$Companion            : loaded 2 times (x 73B)
Class org.jetbrains.kotlin.com.intellij.util.ConcurrentLongObjectHashMap              : loaded 2 times (x 81B)
Class org.jetbrains.kotlin.com.intellij.psi.impl.source.resolve.reference.PsiReferenceRegistrarImpl: loaded 2 times (x 88B)
Class org.jetbrains.kotlin.kotlinx.collections.immutable.implementations.immutableList.SmallPersistentVector: loaded 2 times (x 301B)
Class org.jetbrains.kotlin.com.intellij.openapi.components.ComponentManager           : loaded 2 times (x 72B)
Class org.jetbrains.kotlin.backend.jvm.JvmLoweringPhasesKt$jvmFilePhases$23           : loaded 2 times (x 127B)
Class org.jetbrains.kotlin.backend.jvm.JvmLoweringPhasesKt$jvmFilePhases$9            : loaded 2 times (x 127B)
Class org.jetbrains.kotlin.backend.jvm.JvmLoweringPhasesKt$jvmFilePhases$3            : loaded 2 times (x 127B)
Class org.jetbrains.kotlin.backend.jvm.JvmLoweringPhasesKt$jvmFilePhases$54           : loaded 2 times (x 127B)
Class org.jetbrains.kotlin.com.intellij.mock.MockFileIndexFacade                      : loaded 2 times (x 87B)
Class org.jetbrains.kotlin.com.intellij.openapi.wm.ex.ProgressIndicatorEx             : loaded 2 times (x 72B)
Class org.jetbrains.kotlin.com.intellij.openapi.progress.ProcessCanceledException     : loaded 2 times (x 84B)
Class org.jetbrains.kotlin.load.kotlin.header.ReadKotlinClassHeaderAnnotationVisitor$CollectStringArrayAnnotationVisitor: loaded 2 times (x 87B)
Class com.google.common.base.Ascii                                                    : loaded 2 times (x 73B)
Class com.google.common.collect.SingletonImmutableBiMap                               : loaded 2 times (x 145B)
Class com.google.common.collect.Iterators$SingletonIterator                           : loaded 2 times (x 83B)
Class com.google.common.cache.LocalCache$1                                            : loaded 2 times (x 91B)
Class com.google.common.collect.AbstractMapEntry                                      : loaded 2 times (x 83B)
Class ijJvmDebugger1_7m8voghulc6ov9uw2bkrkvfgf$_run_closure1                          : loaded 2 times (x 140B)
Class org.jetbrains.kotlin.fir.analysis.checkers.declaration.FirMultipleDefaultsInheritedFromSupertypesChecker$Regular: loaded 2 times (x 80B)
Class org.jetbrains.kotlin.fir.analysis.checkers.declaration.FirExpectActualClassifiersAreInBetaChecker: loaded 2 times (x 79B)
Class org.jetbrains.kotlin.descriptors.EffectiveVisibility                            : loaded 2 times (x 77B)
Class org.jetbrains.kotlin.fir.declarations.impl.FirDeclarationStatusImpl             : loaded 2 times (x 167B)
Class org.jetbrains.kotlin.fir.declarations.FirDeclarationStatus                      : loaded 2 times (x 72B)
Class org.jetbrains.kotlin.name.JvmStandardClassIds$Annotations$Java                  : loaded 2 times (x 73B)
Class org.jetbrains.kotlin.com.intellij.util.containers.ConcurrentSoftValueHashMap    : loaded 2 times (x 151B)
Class org.jetbrains.kotlin.resolve.checkers.ReturnValueAnnotationChecker              : loaded 2 times (x 76B)
Class org.jetbrains.kotlin.psi.KtReturnExpression                                     : loaded 2 times (x 442B)
Class org.jetbrains.kotlin.psi.KtConstructorCalleeExpression                          : loaded 2 times (x 509B)
Class org.jetbrains.kotlin.resolve.checkers.UnderscoreChecker                         : loaded 2 times (x 76B)
Class org.jetbrains.kotlin.fir.analysis.checkers.FirPrimaryConstructorSuperTypeCheckerPlatformComponent$Default: loaded 2 times (x 74B)
Class org.jetbrains.kotlin.types.model.TypeCheckerProviderContext                     : loaded 2 times (x 72B)
Class org.jetbrains.kotlin.metadata.deserialization.NameResolverImpl                  : loaded 2 times (x 79B)
Class [Lorg.jetbrains.kotlin.com.intellij.lang.jvm.JvmNamedElement;                   : loaded 2 times (x 71B)
Class org.jetbrains.kotlin.com.intellij.psi.impl.ElementBase$ElementIconRequest       : loaded 2 times (x 74B)
Class org.jetbrains.kotlin.com.intellij.psi.codeStyle.JavaCodeStyleManager            : loaded 2 times (x 99B)
Class org.jetbrains.kotlin.com.intellij.openapi.roots.LanguageLevelProjectExtension$LanguageLevelChangeListener: loaded 2 times (x 72B)
Class org.jetbrains.kotlin.com.intellij.psi.search.GlobalSearchScope$FileTypeRestrictionScope: loaded 2 times (x 103B)
Class org.jetbrains.kotlin.com.intellij.ide.plugins.PluginContentDescriptor$Companion : loaded 2 times (x 73B)
Class org.jetbrains.kotlin.com.fasterxml.aalto.in.ByteBasedPNameTable                 : loaded 2 times (x 74B)
Class org.jetbrains.kotlin.com.intellij.openapi.util.Condition$1                      : loaded 2 times (x 88B)
Class org.jetbrains.kotlin.com.intellij.ide.plugins.DescriptorListLoadingContext$brokenPluginVersions$2: loaded 2 times (x 81B)
Class org.jetbrains.kotlin.com.intellij.psi.impl.smartPointers.SmartPointerAnchorProvider: loaded 2 times (x 75B)
Class org.jetbrains.kotlin.com.intellij.psi.search.searches.SuperMethodsSearch        : loaded 2 times (x 79B)
Class org.jetbrains.kotlin.com.intellij.psi.stubs.PsiClassHolderFileStub              : loaded 2 times (x 72B)
Class org.jetbrains.kotlin.com.intellij.util.messages.impl.MessageBusFactoryImpl      : loaded 2 times (x 73B)
Class org.jetbrains.kotlin.cli.jvm.config.JvmClasspathRoot                            : loaded 2 times (x 82B)
Class org.jetbrains.kotlin.com.intellij.util.containers.ConcurrentFactoryMap          : loaded 2 times (x 150B)
Class org.jetbrains.kotlin.backend.jvm.JvmLoweringPhasesKt$jvmFilePhases$24           : loaded 2 times (x 127B)
Class org.jetbrains.kotlin.fir.extensions.FirSupertypeGenerationExtension             : loaded 2 times (x 80B)
Class org.jetbrains.kotlin.cli.jvm.plugins.PluginCliParser$UrlClassLoaderDisposable   : loaded 2 times (x 77B)
Class [Lorg.jetbrains.kotlin.name.FqName;                                             : loaded 2 times (x 71B)
Class org.jetbrains.kotlin.storage.EmptySimpleLock                                    : loaded 2 times (x 77B)
Class org.jetbrains.kotlin.config.IrVerificationMode                                  : loaded 2 times (x 81B)
Class kotlin.reflect.jvm.internal.KClassImpl$Data$qualifiedName$2                     : loaded 2 times (x 81B)
Class [Lorg.jetbrains.kotlin.com.intellij.pom.Navigatable;                            : loaded 2 times (x 71B)
Class org.jetbrains.kotlin.load.kotlin.VirtualFileFinderFactory                       : loaded 2 times (x 72B)
Class com.google.common.reflect.TypeToken$SimpleTypeToken                             : loaded 2 times (x 75B)
Class com.google.common.collect.Sets$ImprovedAbstractSet                              : loaded 2 times (x 137B)
Class com.google.common.collect.ImmutableList$Builder                                 : loaded 2 times (x 79B)
Class com.google.common.collect.AbstractMultimap                                      : loaded 2 times (x 125B)
Class com.google.common.cache.LocalCache$2                                            : loaded 2 times (x 144B)
Class org.jetbrains.kotlin.fir.analysis.jvm.checkers.FirJavaNullabilityWarningUpperBoundsProvider: loaded 2 times (x 79B)
Class org.jetbrains.kotlin.psi.KtTypeArgumentList                                     : loaded 2 times (x 448B)
Class org.jetbrains.kotlin.psi.KtEnumEntrySuperclassReferenceExpression               : loaded 2 times (x 634B)
Class [Lorg.jetbrains.kotlin.psi.KtTypeConstraint;                                    : loaded 2 times (x 71B)
Class org.jetbrains.kotlin.fir.scopes.impl.FirTypealiasConstructorStorage             : loaded 2 times (x 74B)
Class [Lorg.jetbrains.kotlin.fir.types.ConeTypeProjection;                            : loaded 2 times (x 71B)
Class org.jetbrains.kotlin.fir.FirSession$Companion                                   : loaded 2 times (x 75B)
Class [Lorg.jetbrains.kotlin.com.intellij.psi.PsiDirectoryContainer;                  : loaded 2 times (x 71B)
Class org.jetbrains.kotlin.cli.common.CliModuleVisibilityManagerImpl                  : loaded 2 times (x 84B)
Class org.jetbrains.kotlin.serialization.DescriptorSerializerPlugin$Companion         : loaded 2 times (x 74B)
Class org.jetbrains.kotlin.com.intellij.psi.util.PsiModificationTracker$Listener      : loaded 2 times (x 72B)
Class org.jetbrains.kotlin.com.fasterxml.aalto.in.PNameN                              : loaded 2 times (x 82B)
Class org.jetbrains.kotlin.com.fasterxml.aalto.impl.StreamExceptionBase               : loaded 2 times (x 87B)
Class org.jetbrains.kotlin.com.intellij.psi.PsiFileSystemItem                         : loaded 2 times (x 72B)
Class org.jetbrains.kotlin.fir.DependencyListForCliModule$Builder$build$$inlined$sortedBy$1: loaded 2 times (x 92B)
Class org.jetbrains.kotlin.com.intellij.psi.stubs.IndexSink                           : loaded 2 times (x 72B)
Class org.jetbrains.kotlin.com.intellij.psi.impl.source.tree.PsiCommentImpl           : loaded 2 times (x 551B)
Class org.jetbrains.kotlin.com.intellij.psi.PsiElement                                : loaded 2 times (x 72B)
Class org.jetbrains.kotlin.com.intellij.psi.tree.ILazyParseableElementType            : loaded 2 times (x 86B)
Class org.jetbrains.kotlin.com.intellij.openapi.editor.impl.DocumentImpl              : loaded 2 times (x 135B)
Class org.jetbrains.kotlin.com.intellij.util.text.CharSequenceBackedByArray           : loaded 2 times (x 72B)
Class org.jetbrains.kotlin.it.unimi.dsi.fastutil.objects.ObjectIterator               : loaded 2 times (x 72B)
Class org.jetbrains.kotlin.cli.jvm.config.JvmContentRootBase                          : loaded 2 times (x 72B)
Class org.jetbrains.kotlin.com.intellij.openapi.extensions.ExtensionPointName$Companion: loaded 2 times (x 73B)
Class org.jetbrains.kotlin.backend.jvm.JvmLoweringPhasesKt$jvmFilePhases$25           : loaded 2 times (x 127B)
Class org.jetbrains.kotlin.backend.jvm.lower.JvmInlineCallableReferenceToLambdaPhase  : loaded 2 times (x 261B)
Class org.jetbrains.kotlin.types.model.TypeConstructorMarker                          : loaded 2 times (x 72B)
Class org.jetbrains.kotlin.fir.expressions.FirStatement                               : loaded 2 times (x 72B)
Class org.jetbrains.kotlin.util.ServiceLoaderLite$ServiceLoadingException             : loaded 2 times (x 84B)
Class org.jetbrains.kotlin.load.java.Jsr305Settings                                   : loaded 2 times (x 74B)
Class org.jetbrains.kotlin.com.google.common.collect.AbstractSetMultimap              : loaded 2 times (x 175B)
Class org.jetbrains.kotlin.com.intellij.util.graph.GraphAlgorithms                    : loaded 2 times (x 73B)
Class org.jetbrains.kotlin.config.MavenComparableVersion$IntegerItem                  : loaded 2 times (x 82B)
Class org.jetbrains.kotlin.fir.symbols.FirBasedSymbol                                 : loaded 2 times (x 74B)
Class org.jetbrains.kotlin.utils.KotlinPaths                                          : loaded 2 times (x 72B)
Class org.jetbrains.kotlin.metadata.deserialization.ProtoBufUtilKt                    : loaded 2 times (x 73B)
Class kotlin.ReplaceWith                                                              : loaded 2 times (x 72B)
Class com.google.common.collect.RegularImmutableAsList                                : loaded 2 times (x 219B)
Class org.jetbrains.kotlin.fir.expressions.FirAnonymousObjectExpression               : loaded 2 times (x 120B)
Class org.jetbrains.kotlin.fir.analysis.checkers.declaration.FirExposedVisibilityDeclarationChecker: loaded 2 times (x 79B)
Class org.jetbrains.kotlin.fir.FirModuleVisibilityChecker                             : loaded 2 times (x 74B)
Class org.jetbrains.kotlin.fir.analysis.checkers.declaration.ComposedDeclarationCheckers: loaded 2 times (x 98B)
Class org.jetbrains.kotlin.fir.declarations.impl.FirSimpleFunctionImpl                : loaded 2 times (x 221B)
Class org.jetbrains.kotlin.fir.deserialization.FirDeserializationExtension            : loaded 2 times (x 77B)
Class org.jetbrains.kotlin.load.kotlin.VirtualFileFinder$SERVICE                      : loaded 2 times (x 73B)
Class org.jetbrains.kotlin.fir.session.FirSessionConfigurator                         : loaded 2 times (x 74B)
Class org.jetbrains.kotlin.psi.KtFunctionType                                         : loaded 2 times (x 515B)
Class org.jetbrains.kotlin.psi.KtConstructor                                          : loaded 2 times (x 1276B)
Class org.jetbrains.kotlin.fir.FirSessionProvider                                     : loaded 2 times (x 74B)
Class org.jetbrains.kotlin.resolve.jvm.modules.JavaModuleResolver$SERVICE             : loaded 2 times (x 73B)
Class org.jetbrains.kotlin.com.intellij.psi.impl.PsiTreeChangeEventImpl               : loaded 2 times (x 87B)
Class org.jetbrains.kotlin.fir.scopes.FirPlatformClassMapper$Default                  : loaded 2 times (x 77B)
Class org.jetbrains.kotlin.fir.builder.FirReplSnippetConfiguratorExtension            : loaded 2 times (x 80B)
Class [Lorg.jetbrains.kotlin.com.intellij.openapi.vfs.VirtualFile;                    : loaded 2 times (x 71B)
Class org.jetbrains.kotlin.backend.common.extensions.IrGenerationExtension            : loaded 2 times (x 72B)
Class org.jetbrains.kotlin.resolve.CodeAnalyzerInitializer                            : loaded 2 times (x 72B)
Class org.jetbrains.kotlin.com.intellij.psi.impl.source.JavaDummyElement              : loaded 2 times (x 269B)
Class org.jetbrains.kotlin.com.intellij.psi.PsiJavaParserFacade                       : loaded 2 times (x 72B)
Class org.jetbrains.kotlin.com.intellij.psi.search.ProjectScopeImpl                   : loaded 2 times (x 98B)
Class org.jetbrains.kotlin.com.intellij.core.MockDocumentCommitProcessor              : loaded 2 times (x 79B)
Class org.jetbrains.kotlin.com.intellij.psi.SmartPointerManager                       : loaded 2 times (x 79B)
Class org.jetbrains.kotlin.com.intellij.util.containers.ConcurrentWeakKeySoftValueHashMap$ValueReference: loaded 2 times (x 72B)
Class org.jetbrains.kotlin.kotlinx.collections.immutable.internal.DeltaCounter        : loaded 2 times (x 73B)
Class org.jetbrains.kotlin.com.intellij.openapi.util.registry.RegistryValue           : loaded 2 times (x 85B)
Class org.jetbrains.kotlin.kotlinx.collections.immutable.internal.ListImplementation  : loaded 2 times (x 73B)
Class org.jetbrains.kotlin.io.opentelemetry.api.trace.DefaultTracerProvider           : loaded 2 times (x 81B)
Class org.jetbrains.kotlin.backend.jvm.JvmLoweringPhasesKt$jvmFilePhases$26           : loaded 2 times (x 127B)
Class org.jetbrains.kotlin.backend.common.lower.LateinitLowering                      : loaded 2 times (x 348B)
Class org.jetbrains.kotlin.compiler.plugin.CommandLineProcessor                       : loaded 2 times (x 72B)
Class org.jetbrains.kotlin.resolve.checkers.InfixModifierChecker                      : loaded 2 times (x 76B)
Class org.jetbrains.kotlin.psi.stubs.elements.KtPropertyElementType                   : loaded 2 times (x 106B)
Class org.jetbrains.kotlin.cli.common.messages.MessageCollector$Companion             : loaded 2 times (x 73B)
Class org.jetbrains.kotlin.config.CompilerConfiguration                               : loaded 2 times (x 90B)
Class com.google.common.util.concurrent.AbstractFuture$Trusted                        : loaded 2 times (x 72B)
Class com.google.common.collect.Iterators                                             : loaded 2 times (x 73B)
Class [Lorg.jetbrains.kotlin.psi.KtBackingField;                                      : loaded 2 times (x 71B)
Class [Lorg.jetbrains.kotlin.com.intellij.psi.search.SearchScope;                     : loaded 2 times (x 71B)
Class org.jetbrains.kotlin.fir.analysis.checkers.declaration.FirDelegationSuperCallInEnumConstructorChecker: loaded 2 times (x 79B)
Class org.jetbrains.kotlin.fir.analysis.checkers.declaration.FirReturnValueAnnotationsChecker: loaded 2 times (x 79B)
Class org.jetbrains.kotlin.fir.analysis.checkers.FirInlineCheckerPlatformSpecificComponent: loaded 2 times (x 76B)
Class org.jetbrains.kotlin.fir.resolve.transformers.PlatformSupertypeUpdater          : loaded 2 times (x 74B)
Class org.jetbrains.kotlin.load.java.AnnotationQualifierApplicabilityType             : loaded 2 times (x 81B)
Class org.jetbrains.kotlin.resolve.checkers.ClassifierUsageCheckerContext             : loaded 2 times (x 80B)
Class org.jetbrains.kotlin.psi.KtWhenConditionInRange                                 : loaded 2 times (x 381B)
Class org.jetbrains.kotlin.psi.KtContainerNode                                        : loaded 2 times (x 378B)
Class org.jetbrains.kotlin.psi.stubs.KotlinImportDirectiveStub                        : loaded 2 times (x 72B)
Class org.jetbrains.kotlin.psi.KtBackingField                                         : loaded 2 times (x 792B)
Class org.jetbrains.kotlin.psi.KtExpressionCodeFragmentType                           : loaded 2 times (x 86B)
Class org.jetbrains.kotlin.psi.stubs.elements.KtObjectElementType                     : loaded 2 times (x 106B)
Class org.jetbrains.kotlin.resolve.checkers.ReservedMembersAndConstructsForValueClass$Companion: loaded 2 times (x 73B)
Class org.jetbrains.kotlin.resolve.PlatformDependentAnalyzerServices                  : loaded 2 times (x 79B)
Class org.jetbrains.kotlin.metadata.jvm.JvmModuleProtoBuf$ModuleOrBuilder             : loaded 2 times (x 72B)
Class org.jetbrains.kotlin.cli.jvm.compiler.KotlinCliJavaFileManagerImpl              : loaded 2 times (x 92B)
Class org.jetbrains.kotlin.resolve.jvm.extensions.AnalysisHandlerExtension            : loaded 2 times (x 72B)
Class org.jetbrains.kotlin.cli.jvm.compiler.MockInferredAnnotationsManager            : loaded 2 times (x 76B)
Class org.jetbrains.kotlin.asJava.KotlinAsJavaSupport                                 : loaded 2 times (x 91B)
Class [Lorg.jetbrains.kotlin.com.intellij.pom.java.LanguageLevel;                     : loaded 2 times (x 71B)
Class org.jetbrains.kotlin.com.intellij.openapi.util.NotNullFactory                   : loaded 2 times (x 72B)
Class [Lorg.jetbrains.kotlin.psi.KtScript;                                            : loaded 2 times (x 71B)
Class org.jetbrains.kotlin.com.intellij.psi.PsiSubstitutor                            : loaded 2 times (x 72B)
Class org.jetbrains.kotlin.psi.KtWhenEntryGuard                                       : loaded 2 times (x 378B)
Class org.jetbrains.kotlin.com.intellij.psi.stubs.StubOutputStream                    : loaded 2 times (x 110B)
Class org.jetbrains.kotlin.com.intellij.openapi.progress.TaskInfo                     : loaded 2 times (x 72B)
Class org.jetbrains.kotlin.com.intellij.openapi.vfs.impl.ZipHandler                   : loaded 2 times (x 85B)
Class [Lorg.jetbrains.kotlin.com.intellij.diagnostic.LoadingState;                    : loaded 2 times (x 71B)
Class org.jetbrains.kotlin.config.JVMConfigurationKeysKt                              : loaded 2 times (x 73B)
Class org.jetbrains.kotlin.backend.jvm.JvmLoweringPhasesKt$jvmFilePhases$27           : loaded 2 times (x 127B)
Class org.jetbrains.kotlin.backend.jvm.lower.SuspendLoweringUtils                     : loaded 2 times (x 74B)
Class org.jetbrains.kotlin.com.google.common.collect.LinkedHashMultimap$ValueSetLink  : loaded 2 times (x 72B)
Class org.jetbrains.kotlin.it.unimi.dsi.fastutil.HashCommon                           : loaded 2 times (x 73B)
Class [Lorg.jetbrains.kotlin.config.LanguageFeature$Kind;                             : loaded 2 times (x 71B)
Class org.jetbrains.kotlin.config.LanguageFeature$Kind                                : loaded 2 times (x 81B)
Class org.jetbrains.kotlin.cli.common.messages.XmlMessageRenderer                     : loaded 2 times (x 85B)
Class org.jetbrains.kotlin.fir.FirBinaryDependenciesModuleData                        : loaded 2 times (x 84B)
Class kotlin.jvm.internal.IntCompanionObject                                          : loaded 2 times (x 73B)
Class org.jetbrains.kotlin.load.kotlin.KotlinJvmBinaryClass                           : loaded 2 times (x 72B)
Class kotlin.collections.MutableMapWithDefault                                        : loaded 2 times (x 72B)
Class org.jetbrains.kotlin.descriptors.Visibilities$Unknown                           : loaded 2 times (x 81B)
Class [Lorg.jetbrains.kotlin.build.report.metrics.BuildTime;                          : loaded 2 times (x 71B)
Class com.google.common.io.ByteSink$AsCharSink                                        : loaded 2 times (x 82B)
Class com.google.common.collect.Lists$StringAsImmutableList                           : loaded 2 times (x 209B)
Class com.google.common.util.concurrent.UncheckedExecutionException                   : loaded 2 times (x 84B)
Class org.gradle.kotlin.dsl.VersionCatalogAccessorsKt                                 : loaded 2 times (x 73B)
Class org.jetbrains.kotlin.fir.analysis.checkers.declaration.FirSupertypesChecker     : loaded 2 times (x 79B)
Class [Lorg.jetbrains.kotlin.com.intellij.psi.StubBasedPsiElement;                    : loaded 2 times (x 71B)
Class org.jetbrains.kotlin.psi.stubs.KotlinClassifierStub                             : loaded 2 times (x 72B)
Class org.jetbrains.kotlin.psi.stubs.elements.KtStubElementType                       : loaded 2 times (x 102B)
Class org.jetbrains.kotlin.resolve.checkers.SubtypingBetweenContextReceiversChecker   : loaded 2 times (x 76B)
Class org.jetbrains.kotlin.resolve.checkers.MissingDependencySupertypeChecker$ForDeclarations: loaded 2 times (x 76B)
Class org.jetbrains.kotlin.fir.declarations.FirAnnotationsPlatformSpecificSupportComponent$Default: loaded 2 times (x 80B)
Class org.jetbrains.kotlin.fir.scopes.impl.FirDeclaredMemberScopeProvider$DeclaredMemberScopeContext: loaded 2 times (x 74B)
Class org.jetbrains.kotlin.fir.extensions.FirRegisteredPluginAnnotations              : loaded 2 times (x 79B)
Class org.jetbrains.kotlin.fir.BuiltinTypes                                           : loaded 2 times (x 74B)
Class org.jetbrains.kotlin.resolve.checkers.MissingDependencySupertypeChecker$ForCalls: loaded 2 times (x 76B)
Class org.jetbrains.kotlin.metadata.jvm.JvmModuleProtoBuf$Module                      : loaded 2 times (x 126B)
Class org.jetbrains.kotlin.load.java.structure.JavaClass                              : loaded 2 times (x 72B)
Class org.jetbrains.kotlin.types.TypeAttributeTranslator                              : loaded 2 times (x 72B)
Class org.jetbrains.kotlin.com.intellij.psi.codeStyle.CodeStyleSettingsFacade         : loaded 2 times (x 72B)
Class org.jetbrains.kotlin.com.intellij.lang.jvm.types.JvmType                        : loaded 2 times (x 72B)
Class org.jetbrains.kotlin.parsing.KotlinParserDefinition$Companion                   : loaded 2 times (x 73B)
Class org.jetbrains.kotlin.com.intellij.lang.folding.FoldingBuilder                   : loaded 2 times (x 72B)
Class org.jetbrains.kotlin.com.intellij.codeInsight.ContainerProvider                 : loaded 2 times (x 72B)
Class org.jetbrains.kotlin.com.intellij.psi.stubs.StubSerializer                      : loaded 2 times (x 72B)
Class org.jetbrains.kotlin.com.intellij.platform.diagnostic.telemetry.IJNoopTracer    : loaded 2 times (x 79B)
Class org.jetbrains.kotlin.com.intellij.openapi.util.Condition                        : loaded 2 times (x 72B)
Class org.jetbrains.kotlin.backend.jvm.lower.JvmStaticInCompanionLowering             : loaded 2 times (x 82B)
Class org.jetbrains.kotlin.backend.jvm.JvmLoweringPhasesKt$jvmFilePhases$28           : loaded 2 times (x 127B)
Class org.jetbrains.kotlin.load.java.JavaNullabilityAnnotationsStatus                 : loaded 2 times (x 74B)
Class org.jetbrains.kotlin.config.phaser.PhaserState                                  : loaded 2 times (x 74B)
Class [Lorg.jetbrains.kotlin.config.phaser.CompilerPhase;                             : loaded 2 times (x 71B)
Class org.jetbrains.kotlin.com.intellij.util.containers.HashingStrategy               : loaded 2 times (x 72B)
Class kotlin.reflect.jvm.internal.KClassImpl$Data$declaredMembers$2                   : loaded 2 times (x 81B)
Class org.jetbrains.kotlin.platform.jvm.JvmPlatforms                                  : loaded 2 times (x 73B)
Class kotlin.reflect.jvm.internal.pcollections.ConsPStack                             : loaded 2 times (x 81B)
Class org.jetbrains.kotlin.config.MavenComparableVersion                              : loaded 2 times (x 80B)
Class org.jetbrains.kotlin.resolve.calls.model.ResolvedCall                           : loaded 2 times (x 72B)
Class org.jetbrains.kotlin.metadata.jvm.deserialization.JvmMemberSignature$Method     : loaded 2 times (x 77B)
Class [Lorg.jetbrains.kotlin.metadata.ProtoBuf$VersionRequirement$Level;              : loaded 2 times (x 71B)
Class org.jetbrains.org.objectweb.asm.ClassTooLargeException                          : loaded 2 times (x 84B)
Class kotlin.io.FileTreeWalk$FileTreeWalkIterator$WhenMappings                        : loaded 2 times (x 73B)
Class org.jetbrains.kotlin.fir.declarations.FirTypeSpecificityComparatorProvider      : loaded 2 times (x 74B)
Class org.jetbrains.kotlin.fir.declarations.FirResolvedToPhaseState                   : loaded 2 times (x 75B)
Class org.jetbrains.kotlin.metadata.ProtoBuf$QualifiedNameTable$QualifiedNameOrBuilder: loaded 2 times (x 72B)
Class org.jetbrains.kotlin.fir.declarations.UnresolvedDeprecationProvider             : loaded 2 times (x 74B)
Class org.jetbrains.kotlin.serialization.deserialization.ProtoBasedClassDataFinder    : loaded 2 times (x 77B)
Class org.jetbrains.kotlin.metadata.ProtoBuf$Annotation$Argument$Value$Builder        : loaded 2 times (x 155B)
Class org.jetbrains.kotlin.fir.scopes.impl.FirGeneratedMemberDeclarationsStorage$StorageContext: loaded 2 times (x 74B)
Class org.jetbrains.kotlin.types.DynamicTypesSettings                                 : loaded 2 times (x 74B)
Class org.jetbrains.kotlin.resolve.calls.checkers.CompanionIncorrectlyUnboundedWhenUsedAsLHSCallChecker: loaded 2 times (x 76B)
Class org.jetbrains.kotlin.resolve.checkers.PrimitiveNumericComparisonCallChecker     : loaded 2 times (x 76B)
Class org.jetbrains.kotlin.com.intellij.psi.TokenType$1                               : loaded 2 times (x 77B)
Class org.jetbrains.kotlin.resolve.calls.checkers.UnsupportedUntilRangeDeclarationChecker: loaded 2 times (x 76B)
Class org.jetbrains.kotlin.fir.extensions.BunchOfRegisteredExtensions                 : loaded 2 times (x 74B)
Class org.jetbrains.kotlin.fir.types.ConeAttributes                                   : loaded 2 times (x 84B)
Class org.jetbrains.kotlin.psi.KtTypeParameterList                                    : loaded 2 times (x 448B)
Class org.jetbrains.kotlin.fir.deserialization.LibraryPathFilter$TakeAll              : loaded 2 times (x 74B)
Class org.jetbrains.kotlin.load.kotlin.KotlinClassFinder                              : loaded 2 times (x 72B)
Class org.jetbrains.kotlin.io.vavr.collection.HashArrayMappedTrieModule$EmptyNode     : loaded 2 times (x 108B)
Class org.jetbrains.kotlin.load.java.structure.impl.classFiles.BinaryJavaAnnotation$Companion: loaded 2 times (x 73B)
Class org.jetbrains.kotlin.load.java.structure.impl.classFiles.BinaryJavaAnnotation   : loaded 2 times (x 84B)
Class org.jetbrains.kotlin.fir.resolve.providers.FirSymbolProviderKt                  : loaded 2 times (x 73B)
Class org.jetbrains.kotlin.fir.builder.FirScriptConfiguratorExtension                 : loaded 2 times (x 80B)
Class org.jetbrains.kotlin.com.intellij.util.containers.hash.EqualityPolicy           : loaded 2 times (x 72B)
Class org.jetbrains.kotlin.com.intellij.lang.jvm.facade.JvmFacadeImpl                 : loaded 2 times (x 74B)
Class org.jetbrains.kotlin.com.intellij.psi.impl.source.tree.RecursiveTreeElementWalkingVisitor: loaded 2 times (x 79B)
Class org.jetbrains.kotlin.com.intellij.psi.PsiTreeChangeEvent                        : loaded 2 times (x 86B)
Class org.jetbrains.kotlin.psi.stubs.elements.KtStringInterpolationPrefixElementType  : loaded 2 times (x 102B)
Class org.jetbrains.kotlin.com.intellij.ide.plugins.MyXmlInterner                     : loaded 2 times (x 78B)
Class org.jetbrains.kotlin.com.intellij.util.containers.ConcurrentRefHashMap$HardKey  : loaded 2 times (x 80B)
Class org.jetbrains.kotlin.com.intellij.openapi.application.ex.ApplicationInfoEx      : loaded 2 times (x 75B)
Class org.jetbrains.kotlin.com.intellij.util.ConcurrentLongObjectHashMap$ReservationNode: loaded 2 times (x 79B)
Class [Lorg.jetbrains.kotlin.com.intellij.util.ConcurrentLongObjectHashMap$Node;      : loaded 2 times (x 71B)
Class org.jetbrains.kotlin.com.intellij.openapi.diagnostic.RuntimeExceptionWithAttachments: loaded 2 times (x 89B)
Class org.jetbrains.kotlin.backend.common.phaser.IrValidationAfterLoweringPhase       : loaded 2 times (x 79B)
Class org.jetbrains.kotlin.backend.common.ir.ExpectSymbolTransformer                  : loaded 2 times (x 342B)
Class org.jetbrains.kotlin.backend.jvm.JvmLoweringPhasesKt$jvmFilePhases$29           : loaded 2 times (x 127B)
Class org.jetbrains.kotlin.backend.common.lower.InventNamesForLocalClasses            : loaded 2 times (x 86B)
Class org.jetbrains.kotlin.com.intellij.util.containers.MultiMap$EmptyMap             : loaded 2 times (x 77B)
Class org.jetbrains.kotlin.com.intellij.util.ObjectUtils                              : loaded 2 times (x 73B)
Class org.jetbrains.kotlin.load.java.NullabilityAnnotationStatesImpl                  : loaded 2 times (x 77B)
Class org.jetbrains.kotlin.com.intellij.util.containers.IntObjectMap                  : loaded 2 times (x 72B)
Class org.jetbrains.kotlin.com.google.common.collect.Maps$8                           : loaded 2 times (x 84B)
Class [Lorg.jetbrains.kotlin.psi.KtSuperTypeListEntry;                                : loaded 2 times (x 71B)
Class org.jetbrains.kotlin.cli.common.arguments.Disables                              : loaded 2 times (x 72B)
Class org.jetbrains.kotlin.fir.analysis.checkers.CommonDeclarationCheckers            : loaded 2 times (x 98B)
Class org.jetbrains.kotlin.fir.expressions.FirResolvable                              : loaded 2 times (x 72B)
Class org.jetbrains.kotlin.cli.common.CLICompiler                                     : loaded 2 times (x 85B)
Class org.jetbrains.kotlin.metadata.ProtoBuf$Property$Builder                         : loaded 2 times (x 198B)
Class org.jetbrains.kotlin.psi.KtCollectionLiteralExpression                          : loaded 2 times (x 571B)
Class kotlin.collections.builders.SetBuilder$Companion                                : loaded 2 times (x 73B)
Class com.google.common.collect.AbstractMapBasedMultimap$KeySet$1                     : loaded 2 times (x 84B)
Class org.objectweb.asm.ClassWriter                                                   : loaded 2 times (x 107B)
Class com.google.common.cache.CacheLoader$UnsupportedLoadingOperationException        : loaded 2 times (x 84B)
Class com.google.common.base.CharMatcher$And                                          : loaded 2 times (x 114B)
Class com.google.common.collect.UnmodifiableListIterator                              : loaded 2 times (x 97B)
Class org.jetbrains.kotlin.fir.analysis.checkers.declaration.FirExplicitBackingFieldForbiddenChecker: loaded 2 times (x 79B)
Class org.jetbrains.kotlin.fir.analysis.checkers.declaration.FirPropertyFromParameterChecker: loaded 2 times (x 79B)
Class org.jetbrains.kotlin.fir.expressions.FirExpression                              : loaded 2 times (x 117B)
Class org.jetbrains.kotlin.fir.analysis.checkers.expression.ComposedExpressionCheckers: loaded 2 times (x 109B)
Class org.jetbrains.kotlin.fir.FirSourceModuleData                                    : loaded 2 times (x 84B)
Class org.jetbrains.kotlin.resolve.jvm.TopPackageNamesProvider                        : loaded 2 times (x 72B)
Class org.jetbrains.kotlin.descriptors.Modality                                       : loaded 2 times (x 81B)
Class org.jetbrains.kotlin.fir.analysis.checkers.expression.FirGenericArrayClassLiteralSupport$Enabled: loaded 2 times (x 76B)
Class org.jetbrains.kotlin.resolve.calls.results.TypeSpecificityComparator            : loaded 2 times (x 72B)
Class org.jetbrains.kotlin.psi.KtPrefixExpression                                     : loaded 2 times (x 504B)
Class [Lorg.jetbrains.kotlin.psi.KtBlockStringTemplateEntry;                          : loaded 2 times (x 71B)
Class org.jetbrains.kotlin.psi.KtDeclarationWithInitializer                           : loaded 2 times (x 72B)
Class org.jetbrains.kotlin.psi.KtElementImplStub                                      : loaded 2 times (x 445B)
Class org.jetbrains.kotlin.fir.declarations.FirReceiverParameter                      : loaded 2 times (x 114B)
Class org.jetbrains.kotlin.fir.FirCliExceptionHandler                                 : loaded 2 times (x 75B)
Class org.jetbrains.kotlin.types.model.KotlinTypeMarker                               : loaded 2 times (x 72B)
Class org.jetbrains.kotlin.metadata.jvm.deserialization.PackageParts                  : loaded 2 times (x 74B)
Class org.jetbrains.kotlin.psi.KtWhileExpression                                      : loaded 2 times (x 443B)
Class org.jetbrains.kotlin.load.kotlin.JvmPackagePartProviderBase$Companion           : loaded 2 times (x 73B)
Class org.jetbrains.kotlin.fir.session.environment.AbstractProjectFileSearchScope$ANY : loaded 2 times (x 79B)
Class [Lorg.jetbrains.kotlin.extensions.PreprocessedVirtualFileFactoryExtension;      : loaded 2 times (x 71B)
Class org.jetbrains.kotlin.cli.jvm.index.JavaRoot$RootType                            : loaded 2 times (x 81B)
Class [Lorg.jetbrains.kotlin.cli.jvm.compiler.jarfs.ZipEntryDescription$CompressionKind;: loaded 2 times (x 71B)
Class org.jetbrains.kotlin.com.intellij.psi.impl.source.PsiFileImpl                   : loaded 2 times (x 725B)
Class org.jetbrains.kotlin.com.intellij.psi.impl.source.HolderFactory                 : loaded 2 times (x 72B)
Class org.jetbrains.kotlin.kotlinx.collections.immutable.implementations.persistentOrderedSet.PersistentOrderedSet: loaded 2 times (x 206B)
Class org.jetbrains.kotlin.com.intellij.util.xml.dom.StaxFactory                      : loaded 2 times (x 73B)
Class org.jetbrains.kotlin.resolve.calls.checkers.OperatorCallChecker                 : loaded 2 times (x 76B)
Class org.jetbrains.kotlin.com.intellij.ide.plugins.PluginXmlPathResolver             : loaded 2 times (x 81B)
Class org.jetbrains.kotlin.com.intellij.psi.presentation.java.FieldPresentationProvider: loaded 2 times (x 76B)
Class org.jetbrains.kotlin.com.intellij.psi.PsiCheckedRenameElement                   : loaded 2 times (x 72B)
Class org.jetbrains.kotlin.com.intellij.psi.PsiNamedElement                           : loaded 2 times (x 72B)
Class org.jetbrains.kotlin.com.intellij.util.KeyedLazyInstance                        : loaded 2 times (x 72B)
Class org.jetbrains.kotlin.com.intellij.openapi.extensions.impl.ExtensionPointImpl$Companion: loaded 2 times (x 73B)
Class org.jetbrains.kotlin.com.intellij.util.ArrayFactory                             : loaded 2 times (x 72B)
Class org.jetbrains.kotlin.com.intellij.openapi.util.ClassExtension                   : loaded 2 times (x 88B)
Class org.jetbrains.kotlin.com.intellij.openapi.vfs.VirtualFileSystem                 : loaded 2 times (x 90B)
Class org.jetbrains.kotlin.backend.jvm.lower.JvmInitializersCleanupLowering           : loaded 2 times (x 90B)
Class org.jetbrains.kotlin.backend.jvm.lower.JvmPropertiesLowering                    : loaded 2 times (x 355B)
Class org.jetbrains.kotlin.backend.common.lower.ProvisionalFunctionExpressionLowering : loaded 2 times (x 262B)
Class [Lorg.jetbrains.kotlin.compiler.plugin.AbstractCliOption;                       : loaded 2 times (x 71B)
Class org.jetbrains.kotlin.com.intellij.util.SmartList                                : loaded 2 times (x 201B)
Class org.jetbrains.kotlin.storage.NullableLazyValue                                  : loaded 2 times (x 72B)
Class org.jetbrains.kotlin.config.AnalysisFlags                                       : loaded 2 times (x 73B)
Class org.jetbrains.kotlin.config.IncrementalCompilation                              : loaded 2 times (x 73B)
Class org.jetbrains.kotlin.it.unimi.dsi.fastutil.ints.Int2ObjectFunction              : loaded 2 times (x 72B)
Class org.jetbrains.kotlin.com.google.common.collect.AbstractMapBasedMultimap         : loaded 2 times (x 140B)
Class org.jetbrains.kotlin.resolve.calls.checkers.OperatorCallChecker$Companion       : loaded 2 times (x 73B)
Class org.objectweb.asm.ClassVisitor                                                  : loaded 2 times (x 90B)
Class org.jetbrains.kotlin.metadata.ProtoBuf$Effect$EffectType$1                      : loaded 2 times (x 76B)
Class org.jetbrains.kotlin.metadata.ProtoBuf$EffectOrBuilder                          : loaded 2 times (x 72B)
Class kotlin.text.LinesIterator$State                                                 : loaded 2 times (x 73B)
Class kotlin.coroutines.ContinuationKt                                                : loaded 2 times (x 73B)
Class com.google.common.base.Objects                                                  : loaded 2 times (x 73B)
Class org.objectweb.asm.FieldVisitor                                                  : loaded 2 times (x 79B)
Class com.google.common.collect.IndexedImmutableSet                                   : loaded 2 times (x 154B)
Class com.google.common.collect.ImmutableMap$1                                        : loaded 2 times (x 83B)
Class com.google.common.collect.BiMap                                                 : loaded 2 times (x 72B)
Class org.gradle.api.internal.classpath.DefaultModuleRegistry$DefaultModule           : loaded 2 times (x 84B)
Class org.jetbrains.kotlin.fir.analysis.checkers.declaration.FirNestedClassChecker    : loaded 2 times (x 79B)
Class org.jetbrains.kotlin.fir.checkers.CheckersContainersKt                          : loaded 2 times (x 73B)
Class org.jetbrains.kotlin.fir.analysis.CheckersComponent                             : loaded 2 times (x 74B)
Class org.jetbrains.kotlin.fir.caches.FirThreadUnsafeCacheWithPostCompute             : loaded 2 times (x 76B)
Class org.jetbrains.kotlin.fir.resolve.transformers.plugin.CompilerRequiredAnnotationEnhancementProvider: loaded 2 times (x 74B)
Class org.jetbrains.kotlin.metadata.deserialization.NameResolverImpl$WhenMappings     : loaded 2 times (x 73B)
Class org.jetbrains.kotlin.fir.resolve.providers.impl.FirFallbackBuiltinSymbolProvider: loaded 2 times (x 85B)
Class org.jetbrains.kotlin.fir.resolve.providers.impl.FirExtensionSyntheticFunctionInterfaceProvider$Companion: loaded 2 times (x 73B)
Class org.jetbrains.kotlin.psi.KtOperationExpression                                  : loaded 2 times (x 72B)
Class org.jetbrains.kotlin.psi.KtDestructuringDeclarationEntry                        : loaded 2 times (x 1239B)
Class [Lorg.jetbrains.kotlin.psi.KtSuperTypeEntry;                                    : loaded 2 times (x 71B)
Class [Lorg.jetbrains.kotlin.psi.KtSimpleNameExpression;                              : loaded 2 times (x 71B)
Class org.jetbrains.kotlin.psi.KtTypeConstraint                                       : loaded 2 times (x 573B)
Class org.jetbrains.kotlin.psi.stubs.elements.KtScriptElementType                     : loaded 2 times (x 102B)
Class org.jetbrains.kotlin.fir.scopes.FirOverrideService                              : loaded 2 times (x 74B)
Class org.jetbrains.kotlin.fir.extensions.AbstractFirRegisteredPluginAnnotations$special$$inlined$createCache$1: loaded 2 times (x 77B)
Class org.jetbrains.kotlin.fir.resolve.providers.impl.FirCachingCompositeSymbolProvider$special$$inlined$createCache$3: loaded 2 times (x 77B)
Class org.jetbrains.kotlin.fir.java.FirJavaFacade$Companion                           : loaded 2 times (x 73B)
Class org.jetbrains.kotlin.load.java.structure.impl.classFiles.ClassifierResolutionContext: loaded 2 times (x 74B)
Class org.jetbrains.kotlin.load.kotlin.ModuleVisibilityManager                        : loaded 2 times (x 72B)
Class org.jetbrains.kotlin.resolve.extensions.ExtraImportsProviderExtension$Companion : loaded 2 times (x 74B)
Class org.jetbrains.kotlin.asJava.classes.ImplUtilsKt                                 : loaded 2 times (x 73B)
Class org.jetbrains.kotlin.com.intellij.psi.codeStyle.JavaFileCodeStyleFacade         : loaded 2 times (x 72B)
Class org.jetbrains.kotlin.com.intellij.lang.jvm.types.JvmPrimitiveTypeKind           : loaded 2 times (x 74B)
Class org.jetbrains.kotlin.com.intellij.psi.search.GlobalSearchScope$NotScope         : loaded 2 times (x 100B)
Class org.jetbrains.kotlin.com.intellij.psi.PsiRecursiveVisitor                       : loaded 2 times (x 72B)
Class org.jetbrains.kotlin.com.intellij.psi.util.PsiModificationTracker               : loaded 2 times (x 72B)
Class org.jetbrains.kotlin.com.fasterxml.aalto.in.Utf8Scanner                         : loaded 2 times (x 136B)
Class org.jetbrains.kotlin.com.intellij.util.messages.impl.CompositeMessageBus        : loaded 2 times (x 103B)
Class org.jetbrains.kotlin.com.intellij.openapi.fileTypes.FileTypeExtension           : loaded 2 times (x 92B)
Class [Lorg.objectweb.asm.Symbol;                                                     : loaded 2 times (x 71B)
Class org.jetbrains.kotlin.backend.jvm.JvmLoweringPhasesKt$jvmLoweringPhases$20       : loaded 2 times (x 127B)
Class org.jetbrains.kotlin.backend.jvm.lower.CreateSeparateCallForInlinedLambdasLowering: loaded 2 times (x 346B)
Class org.jetbrains.kotlin.backend.common.phaser.PhaseFactoriesKt                     : loaded 2 times (x 73B)
Class org.jetbrains.kotlin.storage.SimpleLock                                         : loaded 2 times (x 72B)
Class org.jetbrains.kotlin.diagnostics.impl.BaseDiagnosticsCollector                  : loaded 2 times (x 79B)
Class org.jetbrains.kotlin.com.google.common.collect.ImmutableMap$IteratorBasedImmutableMap: loaded 2 times (x 128B)
Class org.jetbrains.kotlin.platform.jvm.JvmPlatform                                   : loaded 2 times (x 77B)
Class org.jetbrains.kotlin.fir.session.FirJvmIncrementalCompilationSymbolProviders    : loaded 2 times (x 74B)
Class org.jetbrains.kotlin.metadata.jvm.deserialization.JvmNameResolverKt             : loaded 2 times (x 73B)
Class com.google.common.reflect.Reflection                                            : loaded 2 times (x 73B)
Class com.google.common.primitives.Ints                                               : loaded 2 times (x 73B)
Class com.google.common.collect.AbstractIterator                                      : loaded 2 times (x 84B)
Class org.jetbrains.kotlin.fir.analysis.checkers.syntax.FirDelegationInExpectClassSyntaxChecker: loaded 2 times (x 91B)
Class org.jetbrains.kotlin.fir.analysis.checkers.declaration.FirMissingDependencySupertypeInDeclarationsChecker: loaded 2 times (x 79B)
Class org.jetbrains.kotlin.serialization.deserialization.ClassDataFinder              : loaded 2 times (x 72B)
Class org.jetbrains.kotlin.builtins.functions.FunctionTypeKind$SuspendFunction        : loaded 2 times (x 79B)
Class org.jetbrains.kotlin.builtins.functions.FunctionTypeKind                        : loaded 2 times (x 79B)
Class org.jetbrains.kotlin.fir.extensions.FirExtensionSessionComponentKt              : loaded 2 times (x 73B)
Class org.jetbrains.kotlin.fir.analysis.checkers.declaration.FirExtensionShadowedByMemberChecker$Regular: loaded 2 times (x 80B)
Class org.jetbrains.kotlin.psi.KtContextReceiverList                                  : loaded 2 times (x 445B)
Class [Lorg.jetbrains.kotlin.psi.KtPureClassOrObject;                                 : loaded 2 times (x 71B)
Class [Lorg.jetbrains.kotlin.psi.KtDeclaration;                                       : loaded 2 times (x 71B)
Class org.jetbrains.kotlin.com.intellij.psi.tree.IErrorCounterReparseableElementType  : loaded 2 times (x 97B)
Class org.jetbrains.kotlin.psi.stubs.elements.KtContextReceiverElementType            : loaded 2 times (x 102B)
Class org.jetbrains.kotlin.resolve.DefaultImportProvider$DefaultImportsKey            : loaded 2 times (x 73B)
Class org.jetbrains.kotlin.fir.symbols.impl.FirConstructorSymbol                      : loaded 2 times (x 82B)
Class org.jetbrains.kotlin.fir.types.impl.FirImplicitCharIteratorTypeRef              : loaded 2 times (x 109B)
Class com.google.common.cache.LocalCache$Strength$1                                   : loaded 2 times (x 83B)
Class org.objectweb.asm.ModuleVisitor                                                 : loaded 2 times (x 83B)
Class com.google.common.collect.Sets$4                                                : loaded 2 times (x 143B)
Class org.jetbrains.kotlin.cli.jvm.compiler.jarfs.LargeDynamicMappedBuffer$Mapping    : loaded 2 times (x 74B)
Class org.jetbrains.kotlin.load.java.structure.impl.source.JavaElementSourceFactory   : loaded 2 times (x 81B)
Class com.google.common.reflect.TypeResolver                                          : loaded 2 times (x 74B)
Class org.jetbrains.kotlin.extensions.internal.CandidateInterceptor$Companion         : loaded 2 times (x 74B)
Class org.jetbrains.kotlin.resolve.jvm.extensions.PackageFragmentProviderExtension$Companion: loaded 2 times (x 74B)
Class org.jetbrains.kotlin.resolve.jvm.extensions.PackageFragmentProviderExtension    : loaded 2 times (x 72B)
Class org.jetbrains.kotlin.com.intellij.core.CoreJavaCodeStyleSettingsFacade          : loaded 2 times (x 75B)
Class [Lorg.jetbrains.kotlin.com.intellij.psi.search.ProjectAwareFileFilter;          : loaded 2 times (x 71B)
Class org.jetbrains.kotlin.com.intellij.psi.search.DelegatingGlobalSearchScope        : loaded 2 times (x 100B)
Class org.jetbrains.kotlin.com.intellij.openapi.util.BuildNumber                      : loaded 2 times (x 77B)
Class [Lorg.jetbrains.kotlin.com.fasterxml.aalto.in.ByteBasedPName;                   : loaded 2 times (x 71B)
Class com.google.common.reflect.Types$ClassOwnership$2                                : loaded 2 times (x 82B)
Class org.jetbrains.kotlin.com.intellij.ide.highlighter.JavaFileType                  : loaded 2 times (x 92B)
Class org.jetbrains.kotlin.cli.jvm.compiler.CompatKt                                  : loaded 2 times (x 73B)
Class com.google.common.reflect.TypeCapture                                           : loaded 2 times (x 73B)
Class org.jetbrains.kotlin.backend.jvm.JvmLoweringPhasesKt$jvmLoweringPhases$21       : loaded 2 times (x 127B)
Class org.jetbrains.kotlin.ir.declarations.IrMutableAnnotationContainer               : loaded 2 times (x 72B)
Class org.jetbrains.kotlin.backend.common.lower.InnerClassesMemberBodyLowering        : loaded 2 times (x 88B)
Class org.jetbrains.kotlin.config.ReturnValueCheckerMode$Companion                    : loaded 2 times (x 73B)
Class kotlin.reflect.jvm.internal.KClassImpl$Data$inheritedStaticMembers$2            : loaded 2 times (x 81B)
Class com.google.common.collect.TransformedListIterator                               : loaded 2 times (x 95B)
Class org.jetbrains.kotlin.platform.TargetPlatform                                    : loaded 2 times (x 121B)
Class com.google.common.io.ByteArrayDataInput                                         : loaded 2 times (x 72B)
Class org.jetbrains.kotlin.metadata.ProtoBuf$VersionRequirement$VersionKind           : loaded 2 times (x 84B)
Class [Lorg.jetbrains.kotlin.metadata.ProtoBuf$Effect$InvocationKind;                 : loaded 2 times (x 71B)
Class org.jetbrains.kotlin.metadata.jvm.JvmProtoBuf$StringTableTypes$Record$Operation$1: loaded 2 times (x 76B)
Class kotlin.ranges.LongProgression                                                   : loaded 2 times (x 83B)
Class kotlin.Deprecated                                                               : loaded 2 times (x 72B)
Class com.google.common.collect.ObjectArrays                                          : loaded 2 times (x 73B)
Class com.google.common.math.MathPreconditions                                        : loaded 2 times (x 73B)
Class com.google.common.collect.Multiset                                              : loaded 2 times (x 72B)
Class com.google.common.collect.ArrayListMultimapGwtSerializationDependencies         : loaded 2 times (x 173B)
Class com.google.common.collect.AbstractIndexedListIterator                           : loaded 2 times (x 98B)
Class ijKotlinCoroutineJvmDebugInit1_eotd0a8s7eifoojdni7n5x9xf$_run_closure1$_closure2: loaded 2 times (x 140B)
Class org.jetbrains.kotlin.fir.analysis.checkers.syntax.FirMissingConstructorKeywordSyntaxChecker: loaded 2 times (x 91B)
Class org.jetbrains.kotlin.fir.analysis.checkers.syntax.FirExplicitApiDeclarationChecker: loaded 2 times (x 91B)
Class org.jetbrains.kotlin.fir.caches.FirThreadUnsafeValue                            : loaded 2 times (x 75B)
Class org.jetbrains.kotlin.descriptors.EffectiveVisibilityKt                          : loaded 2 times (x 73B)
Class [Lorg.jetbrains.kotlin.fir.declarations.FirResolvePhase;                        : loaded 2 times (x 71B)
Class org.jetbrains.kotlin.fir.resolve.providers.impl.FirSyntheticFunctionInterfaceProviderBase$symbolNamesProvider$1: loaded 2 times (x 85B)
Class org.jetbrains.kotlin.resolve.calls.checkers.IncorrectCapturedApproximationCallChecker: loaded 2 times (x 76B)
Class org.jetbrains.kotlin.resolve.calls.checkers.ProtectedConstructorCallChecker     : loaded 2 times (x 76B)
Class [Lorg.jetbrains.kotlin.psi.KtAnnotation;                                        : loaded 2 times (x 71B)
Class org.jetbrains.kotlin.resolve.checkers.SealedInheritorInSamePackageChecker       : loaded 2 times (x 76B)
Class org.jetbrains.kotlin.fir.scopes.impl.FirAbstractOverrideChecker                 : loaded 2 times (x 82B)
Class org.jetbrains.kotlin.fir.types.TypeUtilsKt                                      : loaded 2 times (x 73B)
Class org.jetbrains.kotlin.fir.resolve.FirSamConstructorStorage                       : loaded 2 times (x 74B)
Class org.jetbrains.kotlin.fir.types.TypeComponents$typeContext$1                     : loaded 2 times (x 1084B)
Class [Lorg.jetbrains.kotlin.name.ClassId;                                            : loaded 2 times (x 71B)
Class org.jetbrains.kotlin.types.UnwrappedType                                        : loaded 2 times (x 88B)
Class org.jetbrains.kotlin.com.intellij.extapi.psi.PsiFileBase                        : loaded 2 times (x 727B)
Class [Lorg.jetbrains.kotlin.com.intellij.psi.PsiJvmModifiersOwner;                   : loaded 2 times (x 71B)
Class org.jetbrains.kotlin.fir.extensions.FirExtensionRegistrar$Companion             : loaded 2 times (x 73B)
Class org.jetbrains.kotlin.com.intellij.util.io.FileAccessorCache$1                   : loaded 2 times (x 83B)
Class org.jetbrains.kotlin.com.intellij.openapi.util.RecursionManager$CachingPreventedException: loaded 2 times (x 84B)
Class org.jetbrains.kotlin.com.intellij.psi.controlFlow.ControlFlowFactory            : loaded 2 times (x 77B)
Class org.jetbrains.kotlin.com.fasterxml.aalto.util.XmlCharTypes                      : loaded 2 times (x 74B)
Class org.jetbrains.kotlin.cli.common.UtilsKt                                         : loaded 2 times (x 73B)
Class org.jetbrains.kotlin.com.intellij.psi.compiled.ClassFileDecompilers             : loaded 2 times (x 74B)
Class org.jetbrains.kotlin.com.intellij.psi.PsiJavaDocumentedElement                  : loaded 2 times (x 72B)
Class org.jetbrains.kotlin.com.intellij.util.containers.ConcurrentLongObjectMap$LongEntry: loaded 2 times (x 72B)
Class org.jetbrains.kotlin.com.intellij.util.messages.impl.MessageBusImpl$MessageHandlerHolder: loaded 2 times (x 72B)
Class org.jetbrains.kotlin.com.intellij.util.containers.DisposableWrapperList$DisposableWrapper: loaded 2 times (x 79B)
Class org.jetbrains.kotlin.kotlinx.collections.immutable.ImmutableList                : loaded 2 times (x 72B)
Class org.jetbrains.kotlin.com.intellij.openapi.editor.ReadOnlyFragmentModificationException: loaded 2 times (x 84B)
Class org.jetbrains.kotlin.com.intellij.openapi.editor.ex.DocumentEx                  : loaded 2 times (x 72B)
Class org.jetbrains.kotlin.com.intellij.openapi.extensions.Extensions                 : loaded 2 times (x 73B)
Class org.jetbrains.kotlin.com.google.common.collect.LinkedHashMultimap$1             : loaded 2 times (x 85B)
Class org.jetbrains.kotlin.backend.common.phaser.DumperVerifierKt                     : loaded 2 times (x 73B)
Class org.jetbrains.kotlin.load.java.JavaTypeEnhancementState                         : loaded 2 times (x 74B)
Class org.jetbrains.kotlin.it.unimi.dsi.fastutil.Hash                                 : loaded 2 times (x 72B)
Class org.jetbrains.kotlin.backend.jvm.JvmLoweringPhasesKt$jvmFilePhases$2            : loaded 2 times (x 127B)
Class org.jetbrains.kotlin.config.LanguageFeatureBehaviorAfterSinceVersion$CanStillBeDisabledForNow: loaded 2 times (x 74B)
Class org.jetbrains.kotlin.config.ExplicitApiMode$Companion                           : loaded 2 times (x 73B)
Class org.jetbrains.kotlin.com.intellij.openapi.Disposable                            : loaded 2 times (x 72B)
Class com.google.common.collect.ImmutableMapEntrySet                                  : loaded 2 times (x 154B)
Class org.gradle.api.internal.classpath.Module                                        : loaded 2 times (x 72B)
Class org.jetbrains.kotlin.resolve.calls.context.ResolutionContext                    : loaded 2 times (x 87B)
Class org.jetbrains.kotlin.psi.KtPropertyDelegate                                     : loaded 2 times (x 380B)
Class org.jetbrains.kotlin.psi.stubs.KotlinStringInterpolationPrefixStub              : loaded 2 times (x 72B)
Class org.jetbrains.kotlin.resolve.RequireKotlinConstants                             : loaded 2 times (x 73B)
Class org.jetbrains.kotlin.psi.KtTypeParameterListOwner                               : loaded 2 times (x 72B)
Class org.jetbrains.kotlin.storage.LockBasedStorageManager$MapBasedMemoizedFunctionToNotNull: loaded 2 times (x 87B)
Class org.jetbrains.kotlin.resolve.calls.inference.components.ConstraintInjector      : loaded 2 times (x 74B)
Class org.jetbrains.kotlin.metadata.deserialization.VersionSpecificBehaviorKt         : loaded 2 times (x 73B)
Class org.jetbrains.kotlin.backend.jvm.lower.PropertyReferenceDelegationLowering      : loaded 2 times (x 82B)
Class [Lorg.jetbrains.kotlin.com.intellij.openapi.util.Iconable;                      : loaded 2 times (x 71B)
Class org.jetbrains.kotlin.com.intellij.psi.PsiQualifiedReferenceElement              : loaded 2 times (x 72B)
Class org.jetbrains.kotlin.backend.jvm.JvmLoweringPhasesKt$jvmFilePhases$53           : loaded 2 times (x 127B)
Class org.jetbrains.kotlin.compiler.plugin.AbstractCliOption                          : loaded 2 times (x 72B)
Class org.jetbrains.kotlin.io.opentelemetry.api.trace.Tracer                          : loaded 2 times (x 72B)
Class org.jetbrains.kotlin.com.intellij.psi.impl.ElementBase                          : loaded 2 times (x 106B)
Class org.jetbrains.kotlin.com.intellij.openapi.vfs.VirtualFileMoveEvent              : loaded 2 times (x 81B)
Class org.jetbrains.kotlin.com.intellij.util.ReflectionUtil                           : loaded 2 times (x 73B)
Class org.jetbrains.kotlin.com.intellij.util.messages.impl.MessageBusImpl$Companion   : loaded 2 times (x 73B)
Class org.jetbrains.kotlin.com.intellij.ide.plugins.DisabledPluginsState              : loaded 2 times (x 77B)
Class org.jetbrains.kotlin.com.intellij.navigation.ItemPresentationProviders          : loaded 2 times (x 88B)
Class org.jetbrains.kotlin.backend.common.lower.TailrecLowering                       : loaded 2 times (x 91B)
Class org.jetbrains.kotlin.backend.jvm.lower.ToArrayLowering                          : loaded 2 times (x 87B)
Class org.jetbrains.kotlin.backend.jvm.JvmLoweringPhasesKt$jvmFilePhases$82           : loaded 2 times (x 127B)
Class org.jetbrains.kotlin.cli.pipeline.PerformanceNotifications$AbstractNotification : loaded 2 times (x 79B)
Class org.jetbrains.kotlin.com.intellij.util.containers.IdentityHashingStrategy       : loaded 2 times (x 77B)
Class org.jetbrains.kotlin.com.intellij.openapi.util.Disposer                         : loaded 2 times (x 73B)
Class kotlin.reflect.jvm.internal.KClassifierImpl                                     : loaded 2 times (x 72B)
Class kotlin.reflect.jvm.internal.pcollections.IntTree                                : loaded 2 times (x 74B)
Class org.jetbrains.kotlin.backend.common.phaser.BackendContextHolder                 : loaded 2 times (x 72B)
Class kotlinx.coroutines.flow.Flow                                                    : loaded 2 times (x 72B)
Class com.google.common.cache.Weigher                                                 : loaded 2 times (x 72B)
Class org.gradle.api.internal.classpath.UnknownModuleException                        : loaded 2 times (x 84B)
Class org.jetbrains.kotlin.ir.declarations.IrFile                                     : loaded 2 times (x 130B)
Class org.jetbrains.kotlin.fir.analysis.checkers.declaration.FirSealedInterfaceAllowedChecker: loaded 2 times (x 79B)
Class org.jetbrains.kotlin.fir.analysis.checkers.LanguageVersionSettingsCheckers$Companion$EMPTY$1: loaded 2 times (x 75B)
Class org.jetbrains.kotlin.load.java.AbstractJavaClassFinder                          : loaded 2 times (x 92B)
Class org.jetbrains.kotlin.container.InstanceComponentDescriptor                      : loaded 2 times (x 87B)
Class org.jetbrains.kotlin.resolve.checkers.MissingDependencyClassChecker             : loaded 2 times (x 76B)
Class org.jetbrains.kotlin.psi.KtClassLiteralExpression                               : loaded 2 times (x 581B)
Class org.jetbrains.kotlin.psi.KtSuperTypeCallEntry                                   : loaded 2 times (x 521B)
Class org.jetbrains.kotlin.psi.LambdaArgument                                         : loaded 2 times (x 72B)
Class [Lorg.jetbrains.kotlin.psi.KtTypeConstraintList;                                : loaded 2 times (x 71B)
Class org.jetbrains.kotlin.lexer.KtToken                                              : loaded 2 times (x 77B)
Class org.jetbrains.kotlin.psi.KtSuperTypeList                                        : loaded 2 times (x 449B)
Class org.jetbrains.kotlin.fir.types.ConeDynamicType                                  : loaded 2 times (x 82B)
Class org.jetbrains.kotlin.fir.types.ConeTypeContext                                  : loaded 2 times (x 72B)
Class org.jetbrains.kotlin.fir.types.impl.FirImplicitIntTypeRef                       : loaded 2 times (x 109B)
Class org.jetbrains.kotlin.resolve.jvm.platform.JvmPlatform                           : loaded 2 times (x 72B)
Class org.jetbrains.kotlin.metadata.ProtoBuf$QualifiedNameTable$QualifiedName         : loaded 2 times (x 112B)
Class org.jetbrains.kotlin.metadata.jvm.deserialization.BinaryModuleData              : loaded 2 times (x 74B)
Class org.jetbrains.kotlin.cli.jvm.compiler.TopDownAnalyzerFacadeForJVM$AllJavaSourcesInProjectScope: loaded 2 times (x 100B)
Class org.jetbrains.kotlin.com.intellij.util.text.ImmutableText                       : loaded 2 times (x 106B)
Class org.jetbrains.kotlin.backend.jvm.lower.FakeLocalVariablesForBytecodeInlinerLowering: loaded 2 times (x 181B)
Class org.jetbrains.kotlin.resolve.jvm.KotlinFinderMarker                             : loaded 2 times (x 72B)
Class org.jetbrains.kotlin.com.intellij.lang.java.parser.JavaParserUtil$ParserWrapper : loaded 2 times (x 72B)
Class org.jetbrains.kotlin.com.intellij.psi.impl.file.impl.FileManagerImpl$1          : loaded 2 times (x 76B)
Class org.jetbrains.kotlin.com.intellij.core.CorePackageIndex                         : loaded 2 times (x 77B)
Class org.jetbrains.kotlin.com.intellij.openapi.vfs.VirtualFileSetFactory             : loaded 2 times (x 72B)
Class org.jetbrains.kotlin.backend.common.CommonBackendContext                        : loaded 2 times (x 72B)
Class org.jetbrains.kotlin.com.fasterxml.aalto.in.ReaderConfig                        : loaded 2 times (x 76B)
Class org.jetbrains.kotlin.backend.jvm.lower.ExternalPackageParentPatcherLowering     : loaded 2 times (x 82B)
Class org.jetbrains.kotlin.com.intellij.psi.impl.compiled.ClsDecompilerImpl$MyClsStubBuilder: loaded 2 times (x 75B)
Class org.jetbrains.kotlin.com.intellij.codeInsight.folding.impl.JavaCodeFoldingSettingsBase: loaded 2 times (x 73B)
Class org.jetbrains.kotlin.com.intellij.lexer.MergingLexerAdapter                     : loaded 2 times (x 89B)
Class org.jetbrains.kotlin.com.intellij.lang.ASTNode                                  : loaded 2 times (x 72B)
Class org.jetbrains.kotlin.com.intellij.openapi.vfs.encoding.EncodingManager          : loaded 2 times (x 76B)
Class org.jetbrains.kotlin.kotlinx.collections.immutable.internal.CommonFunctionsKt   : loaded 2 times (x 73B)
Class org.jetbrains.kotlin.com.intellij.openapi.vfs.pointers.VirtualFilePointerManager: loaded 2 times (x 78B)
Class [Lorg.jetbrains.kotlin.cli.jvm.compiler.EnvironmentConfigFiles;                 : loaded 2 times (x 71B)
Class org.jetbrains.kotlin.com.intellij.util.containers.FastUtilCharSequenceHashingStrategy: loaded 2 times (x 77B)
Class org.jetbrains.kotlin.backend.jvm.lower.RestoreInlineLambda                      : loaded 2 times (x 346B)
Class org.jetbrains.kotlin.backend.jvm.lower.AnnotationLowering                       : loaded 2 times (x 86B)
Class org.jetbrains.kotlin.utils.KotlinPathsFromHomeDir                               : loaded 2 times (x 120B)
Class org.jetbrains.kotlin.platform.TargetPlatformVersion$NoVersion                   : loaded 2 times (x 76B)
Class org.jetbrains.kotlin.backend.jvm.JvmLoweringPhasesKt$jvmLoweringPhases$18       : loaded 2 times (x 127B)
Class org.jetbrains.kotlin.config.ApiVersion                                          : loaded 2 times (x 88B)
Class org.jetbrains.kotlin.cli.common.messages.PlainTextMessageRenderer               : loaded 2 times (x 88B)
Class org.jetbrains.kotlin.com.intellij.psi.PsiLanguageInjectionHost                  : loaded 2 times (x 72B)
Class org.jetbrains.kotlin.metadata.ProtoBuf$TypeAliasOrBuilder                       : loaded 2 times (x 72B)
Class kotlin.sequences.DistinctIterator                                               : loaded 2 times (x 85B)
Class com.google.common.base.Stopwatch                                                : loaded 2 times (x 74B)
Class com.google.common.cache.LocalCache$Strength                                     : loaded 2 times (x 83B)
Class com.google.common.cache.Cache                                                   : loaded 2 times (x 72B)
Class org.jetbrains.kotlin.fir.analysis.checkers.declaration.FirMixedFunctionalTypesInSupertypesChecker$Regular: loaded 2 times (x 80B)
Class org.jetbrains.kotlin.fir.analysis.checkers.declaration.FirInlinePropertyChecker : loaded 2 times (x 79B)
Class org.jetbrains.kotlin.name.StandardClassIds$Callables                            : loaded 2 times (x 73B)
Class org.jetbrains.kotlin.fir.declarations.FirDeclarationOrigin                      : loaded 2 times (x 74B)
Class org.jetbrains.kotlin.serialization.deserialization.NameResolverUtilKt           : loaded 2 times (x 73B)
Class org.jetbrains.kotlin.fir.serialization.FirProvidedDeclarationsForMetadataService$Companion: loaded 2 times (x 73B)
Class [Lorg.jetbrains.kotlin.psi.KtLambdaArgument;                                    : loaded 2 times (x 71B)
Class org.jetbrains.kotlin.psi.stubs.KotlinUserTypeStub                               : loaded 2 times (x 72B)
Class [Lorg.jetbrains.kotlin.psi.KtTypeAlias;                                         : loaded 2 times (x 71B)
Class org.jetbrains.kotlin.psi.stubs.elements.KtSecondaryConstructorElementType       : loaded 2 times (x 109B)
Class org.jetbrains.kotlin.fir.types.impl.FirImplicitUnitTypeRef                      : loaded 2 times (x 109B)
Class org.jetbrains.kotlin.cli.common.SessionConstructionUtils                        : loaded 2 times (x 73B)
Class org.jetbrains.kotlin.kotlinx.collections.immutable.implementations.immutableList.AbstractListIterator: loaded 2 times (x 100B)
Class org.jetbrains.kotlin.com.intellij.util.io.FileAccessorCache$Handle              : loaded 2 times (x 82B)
Class org.jetbrains.kotlin.com.intellij.lexer.LexerBase                               : loaded 2 times (x 85B)
Class org.jetbrains.kotlin.cli.common.FirSessionConstructionUtilsKt                   : loaded 2 times (x 73B)
Class org.jetbrains.kotlin.fir.deserialization.ModuleDataProvider                     : loaded 2 times (x 75B)
Class org.jetbrains.kotlin.fir.deserialization.LibraryPathFilter$LibraryList          : loaded 2 times (x 75B)
Class org.jetbrains.kotlin.fir.resolve.FirSamConversionTransformerExtension           : loaded 2 times (x 78B)
Class org.jetbrains.kotlin.com.intellij.psi.PsiInferenceHelper                        : loaded 2 times (x 72B)
Class org.jetbrains.kotlin.kotlinx.collections.immutable.implementations.immutableMap.TrieNode$Companion: loaded 2 times (x 73B)
Class org.jetbrains.kotlin.com.intellij.util.diff.FlyweightCapableTreeStructure       : loaded 2 times (x 72B)
Class [Lorg.jetbrains.kotlin.com.intellij.openapi.extensions.impl.ObjectComponentAdapter;: loaded 2 times (x 71B)
Class org.jetbrains.kotlin.com.intellij.psi.impl.PsiExpressionEvaluator               : loaded 2 times (x 77B)
Class org.jetbrains.kotlin.com.intellij.psi.impl.source.javadoc.PsiSnippetAttributeValueImpl: loaded 2 times (x 381B)
Class org.jetbrains.kotlin.com.intellij.psi.stubs.StubTree                            : loaded 2 times (x 83B)
Class org.jetbrains.kotlin.com.intellij.psi.impl.source.tree.FileElement              : loaded 2 times (x 265B)
Class org.jetbrains.kotlin.cli.common.CLIConfigurationKeys                            : loaded 2 times (x 73B)
Class org.jetbrains.kotlin.com.intellij.util.containers.ConcurrentIntObjectMap        : loaded 2 times (x 72B)
Class kotlin.reflect.jvm.internal.KClassImpl$Data$nestedClasses$2                     : loaded 2 times (x 81B)
Class [Lorg.jetbrains.kotlin.util.CompilerType;                                       : loaded 2 times (x 71B)
Class org.jetbrains.kotlin.cli.jvm.JvmArgumentsKt$configureStandardLibs$3             : loaded 2 times (x 129B)
Class org.jetbrains.kotlin.build.report.metrics.BuildMetricsReporter                  : loaded 2 times (x 72B)
Class com.google.common.base.NullnessCasts                                            : loaded 2 times (x 73B)
Class com.google.common.util.concurrent.AbstractFuture$Cancellation                   : loaded 2 times (x 74B)
Class com.google.common.collect.ImmutableMap$Builder                                  : loaded 2 times (x 84B)
Class org.jetbrains.kotlin.fir.declarations.FirProperty                               : loaded 2 times (x 217B)
Class org.jetbrains.kotlin.load.java.JavaClassFinderImpl                              : loaded 2 times (x 92B)
Class org.jetbrains.kotlin.fir.resolve.providers.impl.AbstractFirBuiltinSymbolProvider: loaded 2 times (x 85B)
Class org.jetbrains.kotlin.resolve.calls.checkers.ReferencingToUnderscoreNamedParameterOfCatchBlockChecker: loaded 2 times (x 76B)
Class org.jetbrains.kotlin.resolve.calls.checkers.CallReturnsArrayOfNothingChecker    : loaded 2 times (x 76B)
Class org.jetbrains.kotlin.psi.KtBinaryExpression                                     : loaded 2 times (x 506B)
Class [Lorg.jetbrains.kotlin.psi.LambdaArgument;                                      : loaded 2 times (x 71B)
Class [Lorg.jetbrains.kotlin.psi.KtTypeParameterList;                                 : loaded 2 times (x 71B)
Class [Lorg.jetbrains.kotlin.psi.KtNamedFunction;                                     : loaded 2 times (x 71B)
Class [Lorg.jetbrains.kotlin.psi.KtNamedDeclarationStub;                              : loaded 2 times (x 71B)
Class org.jetbrains.kotlin.lexer.KtModifierKeywordToken                               : loaded 2 times (x 80B)
Class org.jetbrains.kotlin.fir.resolve.calls.overloads.FirDeclarationOverloadabilityHelperImpl: loaded 2 times (x 80B)
Class org.jetbrains.kotlin.types.model.TypeSystemBuiltInsContext                      : loaded 2 times (x 72B)
Class org.jetbrains.kotlin.fir.FirSession                                             : loaded 2 times (x 85B)
Class org.jetbrains.kotlin.cli.jvm.index.SingleJavaFileRootsIndex                     : loaded 2 times (x 74B)
Class org.jetbrains.kotlin.resolve.jvm.modules.JavaModuleFinder                       : loaded 2 times (x 72B)
Class org.jetbrains.kotlin.resolve.jvm.NotFoundPackagesCachingStrategy$Default        : loaded 2 times (x 76B)
Class org.jetbrains.kotlin.extensions.DeclarationAttributeAltererExtension$Companion  : loaded 2 times (x 74B)
Class [Lorg.jetbrains.kotlin.com.intellij.util.containers.LinkedCustomHashMap$Entry;  : loaded 2 times (x 71B)
Class [Lorg.jetbrains.kotlin.com.intellij.psi.PsiElement;                             : loaded 2 times (x 71B)
Class org.jetbrains.kotlin.com.intellij.psi.search.GlobalSearchScope$IntersectionScope: loaded 2 times (x 101B)
Class org.jetbrains.kotlin.com.intellij.psi.impl.source.resolve.ResolveCache$StrongValueReference: loaded 2 times (x 83B)
Class org.jetbrains.kotlin.com.intellij.lang.java.lexer.JavaLexer                     : loaded 2 times (x 86B)
Class org.jetbrains.kotlin.com.intellij.util.graph.impl.GraphAlgorithmsImpl           : loaded 2 times (x 73B)
Class org.jetbrains.kotlin.com.intellij.util.KeyedLazyInstanceEP                      : loaded 2 times (x 85B)
Class org.jetbrains.kotlin.com.intellij.openapi.vfs.newvfs.BulkFileListener           : loaded 2 times (x 72B)
Class org.jetbrains.kotlin.com.intellij.openapi.editor.ReadOnlyModificationException  : loaded 2 times (x 84B)
Class org.jetbrains.kotlin.com.intellij.openapi.util.KeyedExtensionCollector          : loaded 2 times (x 88B)
Class org.jetbrains.kotlin.backend.jvm.lower.MarkNecessaryInlinedClassesAsRegeneratedLowering: loaded 2 times (x 346B)
Class org.jetbrains.kotlin.backend.common.lower.loops.ForLoopsLowering                : loaded 2 times (x 89B)
Class org.jetbrains.kotlin.backend.jvm.lower.FunctionReferenceLowering                : loaded 2 times (x 355B)
Class org.jetbrains.kotlin.ir.visitors.IrElementTransformerVoid                       : loaded 2 times (x 337B)
Class org.jetbrains.kotlin.ir.visitors.IrElementTransformer                           : loaded 2 times (x 72B)
Class org.jetbrains.kotlin.utils.KotlinPathsFromBaseDirectory                         : loaded 2 times (x 120B)
Class org.jetbrains.kotlin.config.AnnotationDefaultTargetMode$Companion               : loaded 2 times (x 73B)
Class org.jetbrains.kotlin.it.unimi.dsi.fastutil.objects.A                            : loaded 2 times (x 176B)
Class org.jetbrains.kotlin.com.intellij.psi.impl.search.MethodSuperSearcher           : loaded 2 times (x 77B)
Class org.jetbrains.kotlin.com.intellij.psi.search.LocalSearchScope                   : loaded 2 times (x 87B)
Class kotlin.reflect.jvm.internal.KClassImpl$Data$annotations$2                       : loaded 2 times (x 81B)
Class org.jetbrains.kotlin.com.intellij.openapi.util.RecursionManager$2               : loaded 2 times (x 77B)
Class kotlin.reflect.jvm.internal.pcollections.HashPMap                               : loaded 2 times (x 74B)
Class org.jetbrains.kotlin.com.intellij.openapi.util.registry.EarlyAccessRegistryManagerKt$configFile$2: loaded 2 times (x 80B)
Class org.jetbrains.kotlin.load.java.structure.JavaElement                            : loaded 2 times (x 72B)
Class org.jetbrains.org.objectweb.asm.FieldWriter                                     : loaded 2 times (x 79B)
Class kotlin.io.ByteStreamsKt                                                         : loaded 2 times (x 73B)
Class com.google.common.collect.AbstractMapBasedMultimap$WrappedCollection$WrappedIterator: loaded 2 times (x 86B)
Class com.google.common.cache.RemovalListener                                         : loaded 2 times (x 72B)
Class org.gradle.api.internal.DefaultClassPathRegistry                                : loaded 2 times (x 78B)
Class org.jetbrains.kotlin.fir.analysis.checkers.declaration.FirPublishedApiChecker   : loaded 2 times (x 79B)
Class org.jetbrains.kotlin.util.OperatorNameConventions                               : loaded 2 times (x 73B)
Class org.jetbrains.kotlin.fir.resolve.substitution.ConeSubstitutor                   : loaded 2 times (x 76B)
Class [Lorg.jetbrains.kotlin.config.JvmDefaultMode;                                   : loaded 2 times (x 71B)
Class org.jetbrains.kotlin.fir.scopes.jvm.JvmMappedScope                              : loaded 2 times (x 87B)
Class org.jetbrains.kotlin.resolve.calls.checkers.UnsupportedUntilOperatorChecker     : loaded 2 times (x 76B)
Class org.jetbrains.kotlin.descriptors.MemberDescriptor                               : loaded 2 times (x 72B)
Class org.jetbrains.kotlin.psi.KtSimpleNameStringTemplateEntry                        : loaded 2 times (x 447B)
Class org.jetbrains.kotlin.psi.stubs.KotlinCollectionLiteralExpressionStub            : loaded 2 times (x 72B)
Class org.jetbrains.kotlin.psi.stubs.elements.KtConstantExpressionElementType$Companion: loaded 2 times (x 73B)
Class [Lorg.jetbrains.kotlin.psi.KtInitializerList;                                   : loaded 2 times (x 71B)
Class org.jetbrains.kotlin.psi.KtExpressionImplStub                                   : loaded 2 times (x 507B)
Class [Lorg.jetbrains.kotlin.psi.KtClassInitializer;                                  : loaded 2 times (x 71B)
Class org.jetbrains.kotlin.psi.KtVariableDeclaration                                  : loaded 2 times (x 72B)
Class [Lorg.jetbrains.kotlin.com.intellij.psi.tree.TokenSet;                          : loaded 2 times (x 71B)
Class org.jetbrains.kotlin.resolve.checkers.ValueParameterUsageInDefaultArgumentChecker: loaded 2 times (x 76B)
Class org.jetbrains.kotlin.psi.KtClassOrObject                                        : loaded 2 times (x 1103B)
Class org.jetbrains.kotlin.fir.scopes.impl.FirEnumEntriesSupport                      : loaded 2 times (x 75B)
Class org.jetbrains.kotlin.fir.scopes.impl.FirGeneratedMemberDeclarationsStorage$CallableStorage: loaded 2 times (x 74B)
Class org.jetbrains.kotlin.fir.types.impl.FirImplicitShortTypeRef                     : loaded 2 times (x 109B)
Class org.jetbrains.kotlin.types.model.RigidTypeMarker                                : loaded 2 times (x 72B)
Class [Lorg.jetbrains.kotlin.it.unimi.dsi.fastutil.objects.n;                         : loaded 2 times (x 71B)
Class org.jetbrains.kotlin.metadata.ProtoBuf$StringTableOrBuilder                     : loaded 2 times (x 72B)
Class org.jetbrains.kotlin.resolve.jvm.modules.JavaModuleInfo$Companion$read$1        : loaded 2 times (x 90B)
Class org.jetbrains.kotlin.com.intellij.psi.impl.PsiFileEx                            : loaded 2 times (x 72B)
Class org.jetbrains.kotlin.com.intellij.psi.search.GlobalSearchScope$FileScope        : loaded 2 times (x 103B)
Class org.jetbrains.kotlin.com.fasterxml.aalto.in.NsBinding                           : loaded 2 times (x 74B)
Class org.jetbrains.kotlin.fir.extensions.FirRegisteredPluginAnnotationsImpl          : loaded 2 times (x 81B)
Class org.jetbrains.kotlin.com.intellij.psi.tree.ILightStubFileElementType            : loaded 2 times (x 112B)
Class org.jetbrains.kotlin.com.intellij.util.pico.CachingConstructorInjectionComponentAdapter: loaded 2 times (x 79B)
Class org.jetbrains.kotlin.com.intellij.psi.impl.source.CharTableImpl$StringHashToCharSequencesMap: loaded 2 times (x 206B)
Class org.jetbrains.kotlin.com.intellij.openapi.application.CachedSingletonsRegistry  : loaded 2 times (x 73B)
Class org.jetbrains.kotlin.com.intellij.util.pico.PicoException                       : loaded 2 times (x 84B)
Class org.jetbrains.kotlin.it.unimi.dsi.fastutil.ints.Int2ObjectOpenHashMap           : loaded 2 times (x 206B)
Class org.jetbrains.kotlin.config.phaser.CompilerPhase                                : loaded 2 times (x 72B)
Class kotlin.reflect.jvm.internal.KPropertyImpl                                       : loaded 2 times (x 117B)
Class org.jetbrains.kotlin.com.intellij.openapi.vfs.impl.ZipHandlerBase               : loaded 2 times (x 85B)
Class org.jetbrains.kotlin.com.intellij.ide.highlighter.JavaClassFileType             : loaded 2 times (x 82B)
Class org.jetbrains.kotlin.com.intellij.codeInsight.folding.impl.JavaFoldingBuilderBase: loaded 2 times (x 79B)
Class org.jetbrains.kotlin.load.java.JvmAbi                                           : loaded 2 times (x 73B)
Class org.jetbrains.kotlin.fir.types.ConeTypeApproximator                             : loaded 2 times (x 742B)
Class kotlin.jvm.internal.ShortCompanionObject                                        : loaded 2 times (x 73B)
Class org.jetbrains.kotlin.fir.resolve.inference.InferenceComponents$ConstraintSystemFactory: loaded 2 times (x 74B)
Class com.google.common.reflect.Invokable$ConstructorInvokable                        : loaded 2 times (x 109B)
Class com.google.common.primitives.IntsMethodsForWeb                                  : loaded 2 times (x 73B)
Class com.google.common.collect.Multimap                                              : loaded 2 times (x 72B)
Class org.gradle.internal.classpath.DefaultClassPath$ImmutableUniqueList              : loaded 2 times (x 201B)
Class org.gradle.api.internal.ClassPathRegistry                                       : loaded 2 times (x 72B)
Class org.jetbrains.kotlin.resolve.checkers.TailrecFunctionChecker                    : loaded 2 times (x 76B)
Class org.jetbrains.kotlin.fir.analysis.checkers.declaration.FirEnumEntryInitializationChecker: loaded 2 times (x 79B)
Class org.jetbrains.kotlin.fir.analysis.checkers.declaration.FirCommonConstructorDelegationIssuesChecker: loaded 2 times (x 79B)
Class org.jetbrains.kotlin.fir.analysis.checkers.declaration.FirPrimaryConstructorSuperTypeChecker: loaded 2 times (x 79B)
Class org.jetbrains.kotlin.fir.analysis.checkers.declaration.FirFunctionNameChecker   : loaded 2 times (x 79B)
Class org.jetbrains.kotlin.fir.declarations.FirTypeParametersOwner                    : loaded 2 times (x 72B)
Class [Lorg.jetbrains.kotlin.psi.KtCallableDeclaration;                               : loaded 2 times (x 71B)
Class org.jetbrains.kotlin.descriptors.ClassKind                                      : loaded 2 times (x 81B)
Class org.jetbrains.kotlin.com.intellij.openapi.vfs.VirtualFileSetFactoryKt           : loaded 2 times (x 73B)
Class org.jetbrains.kotlin.resolve.ImportPath$Companion                               : loaded 2 times (x 73B)
Class org.jetbrains.kotlin.container.PlatformExtensionsClashResolver$FirstWins        : loaded 2 times (x 75B)
Class org.jetbrains.kotlin.resolve.calls.checkers.VarargWrongExecutionOrderChecker    : loaded 2 times (x 76B)
Class org.jetbrains.kotlin.psi.KtStringTemplateExpression                             : loaded 2 times (x 680B)
Class org.jetbrains.kotlin.psi.KtImportInfo$ImportContent                             : loaded 2 times (x 73B)
Class org.jetbrains.kotlin.KtNodeTypes                                                : loaded 2 times (x 72B)
Class org.jetbrains.kotlin.resolve.checkers.SuspendFunctionAsSupertypeChecker         : loaded 2 times (x 76B)
Class org.jetbrains.kotlin.resolve.checkers.ActualClassifierMustHasTheSameMembersAsNonFinalExpectClassifierChecker: loaded 2 times (x 76B)
Class org.jetbrains.kotlin.fir.resolve.calls.overloads.ConeCallConflictResolverFactory: loaded 2 times (x 74B)
Class org.jetbrains.kotlin.fir.analysis.checkers.expression.FirGenericArrayClassLiteralSupport$Disabled: loaded 2 times (x 76B)
Class org.jetbrains.kotlin.com.intellij.psi.PsiReferenceExpression                    : loaded 2 times (x 72B)
Class org.jetbrains.kotlin.fir.scopes.impl.FirGeneratedMemberDeclarationsStorage      : loaded 2 times (x 74B)
Class org.jetbrains.kotlin.fir.types.impl.FirImplicitStringTypeRef                    : loaded 2 times (x 109B)
Class org.jetbrains.kotlin.fir.FirElement                                             : loaded 2 times (x 72B)
Class org.jetbrains.kotlin.mpp.TypeRefMarker                                          : loaded 2 times (x 72B)
Class [Lorg.jetbrains.kotlin.psi.KtVariableDeclaration;                               : loaded 2 times (x 71B)
Class org.jetbrains.kotlin.psi.KtInitializerList                                      : loaded 2 times (x 446B)
Class org.jetbrains.kotlin.psi.KtBinaryExpressionWithTypeRHS                          : loaded 2 times (x 504B)
Class [Lorg.jetbrains.kotlin.com.intellij.psi.PsiPackage;                             : loaded 2 times (x 71B)
Class org.jetbrains.kotlin.extensions.StorageComponentContainerContributor            : loaded 2 times (x 72B)
Class org.jetbrains.kotlin.com.intellij.psi.scope.NameHint                            : loaded 2 times (x 72B)
Class org.jetbrains.kotlin.com.intellij.core.JavaCoreProjectEnvironment               : loaded 2 times (x 90B)
Class org.jetbrains.kotlin.descriptors.FunctionDescriptor                             : loaded 2 times (x 72B)
Class org.jetbrains.kotlin.resolve.calls.checkers.AbstractClassInstantiationChecker   : loaded 2 times (x 76B)
Class org.jetbrains.kotlin.config.JvmDefaultMode                                      : loaded 2 times (x 81B)
Class org.jetbrains.kotlin.com.intellij.DynamicBundle$LanguageBundleEP                : loaded 2 times (x 77B)
Class org.jetbrains.kotlin.kotlinx.collections.immutable.implementations.immutableList.SmallPersistentVector$Companion: loaded 2 times (x 73B)
Class org.jetbrains.kotlin.com.intellij.openapi.util.SimpleModificationTracker        : loaded 2 times (x 78B)
Class org.jetbrains.kotlin.config.phaser.PhaseConfig                                  : loaded 2 times (x 74B)
Class org.jetbrains.kotlin.com.google.common.collect.BiMap                            : loaded 2 times (x 72B)
Class org.jetbrains.kotlin.serialization.SerializerExtensionProtocol                  : loaded 2 times (x 74B)
Class kotlin.reflect.jvm.internal.KClassImpl$Data$declaredNonStaticMembers$2          : loaded 2 times (x 81B)
Class org.jetbrains.kotlin.extensions.internal.CandidateInterceptor                   : loaded 2 times (x 74B)
Class org.jetbrains.kotlin.metadata.jvm.JvmProtoBuf$JvmPropertySignature              : loaded 2 times (x 116B)
Class org.jetbrains.org.objectweb.asm.ByteVector                                      : loaded 2 times (x 80B)
Class com.google.common.base.ExtraObjectsMethodsForWeb                                : loaded 2 times (x 73B)
Class com.google.common.reflect.TypeToken                                             : loaded 2 times (x 75B)
Class com.google.common.collect.NullnessCasts                                         : loaded 2 times (x 73B)
Class org.jetbrains.kotlin.fir.analysis.checkers.declaration.FirThrowableSubclassChecker: loaded 2 times (x 79B)
Class org.jetbrains.kotlin.fir.extensions.FirSwitchableExtensionDeclarationsSymbolProvider: loaded 2 times (x 85B)
Class org.jetbrains.kotlin.config.JvmDefaultMode$Companion                            : loaded 2 times (x 73B)
Class org.jetbrains.kotlin.container.ValueDescriptor                                  : loaded 2 times (x 72B)
Class org.jetbrains.kotlin.resolve.calls.checkers.ResolutionToPrivateConstructorOfSealedClassChecker: loaded 2 times (x 76B)
Class org.jetbrains.kotlin.fir.declarations.builder.FirSimpleFunctionBuilder          : loaded 2 times (x 165B)
Class org.jetbrains.kotlin.psi.KtObjectLiteralExpression                              : loaded 2 times (x 440B)
Class org.jetbrains.kotlin.psi.KtLoopExpression                                       : loaded 2 times (x 442B)
Class org.jetbrains.kotlin.psi.KtConstructorDelegationCall                            : loaded 2 times (x 454B)
Class org.jetbrains.kotlin.psi.KtExpressionImpl                                       : loaded 2 times (x 439B)
Class [Lorg.jetbrains.kotlin.psi.KtContextReceiver;                                   : loaded 2 times (x 71B)
Class org.jetbrains.kotlin.fir.caches.FirCachesFactory$KeyReferenceStrength           : loaded 2 times (x 81B)
Class org.jetbrains.kotlin.fir.declarations.FirMemberDeclaration                      : loaded 2 times (x 124B)
Class org.jetbrains.kotlin.fir.declarations.FirControlFlowGraphOwner                  : loaded 2 times (x 72B)
Class org.jetbrains.kotlin.io.vavr.collection.HashMap                                 : loaded 2 times (x 274B)
Class org.jetbrains.kotlin.fir.caches.NullableMap                                     : loaded 2 times (x 74B)
Class org.jetbrains.kotlin.fir.session.IncrementalCompilationContext                  : loaded 2 times (x 74B)
Class org.jetbrains.kotlin.com.intellij.psi.impl.light.LightModifierList              : loaded 2 times (x 377B)
Class org.jetbrains.kotlin.compiler.plugin.CompilerPluginRegistrar$ExtensionStorage   : loaded 2 times (x 74B)
Class org.jetbrains.kotlin.com.intellij.util.containers.LinkedCustomHashMap$RemoveCallback: loaded 2 times (x 72B)
Class org.jetbrains.kotlin.com.intellij.psi.impl.JvmPsiConversionHelperImpl           : loaded 2 times (x 80B)
Class org.jetbrains.kotlin.com.intellij.openapi.extensions.ExtensionPointUtil         : loaded 2 times (x 73B)
Class org.jetbrains.kotlin.com.intellij.openapi.extensions.ProjectExtensionPointName  : loaded 2 times (x 74B)
Class org.jetbrains.kotlin.com.fasterxml.aalto.util.BufferRecycler                    : loaded 2 times (x 74B)
Class org.jetbrains.kotlin.com.intellij.ide.plugins.DescriptorListLoadingContext$expiredPlugins$2: loaded 2 times (x 81B)
Class org.jetbrains.kotlin.com.intellij.psi.impl.compiled.ClsDecompilerImpl           : loaded 2 times (x 80B)
Class org.jetbrains.kotlin.com.intellij.psi.PsiLocalVariable                          : loaded 2 times (x 72B)
Class org.jetbrains.kotlin.com.intellij.psi.presentation.java.ClassPresentationProvider: loaded 2 times (x 76B)
Class org.jetbrains.kotlin.com.intellij.psi.tree.IStubFileElementType                 : loaded 2 times (x 110B)
Class org.jetbrains.kotlin.com.intellij.psi.javadoc.PsiDocToken                       : loaded 2 times (x 72B)
Class org.jetbrains.kotlin.backend.common.phaser.IrValidationPhase                    : loaded 2 times (x 79B)
Class org.jetbrains.kotlin.compiler.plugin.CompilerPluginRegistrar$Companion          : loaded 2 times (x 73B)
Class org.jetbrains.kotlin.metadata.ProtoBuf$StringTable                              : loaded 2 times (x 110B)
Class org.jetbrains.kotlin.fir.declarations.FirRegularClass                           : loaded 2 times (x 176B)
Class org.jetbrains.kotlin.fir.resolve.providers.impl.FirCachingCompositeSymbolProvider$special$$inlined$createCache$2: loaded 2 times (x 77B)
Class [Lorg.jetbrains.kotlin.fir.analysis.checkers.declaration.FirDeclarationChecker; : loaded 2 times (x 71B)
Class org.jetbrains.kotlin.cli.common.messages.CompilerMessageSourceLocation          : loaded 2 times (x 72B)
Class org.jetbrains.kotlin.load.kotlin.KotlinJvmBinaryClass$AnnotationArrayArgumentVisitor: loaded 2 times (x 72B)
Class [Lorg.jetbrains.org.objectweb.asm.AnnotationWriter;                             : loaded 2 times (x 71B)
Class org.jetbrains.kotlin.protobuf.UnmodifiableLazyStringList                        : loaded 2 times (x 279B)
Class com.google.common.io.ByteSink                                                   : loaded 2 times (x 78B)
Class com.google.common.collect.SingletonImmutableList                                : loaded 2 times (x 209B)
Class com.google.common.cache.CacheBuilder                                            : loaded 2 times (x 74B)
Class Settings_gradle$1                                                               : loaded 2 times (x 76B)
Class org.gradle.internal.classpath.ClassPath                                         : loaded 2 times (x 72B)
Class org.jetbrains.kotlin.fir.declarations.FirDeclarationOrigin$Synthetic            : loaded 2 times (x 74B)
Class org.jetbrains.kotlin.fir.analysis.checkers.FirCheckerWithMppKind                : loaded 2 times (x 72B)
Class org.jetbrains.kotlin.descriptors.annotations.AnnotationDescriptor               : loaded 2 times (x 72B)
Class org.jetbrains.kotlin.resolve.checkers.NullableExtensionOperatorWithSafeCallChecker: loaded 2 times (x 76B)
Class org.jetbrains.kotlin.resolve.calls.checkers.BuilderFunctionsCallChecker         : loaded 2 times (x 76B)
Class org.jetbrains.kotlin.psi.KtSimpleNameExpressionImpl                             : loaded 2 times (x 571B)
Class [Lorg.jetbrains.kotlin.psi.KtDynamicType;                                       : loaded 2 times (x 71B)
Class org.jetbrains.kotlin.resolve.checkers.TrailingCommaCallChecker                  : loaded 2 times (x 76B)
Class org.jetbrains.kotlin.resolve.PlatformConfigurator                               : loaded 2 times (x 72B)
Class org.jetbrains.kotlin.fir.analysis.checkers.declaration.FirDataObjectContentChecker: loaded 2 times (x 79B)
Class org.jetbrains.kotlin.fir.analysis.extensions.FirAdditionalCheckersExtension     : loaded 2 times (x 81B)
Class org.jetbrains.kotlin.extensions.internal.TypeResolutionInterceptor              : loaded 2 times (x 74B)
Class org.jetbrains.kotlin.com.intellij.psi.scope.MethodProcessorSetupFailedException : loaded 2 times (x 84B)
Class org.jetbrains.kotlin.com.intellij.psi.PsiType$Stub                              : loaded 2 times (x 102B)
Class org.jetbrains.kotlin.idea.KotlinLanguage                                        : loaded 2 times (x 109B)
Class org.jetbrains.kotlin.com.fasterxml.aalto.util.DataUtil                          : loaded 2 times (x 73B)
Class org.jetbrains.kotlin.com.intellij.ide.plugins.ActionDescriptorName              : loaded 2 times (x 81B)
Class org.jetbrains.kotlin.com.intellij.ide.plugins.NonShareableJavaZipFilePool$load$1: loaded 2 times (x 83B)
Class org.jetbrains.kotlin.com.intellij.lang.java.lexer.BasicJavaLexer                : loaded 2 times (x 86B)
Class org.jetbrains.kotlin.kotlinx.collections.immutable.implementations.immutableSet.PersistentHashSetIterator: loaded 2 times (x 84B)
Class org.jetbrains.kotlin.com.intellij.psi.PsiReferenceProvider                      : loaded 2 times (x 76B)
Class org.jetbrains.kotlin.ir.IrElement                                               : loaded 2 times (x 72B)
Class org.jetbrains.kotlin.util.ServiceLoaderLite                                     : loaded 2 times (x 73B)
Class org.jetbrains.kotlin.load.java.JavaNullabilityAnnotationSettingsKt              : loaded 2 times (x 73B)
Class org.jetbrains.kotlin.com.google.common.collect.AbstractMapBasedMultimap$WrappedList: loaded 2 times (x 207B)
Class org.jetbrains.kotlin.com.intellij.util.containers.CollectionFactory             : loaded 2 times (x 73B)
Class org.gradle.internal.service.UnknownServiceException                             : loaded 2 times (x 85B)
Class org.jetbrains.kotlin.fir.session.FirJvmSessionFactory$LibraryContext            : loaded 2 times (x 74B)
Class org.jetbrains.kotlin.metadata.deserialization.TypeTable                         : loaded 2 times (x 74B)
Class org.jetbrains.kotlin.load.kotlin.FileBasedKotlinClass$1                         : loaded 2 times (x 90B)
Class com.google.common.cache.LocalCache$LocalLoadingCache                            : loaded 2 times (x 136B)
Class kotlin.sequences.SequencesKt__SequencesKt$asSequence$$inlined$Sequence$1        : loaded 2 times (x 77B)
Class com.google.common.io.Files$FileByteSource                                       : loaded 2 times (x 87B)
Class [Lcom.google.common.reflect.Types$JavaVersion;                                  : loaded 2 times (x 71B)
Class com.google.common.base.JdkPattern                                               : loaded 2 times (x 77B)
Class com.google.common.collect.ImmutableList$ReverseImmutableList                    : loaded 2 times (x 211B)
Class org.jetbrains.kotlin.fir.analysis.checkers.declaration.FirTypeParametersInObjectChecker: loaded 2 times (x 79B)
Class org.jetbrains.kotlin.fir.analysis.checkers.declaration.FirInitializerTypeMismatchChecker: loaded 2 times (x 79B)
Class org.jetbrains.kotlin.fir.analysis.checkers.declaration.FirExpectRefinementChecker: loaded 2 times (x 79B)
Class org.jetbrains.kotlin.fir.java.FirJvmTargetProvider                              : loaded 2 times (x 74B)
Class org.jetbrains.kotlin.descriptors.Modality$Companion                             : loaded 2 times (x 73B)
Class com.google.common.collect.Sets$3                                                : loaded 2 times (x 143B)
Class org.jetbrains.kotlin.fir.analysis.jvm.checkers.FirJvmAnnotationsPlatformSpecificSupportComponent: loaded 2 times (x 80B)
Class org.jetbrains.kotlin.fir.java.scopes.JavaOverrideChecker                        : loaded 2 times (x 83B)
Class org.jetbrains.kotlin.resolve.calls.checkers.CallCheckerContext                  : loaded 2 times (x 80B)
Class [Lorg.jetbrains.kotlin.container.PlatformExtensionsClashResolver;               : loaded 2 times (x 71B)
Class org.jetbrains.kotlin.resolve.calls.checkers.ContractNotAllowedCallChecker       : loaded 2 times (x 76B)
Class org.jetbrains.kotlin.psi.KtWhenExpression                                       : loaded 2 times (x 448B)
Class [Lorg.jetbrains.kotlin.psi.KtContextReceiverList;                               : loaded 2 times (x 71B)
Class org.jetbrains.kotlin.psi.KtValueArgument                                        : loaded 2 times (x 464B)
Class [Lorg.jetbrains.kotlin.psi.KtSecondaryConstructor;                              : loaded 2 times (x 71B)
Class [Lorg.jetbrains.kotlin.psi.KtAnnotated;                                         : loaded 2 times (x 71B)
Class org.jetbrains.kotlin.psi.stubs.elements.KtPrimaryConstructorElementType         : loaded 2 times (x 109B)
Class org.jetbrains.kotlin.resolve.checkers.DataClassDeclarationChecker               : loaded 2 times (x 76B)
Class org.jetbrains.kotlin.fir.scopes.impl.FirSubstitutionOverrideStorage             : loaded 2 times (x 74B)
Class org.jetbrains.kotlin.fir.extensions.FirPredicateBasedProviderImpl$Cache         : loaded 2 times (x 74B)
Class org.jetbrains.kotlin.util.ComponentArrayOwner                                   : loaded 2 times (x 84B)
Class [Lorg.objectweb.asm.AnnotationVisitor;                                          : loaded 2 times (x 71B)
Class org.jetbrains.kotlin.load.kotlin.JvmPackagePartProviderBase                     : loaded 2 times (x 95B)
Class org.jetbrains.kotlin.fir.session.environment.AbstractProjectFileSearchScope     : loaded 2 times (x 72B)
Class org.jetbrains.kotlin.cli.jvm.compiler.jarfs.ZipImplementationKt$WhenMappings    : loaded 2 times (x 73B)
Class org.jetbrains.kotlin.cli.jvm.compiler.jarfs.ZipEntryDescription$CompressionKind : loaded 2 times (x 81B)
Class org.jetbrains.kotlin.resolve.jvm.modules.JavaModuleInfo$FileReadingException    : loaded 2 times (x 84B)
Class org.jetbrains.kotlin.com.intellij.codeInsight.ExternalAnnotationsManager        : loaded 2 times (x 89B)
Class org.jetbrains.kotlin.com.intellij.psi.impl.PsiModificationTrackerImpl$1         : loaded 2 times (x 76B)
Class org.jetbrains.kotlin.com.intellij.mock.MockProject                              : loaded 2 times (x 208B)
Class org.jetbrains.kotlin.com.intellij.psi.impl.ResolveScopeManager                  : loaded 2 times (x 76B)
Class com.google.common.reflect.Types$ClassOwnership$1                                : loaded 2 times (x 82B)
Class com.google.common.base.AbstractIterator$State                                   : loaded 2 times (x 81B)
Class org.jetbrains.kotlin.com.intellij.codeInsight.folding.JavaCodeFoldingSettings   : loaded 2 times (x 73B)
Class org.jetbrains.kotlin.com.intellij.openapi.extensions.impl.ObjectComponentAdapter: loaded 2 times (x 82B)
Class org.jetbrains.kotlin.com.intellij.psi.stubs.Stub                                : loaded 2 times (x 72B)
Class org.jetbrains.kotlin.com.intellij.openapi.util.KeyWithDefaultValue              : loaded 2 times (x 80B)
Class org.jetbrains.kotlin.kotlinx.collections.immutable.implementations.immutableSet.TrieNode$Companion: loaded 2 times (x 73B)
Class org.jetbrains.kotlin.com.intellij.util.pico.PicoInitializationException         : loaded 2 times (x 84B)
Class org.jetbrains.kotlin.com.intellij.psi.impl.source.tree.LeafElement              : loaded 2 times (x 206B)
Class [Lorg.jetbrains.kotlin.com.intellij.openapi.vfs.VirtualFileSystem;              : loaded 2 times (x 71B)
Class org.jetbrains.kotlin.com.intellij.openapi.vfs.VirtualFileManagerListener        : loaded 2 times (x 72B)
Class org.jetbrains.kotlin.com.intellij.util.text.CharArrayCharSequence               : loaded 2 times (x 103B)
Class org.jetbrains.kotlin.fir.MutableOrEmptyList                                     : loaded 2 times (x 175B)
Class org.jetbrains.kotlin.com.intellij.openapi.util.SystemInfoRt                     : loaded 2 times (x 73B)
Class org.jetbrains.kotlin.ir.visitors.IrVisitor                                      : loaded 2 times (x 161B)
Class org.jetbrains.kotlin.config.CommonConfigurationKeys                             : loaded 2 times (x 73B)
Class kotlin.reflect.jvm.internal.KClassImpl$Data$declaredStaticMembers$2             : loaded 2 times (x 81B)
Class kotlin.reflect.jvm.internal.KProperty1Impl$delegateSource$1                     : loaded 2 times (x 81B)
Class [Lorg.jetbrains.kotlin.types.model.TypeArgumentListMarker;                      : loaded 2 times (x 71B)
Class org.jetbrains.kotlin.container.InvalidCardinalityException                      : loaded 2 times (x 84B)
Class org.jetbrains.kotlin.cli.common.arguments.Enables                               : loaded 2 times (x 72B)
Class [Lorg.jetbrains.kotlin.psi.KtDeclarationWithBody;                               : loaded 2 times (x 71B)
Class org.jetbrains.kotlin.load.java.JvmAnnotationNames                               : loaded 2 times (x 73B)
Class kotlin.ranges.LongRange                                                         : loaded 2 times (x 95B)
Class org.jetbrains.kotlin.load.kotlin.FileBasedKotlinClass$2                         : loaded 2 times (x 90B)
Class com.google.errorprone.annotations.DoNotMock                                     : loaded 2 times (x 72B)
Class org.objectweb.asm.SymbolTable$Entry                                             : loaded 2 times (x 75B)
Class org.gradle.api.internal.classpath.DefaultModuleRegistry$DefaultModuleAlias      : loaded 2 times (x 82B)
Class org.gradle.internal.Factory                                                     : loaded 2 times (x 72B)
Class [Lorg.jetbrains.kotlin.psi.KtValVarKeywordOwner;                                : loaded 2 times (x 71B)
Class org.jetbrains.kotlin.fir.declarations.FirDeclarationOrigin$Delegated            : loaded 2 times (x 74B)
Class org.jetbrains.kotlin.fir.analysis.checkers.declaration.FirVolatileAnnotationChecker: loaded 2 times (x 79B)
Class org.jetbrains.kotlin.fir.declarations.FirDeclarationOrigin$Library              : loaded 2 times (x 74B)
Class org.jetbrains.kotlin.cli.jvm.index.JvmDependenciesIndexImpl$ClassSearchResult   : loaded 2 times (x 73B)
Class org.jetbrains.kotlin.fir.types.FirFunctionTypeKindServiceImpl                   : loaded 2 times (x 79B)
Class org.jetbrains.kotlin.fir.analysis.jvm.FirJvmOverridesBackwardCompatibilityHelper: loaded 2 times (x 76B)
Class org.jetbrains.kotlin.resolve.checkers.MissingDependencyClassChecker$ClassifierUsage: loaded 2 times (x 76B)
Class org.jetbrains.kotlin.resolve.calls.checkers.NamedFunAsExpressionChecker         : loaded 2 times (x 76B)
Class [Lorg.jetbrains.kotlin.psi.KtSuperTypeList;                                     : loaded 2 times (x 71B)
Class [Lorg.jetbrains.kotlin.com.intellij.extapi.psi.ASTDelegatePsiElement;           : loaded 2 times (x 71B)
Class org.jetbrains.kotlin.psi.stubs.elements.KtStubElementTypes                      : loaded 2 times (x 72B)
Class [Lorg.jetbrains.kotlin.lexer.KtToken;                                           : loaded 2 times (x 71B)
Class org.jetbrains.kotlin.psi.KtNamedDeclarationStub                                 : loaded 2 times (x 914B)
Class org.jetbrains.kotlin.fir.scopes.impl.FirSynthesizedStorage                      : loaded 2 times (x 74B)
Class org.jetbrains.kotlin.metadata.jvm.deserialization.JvmNameResolverBase$Companion : loaded 2 times (x 73B)
Class org.jetbrains.kotlin.metadata.jvm.deserialization.ClassMapperLite               : loaded 2 times (x 73B)
Class org.jetbrains.kotlin.cli.jvm.K2JVMCompiler$Companion                            : loaded 2 times (x 73B)
Class org.jetbrains.kotlin.fir.FirModuleCapabilities                                  : loaded 2 times (x 84B)
Class org.jetbrains.kotlin.fir.backend.Fir2IrScriptConfiguratorExtension              : loaded 2 times (x 78B)
Class org.jetbrains.kotlin.cli.jvm.compiler.jarfs.FastJarFileSystem$cachedOpenFileHandles$1: loaded 2 times (x 85B)
Class org.jetbrains.kotlin.cli.jvm.compiler.CliKotlinAsJavaSupport                    : loaded 2 times (x 106B)
Class org.jetbrains.kotlin.com.intellij.psi.PsiJavaCodeReferenceElement               : loaded 2 times (x 72B)
Class org.jetbrains.kotlin.com.intellij.diagnostic.ImplementationConflictException    : loaded 2 times (x 84B)
Class org.jetbrains.kotlin.com.intellij.openapi.command.CommandListener               : loaded 2 times (x 72B)
Class org.jetbrains.kotlin.com.intellij.openapi.progress.Task$Backgroundable          : loaded 2 times (x 91B)
Class org.jetbrains.kotlin.com.intellij.openapi.util.text.StringUtilRt                : loaded 2 times (x 73B)
Class org.jetbrains.kotlin.ir.declarations.IrSymbolOwner                              : loaded 2 times (x 72B)
Class org.jetbrains.kotlin.backend.jvm.lower.JvmLocalDeclarationsLowering             : loaded 2 times (x 90B)
Class org.jetbrains.kotlin.config.CommonConfigurationKeysKt                           : loaded 2 times (x 73B)
Class org.jetbrains.kotlin.com.google.common.collect.MapDifference                    : loaded 2 times (x 72B)
Class [Lorg.jetbrains.kotlin.psi.KtCallElement;                                       : loaded 2 times (x 71B)
Class org.jetbrains.kotlin.load.kotlin.FileBasedKotlinClass$3                         : loaded 2 times (x 80B)
Class org.jetbrains.org.objectweb.asm.ClassWriter                                     : loaded 2 times (x 107B)
Class org.objectweb.asm.Edge                                                          : loaded 2 times (x 74B)
Class com.google.common.collect.Iterators$1                                           : loaded 2 times (x 83B)
Class com.google.common.base.Suppliers$SupplierOfInstance                             : loaded 2 times (x 81B)
Class org.jetbrains.kotlin.fir.analysis.checkers.declaration.FirAbstractOverrideChecker: loaded 2 times (x 79B)
Class org.jetbrains.kotlin.fir.analysis.checkers.declaration.FirConstPropertyChecker  : loaded 2 times (x 79B)
Class org.jetbrains.kotlin.fir.analysis.checkers.declaration.FirContractChecker       : loaded 2 times (x 79B)
Class org.jetbrains.kotlin.fir.analysis.checkers.expression.FirExpressionChecker      : loaded 2 times (x 79B)
Class org.jetbrains.kotlin.fir.declarations.FirFunction                               : loaded 2 times (x 184B)
Class org.jetbrains.kotlin.fir.serialization.FirProvidedDeclarationsForMetadataServiceImpl: loaded 2 times (x 78B)
Class org.jetbrains.kotlin.fir.extensions.AbstractFirRegisteredPluginAnnotations$initialize$registrar$1: loaded 2 times (x 76B)
Class org.jetbrains.kotlin.fir.analysis.checkers.FirIdentityLessPlatformDeterminer    : loaded 2 times (x 74B)
Class org.jetbrains.kotlin.psi.KtQualifiedExpression                                  : loaded 2 times (x 72B)
Class org.jetbrains.kotlin.psi.stubs.KotlinTypeProjectionStub                         : loaded 2 times (x 72B)
Class org.jetbrains.kotlin.psi.stubs.KotlinModifierListStub                           : loaded 2 times (x 72B)
Class [Lorg.jetbrains.kotlin.psi.KtClassBody;                                         : loaded 2 times (x 71B)
Class org.jetbrains.kotlin.psi.KtValVarKeywordOwner                                   : loaded 2 times (x 72B)
Class org.jetbrains.kotlin.kdoc.lexer.KDocToken                                       : loaded 2 times (x 77B)
Class org.jetbrains.kotlin.resolve.calls.checkers.SafeCallChecker                     : loaded 2 times (x 76B)
Class org.jetbrains.kotlin.psi.KtExpression                                           : loaded 2 times (x 72B)
Class org.jetbrains.kotlin.fir.scopes.impl.FirDelegatedMembersFilter                  : loaded 2 times (x 74B)
Class org.jetbrains.kotlin.types.AbstractTypeApproximator                             : loaded 2 times (x 742B)
Class org.jetbrains.kotlin.util.ArrayMap                                              : loaded 2 times (x 85B)
Class org.jetbrains.kotlin.platform.JsPlatform                                        : loaded 2 times (x 77B)
Class org.jetbrains.kotlin.com.intellij.psi.PsiImportHolder                           : loaded 2 times (x 72B)
Class org.jetbrains.kotlin.com.intellij.openapi.roots.LanguageLevelProjectExtension   : loaded 2 times (x 75B)
Class org.jetbrains.kotlin.com.intellij.openapi.fileTypes.CharsetUtil                 : loaded 2 times (x 73B)
Class org.jetbrains.kotlin.org.codehaus.stax2.typed.TypedValueDecoder                 : loaded 2 times (x 75B)
Class org.jetbrains.kotlin.config.LanguageVersion$Companion                           : loaded 2 times (x 73B)
Class [Lorg.jetbrains.kotlin.com.intellij.util.xml.dom.XmlInterner;                   : loaded 2 times (x 71B)
Class org.jetbrains.kotlin.com.intellij.pom.PomTarget                                 : loaded 2 times (x 72B)
Class org.jetbrains.kotlin.com.intellij.psi.javadoc.PsiDocTagValue                    : loaded 2 times (x 72B)
Class org.jetbrains.kotlin.com.intellij.psi.PsiPlainText                              : loaded 2 times (x 72B)
Class org.jetbrains.kotlin.backend.jvm.lower.GenerateMultifileFacades                 : loaded 2 times (x 77B)
Class org.jetbrains.kotlin.backend.jvm.lower.FragmentSharedVariablesLowering          : loaded 2 times (x 355B)
Class org.jetbrains.kotlin.backend.jvm.lower.JvmOptimizationLowering                  : loaded 2 times (x 82B)
Class org.jetbrains.kotlin.backend.jvm.JvmLoweringPhasesKt$jvmFilePhases$60           : loaded 2 times (x 127B)
Class org.jetbrains.kotlin.backend.common.lower.InnerClassesLowering                  : loaded 2 times (x 90B)
Class org.jetbrains.kotlin.config.IrVerificationMode$Companion                        : loaded 2 times (x 73B)
Class org.jetbrains.kotlin.com.intellij.psi.LiteralTextEscaper                        : loaded 2 times (x 78B)
Class org.jetbrains.kotlin.fir.resolve.substitution.AbstractConeSubstitutor           : loaded 2 times (x 78B)
Class org.jetbrains.kotlin.container.ComponentStorage                                 : loaded 2 times (x 77B)
Class kotlin.ranges.LongProgression$Companion                                         : loaded 2 times (x 73B)
Class org.jetbrains.kotlin.load.kotlin.FileBasedKotlinClass$4                         : loaded 2 times (x 90B)
Class org.jetbrains.kotlin.config.phaser.CompilerPhaseKt                              : loaded 2 times (x 73B)
Class com.google.devtools.ksp.processing.KSPJvmConfig                                 : loaded 2 times (x 74B)
Class com.google.common.reflect.TypeToken$1                                           : loaded 2 times (x 112B)
Class com.google.common.collect.SingletonImmutableSet                                 : loaded 2 times (x 148B)
Class com.google.common.cache.LocalCache$ComputingValueReference                      : loaded 2 times (x 98B)
Class com.google.common.collect.ImmutableMap$IteratorBasedImmutableMap                : loaded 2 times (x 128B)
Class org.jetbrains.kotlin.fir.java.deserialization.FirJvmBuiltinsSymbolProvider      : loaded 2 times (x 83B)
Class org.jetbrains.kotlin.utils.WrappedValues                                        : loaded 2 times (x 73B)
Class org.jetbrains.kotlin.fir.extensions.FirDeclarationPredicateRegistrar            : loaded 2 times (x 75B)
Class org.jetbrains.kotlin.fir.session.FirJvmSessionFactory$createKotlinScopeProviderForLibrarySession$1: loaded 2 times (x 82B)
Class org.jetbrains.kotlin.fir.resolve.calls.jvm.JvmCallConflictResolverFactory       : loaded 2 times (x 74B)
Class org.jetbrains.kotlin.fir.analysis.jvm.checkers.FirJvmPrimaryConstructorSuperTypeCheckerPlatformComponent: loaded 2 times (x 74B)
Class org.jetbrains.kotlin.resolve.checkers.PlatformDiagnosticSuppressor              : loaded 2 times (x 72B)
Class org.jetbrains.kotlin.resolve.calls.checkers.CoroutineSuspendCallChecker         : loaded 2 times (x 76B)
Class org.jetbrains.kotlin.descriptors.DeclarationDescriptorWithSource                : loaded 2 times (x 72B)
Class org.jetbrains.kotlin.psi.KtStringInterpolationPrefix                            : loaded 2 times (x 445B)
Class [Lorg.jetbrains.kotlin.psi.KtStringTemplateEntryWithExpression;                 : loaded 2 times (x 71B)
Class org.jetbrains.kotlin.psi.KtTypeProjection                                       : loaded 2 times (x 586B)
Class org.jetbrains.kotlin.psi.stubs.KotlinFunctionTypeStub                           : loaded 2 times (x 72B)
Class org.jetbrains.kotlin.fir.analysis.checkers.expression.FirGenericArrayClassLiteralSupport: loaded 2 times (x 72B)
Class org.jetbrains.kotlin.com.intellij.util.ObjectUtils$Sentinel                     : loaded 2 times (x 74B)
Class org.jetbrains.kotlin.compiler.plugin.ComponentRegistrar$Companion               : loaded 2 times (x 73B)
Class org.jetbrains.kotlin.backend.jvm.JvmLoweringPhasesKt$jvmFilePhases$1            : loaded 2 times (x 127B)
Class org.jetbrains.kotlin.fir.DependencyListForCliModule$Builder                     : loaded 2 times (x 74B)
Class org.jetbrains.kotlin.backend.jvm.JvmLoweringPhasesKt$jvmFilePhases$52           : loaded 2 times (x 127B)
Class org.jetbrains.kotlin.com.intellij.util.containers.SLRUMap                       : loaded 2 times (x 82B)
Class org.jetbrains.kotlin.com.intellij.psi.PsiType                                   : loaded 2 times (x 102B)
Class org.jetbrains.kotlin.com.intellij.psi.search.SearchScope                        : loaded 2 times (x 79B)
Class org.jetbrains.kotlin.com.intellij.psi.impl.DocumentCommitProcessor              : loaded 2 times (x 72B)
Class org.jetbrains.kotlin.org.codehaus.stax2.ri.typed.ValueDecoderFactory            : loaded 2 times (x 74B)
Class [Lorg.jetbrains.kotlin.com.intellij.ide.plugins.ActionDescriptorName;           : loaded 2 times (x 71B)
Class org.jetbrains.kotlin.com.intellij.ide.plugins.DescriptorListLoadingContext      : loaded 2 times (x 81B)
Class org.jetbrains.kotlin.com.intellij.psi.FileContextProvider                       : loaded 2 times (x 76B)
Class org.jetbrains.kotlin.com.intellij.lang.folding.CustomFoldingBuilder             : loaded 2 times (x 79B)
Class org.jetbrains.kotlin.com.intellij.lang.jvm.JvmElement                           : loaded 2 times (x 72B)
Class org.jetbrains.kotlin.com.intellij.core.CoreJavaDirectoryService                 : loaded 2 times (x 87B)
Class org.jetbrains.kotlin.com.intellij.psi.impl.source.JavaLightStubBuilder          : loaded 2 times (x 82B)
Class org.jetbrains.kotlin.com.intellij.util.containers.ContainerUtil$9               : loaded 2 times (x 82B)
Class org.jetbrains.kotlin.backend.jvm.JvmLoweringPhasesKt$jvmFilePhases$61           : loaded 2 times (x 127B)
Class org.jetbrains.kotlin.ir.visitors.IrTransformer                                  : loaded 2 times (x 249B)
Class kotlin.reflect.jvm.internal.KClassImpl$Data$supertypes$2                        : loaded 2 times (x 81B)
Class org.jetbrains.kotlin.fir.deserialization.SingleModuleDataProvider               : loaded 2 times (x 76B)
Class org.jetbrains.kotlin.backend.jvm.lower.StaticInitializersLowering               : loaded 2 times (x 88B)
Class org.jetbrains.kotlin.metadata.jvm.JvmProtoBuf$JvmMethodSignatureOrBuilder       : loaded 2 times (x 72B)
Class kotlinx.coroutines.flow.MutableSharedFlow                                       : loaded 2 times (x 72B)
Class com.google.common.reflect.TypeToken$2                                           : loaded 2 times (x 112B)
Class com.google.common.cache.LocalCache$Segment                                      : loaded 2 times (x 155B)
Class org.jetbrains.kotlin.fir.analysis.checkers.MppCheckerKind                       : loaded 2 times (x 81B)
Class org.jetbrains.kotlin.fir.analysis.checkers.declaration.FirDataClassNonPublicConstructorChecker: loaded 2 times (x 79B)
Class org.jetbrains.kotlin.fir.analysis.checkers.declaration.FirImplementationMismatchChecker: loaded 2 times (x 80B)
Class org.jetbrains.kotlin.fir.analysis.checkers.declaration.FirContextReceiversDeprecatedDeclarationChecker: loaded 2 times (x 79B)
Class org.jetbrains.kotlin.load.kotlin.VirtualFileFinderFactory$SERVICE               : loaded 2 times (x 73B)
Class org.jetbrains.kotlin.name.JvmStandardClassIds$Annotations                       : loaded 2 times (x 73B)
Class org.jetbrains.kotlin.container.ClassInfo                                        : loaded 2 times (x 74B)
Class org.jetbrains.kotlin.descriptors.CallableMemberDescriptor                       : loaded 2 times (x 72B)
Class org.jetbrains.kotlin.psi.KtCatchClause                                          : loaded 2 times (x 381B)
Class org.jetbrains.kotlin.psi.stubs.KotlinScriptStub                                 : loaded 2 times (x 72B)
Class [Lorg.jetbrains.kotlin.psi.KtDelegatedSuperTypeEntry;                           : loaded 2 times (x 71B)
Class org.jetbrains.kotlin.psi.stubs.KotlinObjectStub                                 : loaded 2 times (x 72B)
Class org.jetbrains.kotlin.psi.stubs.elements.KtAnnotationUseSiteTargetElementType    : loaded 2 times (x 102B)
Class org.jetbrains.kotlin.psi.stubs.elements.KtClassElementType                      : loaded 2 times (x 108B)
Class org.jetbrains.kotlin.fir.symbols.impl.FirClassSymbol                            : loaded 2 times (x 84B)
Class org.jetbrains.kotlin.fir.analysis.checkers.declaration.FirTypeConstraintsChecker: loaded 2 times (x 79B)
Class org.jetbrains.kotlin.fir.types.impl.FirImplicitFloatTypeRef                     : loaded 2 times (x 109B)
Class org.jetbrains.kotlin.fir.types.ConeAttribute                                    : loaded 2 times (x 81B)
Class org.jetbrains.kotlin.protobuf.UnmodifiableLazyStringList$2                      : loaded 2 times (x 85B)
Class org.jetbrains.kotlin.backend.jvm.lower.JvmIrValidationBeforeLoweringPhase       : loaded 2 times (x 79B)
Class org.jetbrains.kotlin.modules.JavaRootPath                                       : loaded 2 times (x 74B)
Class org.jetbrains.kotlin.com.intellij.lang.folding.LanguageFolding                  : loaded 2 times (x 98B)
Class org.jetbrains.kotlin.com.intellij.openapi.application.impl.AnyModalityState     : loaded 2 times (x 74B)
Class org.jetbrains.kotlin.cli.jvm.compiler.legacy.pipeline.ProjectEnvironmentWithCoreEnvironmentEmulation: loaded 2 times (x 97B)
Class org.jetbrains.kotlin.cli.jvm.config.JvmModulePathRoot                           : loaded 2 times (x 79B)
Class org.jetbrains.kotlin.extensions.ProcessSourcesBeforeCompilingExtension          : loaded 2 times (x 72B)
Class org.jetbrains.kotlin.com.intellij.util.containers.ConcurrentSoftHashMap         : loaded 2 times (x 156B)
Class org.jetbrains.kotlin.com.intellij.mock.MockResolveScopeManager                  : loaded 2 times (x 77B)
Class org.jetbrains.kotlin.com.intellij.openapi.extensions.ExtensionPointAndAreaListener: loaded 2 times (x 72B)
Class org.jetbrains.kotlin.com.intellij.openapi.progress.Task$WithResult              : loaded 2 times (x 87B)
Class [Lorg.jetbrains.kotlin.com.intellij.openapi.fileTypes.FileType;                 : loaded 2 times (x 71B)
Class org.jetbrains.kotlin.com.intellij.lang.LanguageExtension                        : loaded 2 times (x 98B)
Class org.jetbrains.kotlin.com.intellij.core.CoreFileTypeRegistry                     : loaded 2 times (x 83B)
Class org.jetbrains.kotlin.com.intellij.openapi.application.ApplicationInfo           : loaded 2 times (x 74B)
Class org.jetbrains.kotlin.it.unimi.dsi.fastutil.objects.ObjectSpliterator            : loaded 2 times (x 72B)
Class [Lorg.jetbrains.kotlin.config.JvmSerializeIrMode;                               : loaded 2 times (x 71B)
Class org.jetbrains.kotlin.backend.jvm.JvmLoweringPhasesKt$jvmFilePhases$62           : loaded 2 times (x 127B)
Class [Lorg.jetbrains.kotlin.config.LanguageFeature$State;                            : loaded 2 times (x 71B)
Class [Lorg.jetbrains.kotlin.config.ReturnValueCheckerMode;                           : loaded 2 times (x 71B)
Class [Lorg.jetbrains.kotlin.config.IrVerificationMode;                               : loaded 2 times (x 71B)
Class org.jetbrains.kotlin.com.google.common.collect.ImmutableEntry                   : loaded 2 times (x 84B)
Class org.jetbrains.kotlin.it.unimi.dsi.fastutil.objects.Object2ObjectFunction        : loaded 2 times (x 72B)
Class org.jetbrains.kotlin.fir.analysis.checkers.declaration.FirReservedUnderscoreDeclarationChecker: loaded 2 times (x 79B)
Class org.jetbrains.kotlin.com.intellij.lexer.Lexer                                   : loaded 2 times (x 85B)
Class org.jetbrains.kotlin.utils.DescriptionAware                                     : loaded 2 times (x 72B)
Class org.jetbrains.kotlin.cli.common.messages.XcodeStyleMessageRenderer              : loaded 2 times (x 80B)
Class com.google.common.collect.AbstractListMultimap                                  : loaded 2 times (x 173B)
Class [Lorg.objectweb.asm.SymbolTable$Entry;                                          : loaded 2 times (x 71B)
Class com.google.common.collect.Iterators$4                                           : loaded 2 times (x 84B)
Class com.google.common.cache.CacheLoader                                             : loaded 2 times (x 76B)
Class com.google.common.collect.ImmutableBiMap                                        : loaded 2 times (x 145B)
Class org.gradle.api.internal.classpath.ModuleRegistry                                : loaded 2 times (x 72B)
Class org.gradle.internal.installation.GradleInstallation$1                           : loaded 2 times (x 77B)
Class org.jetbrains.kotlin.fir.analysis.checkers.declaration.FirInapplicableLateinitChecker: loaded 2 times (x 79B)
Class org.jetbrains.kotlin.fir.deserialization.AbstractFirDeserializedSymbolProvider$special$$inlined$createCache$1: loaded 2 times (x 77B)
Class org.jetbrains.kotlin.fir.extensions.FirExtensionPointName                       : loaded 2 times (x 74B)
Class org.jetbrains.kotlin.fir.java.deserialization.FirJvmDeserializationExtension    : loaded 2 times (x 77B)
Class org.jetbrains.kotlin.psi.KtStatementExpression                                  : loaded 2 times (x 72B)
Class org.jetbrains.kotlin.resolve.calls.inference.components.PostponedArgumentInputTypesResolver$Companion: loaded 2 times (x 73B)
Class org.jetbrains.kotlin.util.ArrayMapAccessor                                      : loaded 2 times (x 77B)
Class org.jetbrains.kotlin.util.AbstractArrayMapOwner$AbstractArrayMapAccessor        : loaded 2 times (x 73B)
Class org.jetbrains.kotlin.fir.types.impl.ConeClassLikeTypeImpl                       : loaded 2 times (x 85B)
Class org.jetbrains.kotlin.com.intellij.openapi.extensions.LoadingOrder$Companion     : loaded 2 times (x 73B)
Class org.jetbrains.kotlin.psi.KtDeclarationContainer                                 : loaded 2 times (x 72B)
Class org.jetbrains.kotlin.fir.FirModuleData                                          : loaded 2 times (x 84B)
Class org.jetbrains.kotlin.fir.session.environment.AbstractProjectFileSearchScope$EMPTY: loaded 2 times (x 79B)
Class org.jetbrains.kotlin.fir.references.FirReference                                : loaded 2 times (x 89B)
Class org.jetbrains.kotlin.cli.jvm.modules.JavaModuleGraph                            : loaded 2 times (x 74B)
Class org.jetbrains.kotlin.cli.jvm.compiler.jarfs.FastJarFileSystem                   : loaded 2 times (x 103B)
Class org.jetbrains.kotlin.utils.PlatformUtilsKt                                      : loaded 2 times (x 73B)
Class org.jetbrains.kotlin.com.intellij.pom.java.LanguageLevel                        : loaded 2 times (x 81B)
Class org.jetbrains.kotlin.com.intellij.psi.PsiExpression                             : loaded 2 times (x 72B)
Class org.jetbrains.kotlin.com.intellij.psi.PsiTypeElement                            : loaded 2 times (x 72B)
Class org.jetbrains.kotlin.com.intellij.psi.search.impl.VirtualFileEnumeration        : loaded 2 times (x 72B)
Class org.jetbrains.kotlin.com.intellij.psi.search.EverythingGlobalScope              : loaded 2 times (x 98B)
Class org.jetbrains.kotlin.com.intellij.openapi.vfs.InvalidVirtualFileAccessException : loaded 2 times (x 84B)
Class [Lorg.jetbrains.kotlin.com.intellij.openapi.util.LowMemoryWatcher$LowMemoryWatcherType;: loaded 2 times (x 71B)
Class org.jetbrains.kotlin.com.intellij.ide.plugins.ContainerDescriptor               : loaded 2 times (x 74B)
Class org.jetbrains.kotlin.com.intellij.core.CorePsiPackageImplementationHelper       : loaded 2 times (x 79B)
Class org.jetbrains.kotlin.com.intellij.psi.stubs.ObjectStubSerializer                : loaded 2 times (x 72B)
Class org.jetbrains.kotlin.com.intellij.psi.PsiFragment                               : loaded 2 times (x 72B)
Class org.jetbrains.kotlin.com.intellij.psi.PsiReferenceContributor                   : loaded 2 times (x 78B)
Class org.jetbrains.kotlin.com.intellij.util.DefaultJava11Shim                        : loaded 2 times (x 82B)
Class org.jetbrains.kotlin.com.intellij.psi.stubs.BinaryFileStubBuilders              : loaded 2 times (x 92B)
Class org.jetbrains.kotlin.com.intellij.openapi.application.ex.ApplicationEx          : loaded 2 times (x 72B)
Class org.jetbrains.kotlin.cli.jvm.compiler.KotlinCoreApplicationEnvironmentMode      : loaded 2 times (x 72B)
Class org.jetbrains.kotlin.cli.jvm.modules.CoreJrtFileSystem                          : loaded 2 times (x 103B)
Class org.jetbrains.kotlin.backend.jvm.JvmLoweringPhasesKt$jvmFilePhases$63           : loaded 2 times (x 127B)
Class org.jetbrains.kotlin.backend.jvm.lower.JvmInnerClassesLowering                  : loaded 2 times (x 90B)
Class org.jetbrains.kotlin.backend.common.lower.EnumWhenLowering                      : loaded 2 times (x 359B)
Class org.jetbrains.kotlin.storage.SimpleLock$Companion                               : loaded 2 times (x 73B)
Class org.jetbrains.kotlin.backend.common.phaser.PhaseBuildersKt                      : loaded 2 times (x 73B)
Class kotlin.jvm.internal.DoubleCompanionObject                                       : loaded 2 times (x 73B)
Class com.google.devtools.ksp.processing.KSPLogger                                    : loaded 2 times (x 72B)
Class com.google.common.base.Splitter$SplittingIterator                               : loaded 2 times (x 85B)
Class com.google.common.collect.ImmutableSet$JdkBackedSetBuilderImpl                  : loaded 2 times (x 78B)
Class com.google.common.util.concurrent.internal.InternalFutureFailureAccess          : loaded 2 times (x 74B)
Class com.google.common.collect.Iterators$5                                           : loaded 2 times (x 84B)
Class org.jetbrains.kotlin.fir.analysis.checkers.declaration.FirFunInterfaceDeclarationChecker: loaded 2 times (x 80B)
Class org.jetbrains.kotlin.fir.analysis.checkers.declaration.FirNotImplementedOverrideSimpleEnumEntryChecker: loaded 2 times (x 80B)
Class org.jetbrains.kotlin.fir.analysis.checkers.declaration.ContractSyntaxV2FunctionChecker: loaded 2 times (x 79B)
Class org.jetbrains.kotlin.fir.analysis.checkers.declaration.DeclarationCheckers$Companion: loaded 2 times (x 73B)
Class org.jetbrains.kotlin.fir.java.FirJavaFacade$special$$inlined$createCache$1      : loaded 2 times (x 77B)
Class org.jetbrains.kotlin.fir.resolve.providers.FirProvider                          : loaded 2 times (x 87B)
Class org.jetbrains.kotlin.fir.resolve.providers.impl.FirCachingCompositeSymbolProvider$symbolNamesProvider$1: loaded 2 times (x 91B)
Class org.jetbrains.kotlin.mpp.TypeAliasSymbolMarker                                  : loaded 2 times (x 72B)
Class org.jetbrains.kotlin.fir.deserialization.AbstractFirDeserializedSymbolProvider$special$$inlined$createCache$2: loaded 2 times (x 77B)
Class org.jetbrains.kotlin.fir.extensions.FirFunctionTypeKindExtension$Factory        : loaded 2 times (x 72B)
Class org.jetbrains.kotlin.resolve.calls.checkers.BuilderInferenceAssignmentChecker   : loaded 2 times (x 76B)
Class org.jetbrains.kotlin.psi.KtAnnotationUseSiteTarget                              : loaded 2 times (x 445B)
Class [Lorg.jetbrains.kotlin.psi.KtPrimaryConstructor;                                : loaded 2 times (x 71B)
Class [Lorg.jetbrains.kotlin.com.intellij.psi.impl.ElementBase;                       : loaded 2 times (x 71B)
Class org.jetbrains.kotlin.resolve.checkers.FunInterfaceDeclarationChecker            : loaded 2 times (x 76B)
Class org.jetbrains.kotlin.psi.KtPropertyAccessor                                     : loaded 2 times (x 884B)
Class [Lorg.jetbrains.kotlin.fir.caches.FirCachesFactory$KeyReferenceStrength;        : loaded 2 times (x 71B)
Class com.google.common.collect.ImmutableMap$MapViewOfValuesAsSingletonSets           : loaded 2 times (x 128B)
Class org.jetbrains.kotlin.resolve.calls.inference.components.TrivialConstraintTypeInferenceOracle: loaded 2 times (x 549B)
Class org.jetbrains.kotlin.com.intellij.psi.PsiDirectoryContainer                     : loaded 2 times (x 72B)
Class org.jetbrains.kotlin.com.intellij.psi.util.ParameterizedCachedValue             : loaded 2 times (x 72B)
Class org.jetbrains.kotlin.com.intellij.openapi.util.RecursionManager$1               : loaded 2 times (x 78B)
Class org.jetbrains.kotlin.load.java.structure.impl.classFiles.BinaryClassSignatureParser: loaded 2 times (x 74B)
Class org.jetbrains.kotlin.psi.KtElement                                              : loaded 2 times (x 72B)
Class org.jetbrains.kotlin.fir.util.ConeTypeRegistry                                  : loaded 2 times (x 75B)
Class org.jetbrains.kotlin.cli.jvm.compiler.CliVirtualFileFinderFactory               : loaded 2 times (x 78B)
Class org.jetbrains.kotlin.cli.jvm.compiler.jarfs.ZipEntryDescription                 : loaded 2 times (x 74B)
Class org.jetbrains.kotlin.resolve.extensions.AssignResolutionAltererExtension        : loaded 2 times (x 72B)
Class org.jetbrains.kotlin.extensions.ProjectExtensionDescriptor                      : loaded 2 times (x 74B)
Class org.jetbrains.kotlin.resolve.jvm.JvmCodeAnalyzerInitializer                     : loaded 2 times (x 78B)
Class org.jetbrains.kotlin.com.intellij.psi.scope.ElementClassHint                    : loaded 2 times (x 72B)
Class org.jetbrains.kotlin.cli.jvm.compiler.KotlinCoreEnvironment$ProjectEnvironment  : loaded 2 times (x 91B)
Class org.jetbrains.kotlin.parsing.KotlinParserDefinition                             : loaded 2 times (x 97B)
Class org.jetbrains.kotlin.kotlinx.collections.immutable.implementations.immutableMap.TrieNode: loaded 2 times (x 74B)
Class org.jetbrains.kotlin.com.intellij.ide.plugins.PluginContentDescriptor           : loaded 2 times (x 74B)
Class com.google.common.collect.RegularImmutableMap                                   : loaded 2 times (x 122B)
Class org.jetbrains.kotlin.mpp.CallableSymbolMarker                                   : loaded 2 times (x 72B)
Class org.jetbrains.kotlin.protobuf.LazyStringList                                    : loaded 2 times (x 72B)
Class org.jetbrains.kotlin.com.intellij.util.containers.ConcurrentWeakHashMap         : loaded 2 times (x 156B)
Class org.jetbrains.kotlin.com.intellij.psi.PsiMethod                                 : loaded 2 times (x 72B)
Class org.jetbrains.kotlin.com.intellij.lang.jvm.JvmTypeParametersOwner               : loaded 2 times (x 72B)
Class org.jetbrains.kotlin.com.intellij.psi.stubs.StubInputStream                     : loaded 2 times (x 115B)
Class org.jetbrains.kotlin.com.intellij.util.messages.impl.CompositeMessageBus$WhenMappings: loaded 2 times (x 73B)
Class org.jetbrains.kotlin.kotlinx.collections.immutable.ExtensionsKt                 : loaded 2 times (x 73B)
Class org.jetbrains.kotlin.com.intellij.mock.MockComponentManager$1                   : loaded 2 times (x 77B)
Class org.jetbrains.kotlin.com.intellij.openapi.application.ApplicationManager        : loaded 2 times (x 73B)
Class org.jetbrains.kotlin.backend.common.phaser.IrValidationBeforeLoweringPhase      : loaded 2 times (x 79B)
Class org.jetbrains.kotlin.backend.common.LoweringContext                             : loaded 2 times (x 72B)
Class org.jetbrains.kotlin.backend.jvm.lower.FakeLocalVariablesForIrInlinerLowering   : loaded 2 times (x 354B)
Class org.jetbrains.kotlin.backend.jvm.JvmLoweringPhasesKt$jvmFilePhases$64           : loaded 2 times (x 127B)
Class org.jetbrains.kotlin.backend.common.ModuleLoweringPass                          : loaded 2 times (x 72B)
Class org.jetbrains.kotlin.com.intellij.openapi.util.Key                              : loaded 2 times (x 79B)
Class org.jetbrains.kotlin.fir.declarations.SealedClassInheritorsProviderImpl         : loaded 2 times (x 74B)
Class org.jetbrains.kotlin.fir.declarations.FirClassLikeDeclaration                   : loaded 2 times (x 143B)
Class [Lkotlin.jvm.internal.markers.KMappedMarker;                                    : loaded 2 times (x 71B)
Class [Lorg.jetbrains.org.objectweb.asm.Type;                                         : loaded 2 times (x 71B)
Class org.jetbrains.kotlin.metadata.ProtoBuf$VersionRequirement$Level                 : loaded 2 times (x 84B)
Class org.jetbrains.kotlin.metadata.ProtoBuf$VersionRequirementOrBuilder              : loaded 2 times (x 72B)
Class org.jetbrains.kotlin.metadata.jvm.JvmProtoBuf$JvmMethodSignature$1              : loaded 2 times (x 146B)
Class org.jetbrains.kotlin.load.kotlin.FileBasedKotlinClass$3$1                       : loaded 2 times (x 80B)
Class org.jetbrains.kotlin.descriptors.Visibilities$Internal                          : loaded 2 times (x 81B)
Class org.jetbrains.kotlin.resolve.checkers.AnnotationClassTargetAndRetentionChecker  : loaded 2 times (x 76B)
Class com.google.common.cache.LocalCache$LocalManualCache$1                           : loaded 2 times (x 77B)
Class com.google.common.base.CharMatcher$ForPredicate                                 : loaded 2 times (x 114B)
Class com.google.common.io.ByteArrayDataOutput                                        : loaded 2 times (x 72B)
Class org.jetbrains.kotlin.fir.analysis.checkers.declaration.FirValueClassDeclarationChecker$Regular: loaded 2 times (x 80B)
Class org.jetbrains.kotlin.fir.java.FirJavaFacade$special$$inlined$createCache$2      : loaded 2 times (x 77B)
Class org.jetbrains.kotlin.fir.deserialization.AbstractFirDeserializedSymbolProvider$special$$inlined$createCache$3: loaded 2 times (x 77B)
Class org.jetbrains.kotlin.cli.jvm.index.JvmDependenciesIndexImpl$ClassSearchRequest  : loaded 2 times (x 74B)
Class org.jetbrains.kotlin.psi.KtPackageDirective                                     : loaded 2 times (x 594B)
Class org.jetbrains.kotlin.psi.stubs.elements.KtUserTypeElementType                   : loaded 2 times (x 105B)
Class org.jetbrains.kotlin.fir.resolve.inference.ConeConstraintSystemUtilContext      : loaded 2 times (x 91B)
Class org.jetbrains.kotlin.fir.types.ConeAttributes$Companion                         : loaded 2 times (x 75B)
Class org.jetbrains.kotlin.com.intellij.util.io.ResourceHandle                        : loaded 2 times (x 81B)
Class org.jetbrains.kotlin.metadata.ProtoBuf$StringTable$1                            : loaded 2 times (x 146B)
Class org.jetbrains.kotlin.fir.caches.FirThreadUnsafeCachesFactory                    : loaded 2 times (x 80B)
Class org.jetbrains.kotlin.resolve.jvm.modules.JavaModuleResolver                     : loaded 2 times (x 72B)
Class org.jetbrains.kotlin.resolve.jvm.modules.JavaModuleInfo$Companion               : loaded 2 times (x 73B)
Class org.jetbrains.kotlin.com.intellij.util.text.CharArrayUtil                       : loaded 2 times (x 73B)
Class org.jetbrains.kotlin.fir.extensions.FirExtensionRegistrar                       : loaded 2 times (x 75B)
Class org.jetbrains.kotlin.com.intellij.util.containers.SoftKeySoftValueHashMap       : loaded 2 times (x 112B)
Class org.jetbrains.kotlin.com.intellij.core.CoreJavaFileCodeStyleFacade              : loaded 2 times (x 101B)
Class org.jetbrains.kotlin.com.intellij.psi.impl.JavaPsiImplementationHelper          : loaded 2 times (x 81B)
Class org.jetbrains.kotlin.com.intellij.psi.search.ProjectScopeBuilder                : loaded 2 times (x 78B)
Class org.jetbrains.kotlin.com.intellij.ide.plugins.ModuleDependenciesDescriptor$Companion: loaded 2 times (x 73B)
Class org.jetbrains.kotlin.cli.jvm.compiler.DummyJavaFileCodeStyleFacadeFactory       : loaded 2 times (x 76B)
Class org.jetbrains.kotlin.com.intellij.psi.PsiMember                                 : loaded 2 times (x 72B)
Class org.jetbrains.kotlin.com.intellij.util.containers.Unsafe                        : loaded 2 times (x 73B)
Class org.jetbrains.kotlin.com.intellij.util.ConcurrentLongObjectHashMap$TreeNode     : loaded 2 times (x 79B)
Class org.jetbrains.kotlin.com.intellij.psi.PsiReferenceRegistrar                     : loaded 2 times (x 82B)
Class org.jetbrains.kotlin.kotlinx.collections.immutable.ImmutableCollection          : loaded 2 times (x 72B)
Class org.jetbrains.kotlin.utils.fileUtils.FileUtilsKt                                : loaded 2 times (x 73B)
Class org.jetbrains.kotlin.config.JvmAbiStability                                     : loaded 2 times (x 81B)
Class org.jetbrains.kotlin.backend.jvm.JvmLoweringPhasesKt$jvmFilePhases$65           : loaded 2 times (x 127B)
Class org.jetbrains.kotlin.metadata.ProtoBuf$Effect$InvocationKind$1                  : loaded 2 times (x 76B)
Class org.jetbrains.kotlin.cli.plugins.PluginsOptionsParserKt                         : loaded 2 times (x 73B)
Class org.jetbrains.kotlin.storage.LockBasedStorageManager$1                          : loaded 2 times (x 110B)
Class org.jetbrains.kotlin.config.AnalysisFlag                                        : loaded 2 times (x 74B)
Class org.jetbrains.kotlin.com.google.common.collect.UnmodifiableIterator             : loaded 2 times (x 82B)
Class org.jetbrains.kotlin.com.google.common.collect.Maps                             : loaded 2 times (x 73B)
Class org.jetbrains.kotlin.com.intellij.util.containers.RefHashMap$Key                : loaded 2 times (x 72B)
Class org.jetbrains.kotlin.psi.stubs.elements.KtTypeParameterElementType              : loaded 2 times (x 105B)
Class [Lorg.jetbrains.kotlin.psi.KtDeclarationModifierList;                           : loaded 2 times (x 71B)
Class org.jetbrains.kotlin.metadata.ProtoBuf$Expression                               : loaded 2 times (x 122B)
Class com.google.common.base.CharMatcher$AnyOf                                        : loaded 2 times (x 114B)
Class org.gradle.api.internal.classpath.DefaultModuleRegistry                         : loaded 2 times (x 86B)
Class org.jetbrains.kotlin.cli.common.arguments.Enables$Container                     : loaded 2 times (x 72B)
Class org.jetbrains.kotlin.fir.analysis.checkers.declaration.FirNonExpansiveInheritanceRestrictionChecker: loaded 2 times (x 79B)
Class org.jetbrains.kotlin.fir.analysis.checkers.declaration.FirMultipleDefaultsInheritedFromSupertypesChecker$ForExpectClass: loaded 2 times (x 80B)
Class org.jetbrains.kotlin.fir.analysis.checkers.declaration.FirDeclarationChecker    : loaded 2 times (x 79B)
Class org.jetbrains.kotlin.fir.deserialization.AbstractFirDeserializedSymbolProvider$special$$inlined$createCache$4: loaded 2 times (x 77B)
Class org.jetbrains.kotlin.fir.declarations.builder.FirDeclarationBuilder             : loaded 2 times (x 72B)
Class org.jetbrains.kotlin.fir.resolve.calls.FirSyntheticNamesProvider                : loaded 2 times (x 76B)
Class org.jetbrains.kotlin.name.JvmStandardClassIds                                   : loaded 2 times (x 73B)
Class org.jetbrains.kotlin.resolve.calls.checkers.AssigningNamedArgumentToVarargChecker: loaded 2 times (x 76B)
Class org.jetbrains.kotlin.psi.KtFinallySection                                       : loaded 2 times (x 379B)
Class org.jetbrains.kotlin.psi.KtCallElement                                          : loaded 2 times (x 72B)
Class org.jetbrains.kotlin.psi.stubs.KotlinParameterStub                              : loaded 2 times (x 72B)
Class org.jetbrains.kotlin.psi.KtTypeAlias                                            : loaded 2 times (x 1073B)
Class org.jetbrains.kotlin.resolve.checkers.ConstModifierChecker                      : loaded 2 times (x 76B)
Class org.jetbrains.kotlin.fir.symbols.impl.FirCallableSymbol                         : loaded 2 times (x 78B)
Class org.jetbrains.kotlin.fir.scopes.impl.FirDeclaredMemberScopeProvider$nestedClassifierCache$1: loaded 2 times (x 77B)
Class org.jetbrains.kotlin.fir.types.impl.FirImplicitBooleanTypeRef                   : loaded 2 times (x 109B)
Class org.jetbrains.kotlin.psi.KtIntersectionType                                     : loaded 2 times (x 507B)
Class org.jetbrains.kotlin.metadata.jvm.JvmModuleProtoBuf$Module$1                    : loaded 2 times (x 146B)
Class org.jetbrains.kotlin.psi.KtStringTemplateEntry                                  : loaded 2 times (x 446B)
Class org.jetbrains.kotlin.cli.jvm.index.JvmDependenciesIndexImpl                     : loaded 2 times (x 79B)
Class org.jetbrains.kotlin.load.java.structure.impl.classFiles.ClassifierResolutionContext$Result: loaded 2 times (x 74B)
Class org.jetbrains.kotlin.psi.KtContinueExpression                                   : loaded 2 times (x 439B)
Class org.jetbrains.kotlin.resolve.calls.checkers.AdditionalTypeChecker               : loaded 2 times (x 72B)
Class org.jetbrains.kotlin.asJava.LightClassGenerationSupport$Companion               : loaded 2 times (x 73B)
Class org.jetbrains.kotlin.com.intellij.psi.search.ProjectScope                       : loaded 2 times (x 73B)
Class org.jetbrains.kotlin.com.intellij.psi.PsiPrimitiveType                          : loaded 2 times (x 104B)
Class org.jetbrains.kotlin.com.intellij.psi.search.GlobalSearchScope                  : loaded 2 times (x 98B)
Class org.jetbrains.kotlin.com.intellij.openapi.util.io.FileTooBigException           : loaded 2 times (x 84B)
Class org.jetbrains.kotlin.com.intellij.openapi.application.TransactionGuard          : loaded 2 times (x 75B)
Class org.jetbrains.kotlin.com.fasterxml.aalto.impl.IoStreamException                 : loaded 2 times (x 87B)
Class org.jetbrains.kotlin.resolve.calls.checkers.ApiVersionCallChecker               : loaded 2 times (x 76B)
Class org.jetbrains.kotlin.com.intellij.lang.jvm.JvmNamedElement                      : loaded 2 times (x 72B)
Class org.jetbrains.kotlin.fir.declarations.impl.FirDeclarationStatusImpl$Modifier    : loaded 2 times (x 81B)
Class org.jetbrains.kotlin.com.intellij.lang.Language$1                               : loaded 2 times (x 109B)
Class org.jetbrains.kotlin.com.intellij.openapi.vfs.encoding.EncodingProjectManager   : loaded 2 times (x 76B)
Class org.jetbrains.kotlin.com.intellij.util.messages.Topic                           : loaded 2 times (x 78B)
Class org.jetbrains.kotlin.backend.jvm.lower.MakePropertyDelegateMethodsStaticLowering: loaded 2 times (x 346B)
Class org.jetbrains.kotlin.backend.jvm.JvmLoweringPhasesKt$jvmFilePhases$66           : loaded 2 times (x 127B)
Class org.jetbrains.kotlin.name.SpecialNames                                          : loaded 2 times (x 73B)
Class org.jetbrains.kotlin.cli.common.CLICompilerKt                                   : loaded 2 times (x 73B)
Class org.jetbrains.kotlin.fir.resolve.providers.impl.FirCachingCompositeSymbolProvider$special$$inlined$createCache$1: loaded 2 times (x 77B)
Class org.jetbrains.kotlin.cli.pipeline.PipelineContext                               : loaded 2 times (x 80B)
Class org.jetbrains.kotlin.cli.pipeline.ConfigurationUpdater                          : loaded 2 times (x 74B)
Class org.jetbrains.kotlin.fir.analysis.checkers.declaration.FirAmbiguousAnonymousTypeChecker: loaded 2 times (x 79B)
Class org.jetbrains.kotlin.util.Time$Companion                                        : loaded 2 times (x 73B)
Class [Lorg.jetbrains.kotlin.config.JvmTarget;                                        : loaded 2 times (x 71B)
Class kotlin.reflect.jvm.internal.impl.builtins.PrimitiveType$typeFqName$2            : loaded 2 times (x 81B)
Class kotlin.collections.AbstractMutableMap                                           : loaded 2 times (x 130B)
Class org.jetbrains.kotlin.it.unimi.dsi.fastutil.objects.ObjectSet                    : loaded 2 times (x 72B)
Class org.jetbrains.kotlin.metadata.jvm.deserialization.JvmProtoBufUtil               : loaded 2 times (x 73B)
Class org.jetbrains.kotlin.load.kotlin.KotlinJvmBinaryClass$AnnotationVisitor         : loaded 2 times (x 72B)
Class org.jetbrains.org.objectweb.asm.AnnotationWriter                                : loaded 2 times (x 80B)
Class org.jetbrains.kotlin.build.report.metrics.GradleBuildTime$Companion             : loaded 2 times (x 73B)
Class com.google.common.collect.Lists                                                 : loaded 2 times (x 73B)
Class com.google.common.util.concurrent.ListenableFuture                              : loaded 2 times (x 72B)
Class com.google.common.cache.ReferenceEntry                                          : loaded 2 times (x 72B)
Class com.google.common.base.Converter                                                : loaded 2 times (x 92B)
Class com.google.common.collect.ImmutableSet$CachingAsList                            : loaded 2 times (x 150B)
Class ijJvmDebugger1_7m8voghulc6ov9uw2bkrkvfgf                                        : loaded 2 times (x 173B)
Class org.gradle.api.internal.ClassPathProvider                                       : loaded 2 times (x 72B)
Class org.jetbrains.kotlin.fir.analysis.checkers.declaration.FirSealedSupertypeChecker: loaded 2 times (x 79B)
Class org.jetbrains.kotlin.fir.analysis.checkers.declaration.FirOperatorModifierChecker: loaded 2 times (x 79B)
Class org.jetbrains.kotlin.fir.analysis.checkers.declaration.FirExtensionShadowedByMemberChecker$ForExpectDeclaration: loaded 2 times (x 80B)
Class org.jetbrains.kotlin.fir.resolve.FirTypeResolver                                : loaded 2 times (x 74B)
Class org.jetbrains.kotlin.container.DataStructuresKt                                 : loaded 2 times (x 73B)
Class org.jetbrains.kotlin.fir.resolve.providers.FirCompositeCachedSymbolNamesProvider$Companion: loaded 2 times (x 73B)
Class org.jetbrains.kotlin.serialization.deserialization.builtins.BuiltInSerializerProtocol: loaded 2 times (x 74B)
Class org.jetbrains.kotlin.fir.extensions.FirFunctionTypeKindExtensionKt              : loaded 2 times (x 73B)
Class org.jetbrains.kotlin.fir.java.deserialization.FirJvmDeserializationExtension$Companion: loaded 2 times (x 73B)
Class org.jetbrains.kotlin.name.JvmStandardClassIdsKt                                 : loaded 2 times (x 73B)
Class org.jetbrains.kotlin.fir.java.JvmSupertypeUpdater$DelegatedConstructorCallTransformer: loaded 2 times (x 388B)
Class org.jetbrains.kotlin.resolve.calls.checkers.SuspendConversionCallChecker        : loaded 2 times (x 76B)
Class org.jetbrains.kotlin.psi.KtContractEffect                                       : loaded 2 times (x 445B)
Class org.jetbrains.kotlin.kdoc.lexer.KDocTokens                                      : loaded 2 times (x 72B)
Class org.jetbrains.kotlin.resolve.checkers.EnumCompanionInEnumConstructorCallChecker : loaded 2 times (x 76B)
Class org.jetbrains.kotlin.resolve.checkers.ContractDescriptionBlockChecker           : loaded 2 times (x 76B)
Class org.jetbrains.kotlin.container.StorageComponentContainer                        : loaded 2 times (x 88B)
Class org.jetbrains.kotlin.fir.symbols.impl.FirNamedFunctionSymbol                    : loaded 2 times (x 82B)
Class org.jetbrains.kotlin.fir.symbols.impl.FirClassifierSymbol                       : loaded 2 times (x 81B)
Class org.jetbrains.kotlin.fir.types.impl.FirImplicitNullableAnyTypeRef               : loaded 2 times (x 109B)
Class org.jetbrains.kotlin.fir.java.FirProjectSessionProvider                         : loaded 2 times (x 75B)
Class org.jetbrains.kotlin.KtSourceFile                                               : loaded 2 times (x 72B)
Class org.jetbrains.kotlin.extensions.CompilerConfigurationExtension$Companion        : loaded 2 times (x 74B)
Class org.jetbrains.kotlin.com.intellij.codeInsight.ExternalAnnotationsListener       : loaded 2 times (x 72B)
Class org.jetbrains.kotlin.com.intellij.psi.impl.PsiElementFinderImpl                 : loaded 2 times (x 90B)
Class org.jetbrains.kotlin.cli.jvm.compiler.CliLightClassGenerationSupport$CliLightClassSupport: loaded 2 times (x 82B)
Class org.jetbrains.kotlin.com.intellij.AbstractBundle                                : loaded 2 times (x 80B)
Class org.jetbrains.kotlin.com.intellij.psi.scope.PsiScopeProcessor                   : loaded 2 times (x 72B)
Class org.jetbrains.kotlin.com.intellij.psi.search.GlobalSearchScope$1                : loaded 2 times (x 98B)
Class org.jetbrains.kotlin.com.intellij.lang.folding.FoldingBuilderEx                 : loaded 2 times (x 79B)
Class org.jetbrains.kotlin.com.intellij.psi.stubs.LightStubBuilder                    : loaded 2 times (x 82B)
Class org.jetbrains.kotlin.com.intellij.psi.impl.source.tree.java.PsiIdentifierImpl   : loaded 2 times (x 436B)
Class org.jetbrains.kotlin.com.intellij.mock.MockComponentManager                     : loaded 2 times (x 158B)
Class org.jetbrains.kotlin.com.intellij.openapi.progress.ProgressIndicatorProvider    : loaded 2 times (x 75B)
Class org.jetbrains.kotlin.it.unimi.dsi.fastutil.Hash$Strategy                        : loaded 2 times (x 72B)
Class org.jetbrains.kotlin.backend.jvm.JvmLoweringPhasesKt$jvmFilePhases$67           : loaded 2 times (x 127B)
Class org.jetbrains.kotlin.backend.jvm.lower.InterfaceDefaultCallsLowering            : loaded 2 times (x 355B)
Class org.jetbrains.kotlin.backend.jvm.JvmLoweringPhasesKt$jvmFilePhases$30           : loaded 2 times (x 127B)
Class org.jetbrains.kotlin.backend.jvm.lower.VarargLowering                           : loaded 2 times (x 355B)
Class kotlin.reflect.jvm.internal.KClassImpl$Data$allMembers$2                        : loaded 2 times (x 81B)
Class org.jetbrains.kotlin.com.google.common.collect.AbstractMultimap                 : loaded 2 times (x 125B)
Class org.jetbrains.kotlin.com.google.common.collect.Multiset                         : loaded 2 times (x 72B)
Class kotlin.properties.NotNullVar                                                    : loaded 2 times (x 81B)
Class com.google.common.collect.AbstractMapBasedMultimap                              : loaded 2 times (x 140B)
Class com.google.common.util.concurrent.AbstractFuture                                : loaded 2 times (x 108B)
Class com.google.common.collect.Iterators$9                                           : loaded 2 times (x 83B)
Class com.google.common.collect.ImmutableAsList                                       : loaded 2 times (x 211B)
Class com.google.common.base.FunctionalEquivalence                                    : loaded 2 times (x 85B)
Class org.jetbrains.kotlin.fir.analysis.checkers.declaration.FirBadInheritedJavaSignaturesChecker: loaded 2 times (x 79B)
Class [Lorg.gradle.api.internal.ClassPathProvider;                                    : loaded 2 times (x 71B)
Class org.jetbrains.kotlin.fir.serialization.FirProvidedDeclarationsForMetadataService: loaded 2 times (x 77B)
Class org.jetbrains.kotlin.psi.KtNameReferenceExpression                              : loaded 2 times (x 634B)
Class org.jetbrains.kotlin.fir.types.TypeConstructionUtilsKt                          : loaded 2 times (x 73B)
Class kotlin.io.FileTreeWalk$FileTreeWalkIterator$SingleFileState                     : loaded 2 times (x 75B)
Class org.jetbrains.kotlin.config.JvmClosureGenerationScheme                          : loaded 2 times (x 81B)
Class org.jetbrains.kotlin.fir.extensions.FirExtension                                : loaded 2 times (x 77B)
Class org.jetbrains.kotlin.com.intellij.mock.MockDumbService                          : loaded 2 times (x 80B)
Class org.jetbrains.kotlin.com.intellij.psi.search.GlobalSearchScope$2                : loaded 2 times (x 107B)
Class org.jetbrains.kotlin.com.intellij.ide.plugins.PluginManagerCore                 : loaded 2 times (x 73B)
Class org.jetbrains.kotlin.org.codehaus.stax2.LocationInfo                            : loaded 2 times (x 72B)
Class org.jetbrains.kotlin.com.google.common.collect.CollectPreconditions             : loaded 2 times (x 73B)
Class org.jetbrains.kotlin.com.intellij.util.messages.impl.MessageBusImpl$syncPublisher$1: loaded 2 times (x 81B)
Class org.jetbrains.kotlin.com.intellij.model.psi.UrlReferenceHost                    : loaded 2 times (x 72B)
Class org.jetbrains.kotlin.cli.jvm.compiler.KotlinCoreApplicationEnvironment$Companion: loaded 2 times (x 73B)
Class org.jetbrains.kotlin.com.intellij.lang.LanguageParserDefinitions                : loaded 2 times (x 98B)
Class org.jetbrains.kotlin.backend.jvm.lower.InlinedClassReferencesBoxingLowering     : loaded 2 times (x 346B)
Class org.jetbrains.kotlin.it.unimi.dsi.fastutil.ints.o                               : loaded 2 times (x 120B)
Class org.jetbrains.kotlin.backend.jvm.lower.JvmInnerClassConstructorCallsLowering    : loaded 2 times (x 88B)
Class org.jetbrains.kotlin.backend.jvm.JvmLoweringPhasesKt$jvmFilePhases$31           : loaded 2 times (x 127B)
Class org.jetbrains.kotlin.backend.jvm.lower.JvmAnnotationImplementationLowering      : loaded 2 times (x 83B)
Class org.jetbrains.kotlin.com.intellij.util.containers.MultiMap$2                    : loaded 2 times (x 77B)
Class org.jetbrains.kotlin.config.ExplicitApiMode                                     : loaded 2 times (x 81B)
Class org.jetbrains.kotlin.cli.pipeline.jvm.JvmConfigurationPipelinePhase             : loaded 2 times (x 87B)
Class org.jetbrains.kotlin.config.JvmAnalysisFlags$Delegates$JavaTypeEnhancementStateNullByDefault: loaded 2 times (x 73B)
Class kotlin.coroutines.jvm.internal.RestrictedContinuationImpl                       : loaded 2 times (x 89B)
Class com.google.common.reflect.TypeResolver$TypeTable                                : loaded 2 times (x 75B)
Class org.objectweb.asm.RecordComponentVisitor                                        : loaded 2 times (x 79B)
Class com.google.common.cache.CacheLoader$SupplierToCacheLoader                       : loaded 2 times (x 77B)
Class org.jetbrains.kotlin.config.LanguageVersionSettingsKt                           : loaded 2 times (x 73B)
Class com.google.common.collect.Sets$2                                                : loaded 2 times (x 143B)
Class org.jetbrains.kotlin.fir.analysis.checkers.declaration.FirValueClassDeclarationChecker: loaded 2 times (x 80B)
Class org.jetbrains.kotlin.fir.analysis.checkers.declaration.FirLocalEntityNotAllowedChecker: loaded 2 times (x 79B)
Class org.jetbrains.kotlin.fir.analysis.checkers.declaration.FirMemberPropertiesChecker: loaded 2 times (x 79B)
Class org.jetbrains.kotlin.fir.analysis.checkers.declaration.FirPropertyTypeParametersChecker: loaded 2 times (x 79B)
Class org.jetbrains.kotlin.fir.resolve.providers.impl.FirProviderImpl$SymbolProvider$symbolNamesProvider$1: loaded 2 times (x 85B)
Class org.jetbrains.kotlin.fir.java.FirJavaFacade                                     : loaded 2 times (x 75B)
Class org.jetbrains.kotlin.psi.KtConstructorDelegationReferenceExpression             : loaded 2 times (x 501B)
Class org.jetbrains.kotlin.psi.stubs.KotlinNameReferenceExpressionStub                : loaded 2 times (x 72B)
Class org.jetbrains.kotlin.psi.KtModifierList                                         : loaded 2 times (x 514B)
Class org.jetbrains.kotlin.types.model.TypeSystemContext                              : loaded 2 times (x 72B)
Class org.jetbrains.kotlin.fir.types.impl.FirImplicitUByteTypeRef                     : loaded 2 times (x 109B)
Class org.jetbrains.kotlin.fir.symbols.impl.ConeClassLikeLookupTagImpl                : loaded 2 times (x 78B)
Class org.jetbrains.kotlin.fir.types.FirResolvedTypeRef                               : loaded 2 times (x 107B)
Class org.jetbrains.kotlin.metadata.ProtoBuf$QualifiedNameTable$QualifiedName$Kind    : loaded 2 times (x 84B)
Class com.google.common.collect.Maps$ViewCachingAbstractMap                           : loaded 2 times (x 127B)
Class kotlin.sequences.SequenceScope                                                  : loaded 2 times (x 75B)
Class org.jetbrains.kotlin.compiler.plugin.CompilerPluginRegistrarKt                  : loaded 2 times (x 73B)
Class org.jetbrains.kotlin.extensions.internal.TypeResolutionInterceptor$Companion    : loaded 2 times (x 74B)
Class org.jetbrains.kotlin.extensions.DeclarationAttributeAltererExtension            : loaded 2 times (x 72B)
Class org.jetbrains.kotlin.codegen.extensions.ClassBuilderInterceptorExtension$Companion: loaded 2 times (x 74B)
Class org.jetbrains.kotlin.com.intellij.psi.PsiConstantEvaluationHelper               : loaded 2 times (x 76B)
Class org.jetbrains.kotlin.com.intellij.core.CoreJavaPsiImplementationHelper          : loaded 2 times (x 82B)
Class [Lorg.jetbrains.kotlin.com.intellij.psi.PsiAnnotationMemberValue;               : loaded 2 times (x 71B)
Class org.jetbrains.kotlin.com.intellij.psi.impl.AnyPsiChangeListener                 : loaded 2 times (x 72B)
Class kotlin.text.MatchResult                                                         : loaded 2 times (x 72B)
Class org.jetbrains.kotlin.metadata.jvm.JvmProtoBuf$JvmFieldSignature                 : loaded 2 times (x 110B)
Class kotlin.ranges.LongRange$Companion                                               : loaded 2 times (x 73B)
Class org.jetbrains.kotlin.com.intellij.lang.jvm.JvmClass                             : loaded 2 times (x 72B)
Class org.jetbrains.kotlin.com.intellij.psi.impl.source.tree.java.PsiJavaTokenImpl    : loaded 2 times (x 380B)
Class org.jetbrains.kotlin.org.picocontainer.ComponentAdapter                         : loaded 2 times (x 72B)
Class org.jetbrains.kotlin.it.unimi.dsi.fastutil.objects.Object2ObjectOpenCustomHashMap: loaded 2 times (x 180B)
Class org.jetbrains.kotlin.com.intellij.lang.java.JavaLanguage                        : loaded 2 times (x 109B)
Class org.jetbrains.kotlin.com.intellij.util.Function                                 : loaded 2 times (x 72B)
Class org.jetbrains.kotlin.backend.jvm.JvmLoweringPhasesKt$jvmFilePhases$69           : loaded 2 times (x 127B)
Class org.jetbrains.kotlin.backend.common.lower.InitializersLowering                  : loaded 2 times (x 89B)
Class org.jetbrains.kotlin.backend.jvm.JvmLoweringPhasesKt$jvmFilePhases$32           : loaded 2 times (x 127B)
Class org.jetbrains.kotlin.backend.common.lower.AnnotationImplementationLowering      : loaded 2 times (x 83B)
Class [Lorg.jetbrains.kotlin.fir.caches.FirCachesFactory$ValueReferenceStrength;      : loaded 2 times (x 71B)
Class org.jetbrains.kotlin.storage.MemoizedFunctionToNotNull                          : loaded 2 times (x 72B)
Class org.jetbrains.kotlin.backend.jvm.lower.TailCallOptimizationLowering             : loaded 2 times (x 82B)
Class org.jetbrains.kotlin.load.java.ReportLevel$Companion                            : loaded 2 times (x 73B)
Class org.jetbrains.kotlin.config.AnalysisFlag$Delegates$ReturnValueCheckerDisabledByDefault: loaded 2 times (x 73B)
Class org.jetbrains.kotlin.cli.pipeline.CheckCompilationErrors$CheckDiagnosticCollector: loaded 2 times (x 77B)
Class org.jetbrains.kotlin.backend.jvm.JvmLoweringPhasesKt$jvmFilePhases$81           : loaded 2 times (x 127B)
Class [Lorg.jetbrains.kotlin.config.LanguageVersion;                                  : loaded 2 times (x 71B)
Class org.jetbrains.kotlin.backend.jvm.JvmLoweringPhasesKt$jvmLoweringPhases$17       : loaded 2 times (x 127B)
Class org.jetbrains.kotlin.cli.common.CompilerSystemProperties$value$1                : loaded 2 times (x 127B)
Class org.jetbrains.kotlin.metadata.ProtoBuf$VersionRequirement$VersionKind$1         : loaded 2 times (x 76B)
Class kotlin.text.MatchNamedGroupCollection                                           : loaded 2 times (x 72B)
Class com.google.common.reflect.TypeResolver$TypeTable$1                              : loaded 2 times (x 75B)
Class com.google.common.collect.Maps$EntryTransformer                                 : loaded 2 times (x 72B)
Class org.gradle.internal.service.ServiceLookupException                              : loaded 2 times (x 84B)
Class org.jetbrains.kotlin.fir.types.impl.FirImplicitThrowableTypeRef                 : loaded 2 times (x 109B)
Class org.jetbrains.kotlin.fir.analysis.checkers.declaration.FirMixedFunctionalTypesInSupertypesChecker$ForExpectClass: loaded 2 times (x 80B)
Class org.jetbrains.kotlin.load.java.AbstractJavaClassFinder$FilterOutKotlinSourceFilesScope: loaded 2 times (x 103B)
Class org.jetbrains.kotlin.mpp.RegularClassSymbolMarker                               : loaded 2 times (x 72B)
Class [Lorg.jetbrains.kotlin.builtins.functions.FunctionTypeKind;                     : loaded 2 times (x 71B)
Class org.jetbrains.kotlin.fir.analysis.jvm.checkers.FirJvmInlineCheckerComponent     : loaded 2 times (x 76B)
Class org.jetbrains.kotlin.fir.visitors.FirVisitor                                    : loaded 2 times (x 230B)
Class org.jetbrains.kotlin.psi.stubs.KotlinContractEffectStub                         : loaded 2 times (x 72B)
Class org.jetbrains.kotlin.psi.KtClassBody                                            : loaded 2 times (x 448B)
Class org.jetbrains.kotlin.resolve.checkers.PrivateInlineFunctionsReturningAnonymousObjectsChecker: loaded 2 times (x 76B)
Class org.jetbrains.kotlin.resolve.checkers.DynamicReceiverChecker                    : loaded 2 times (x 76B)
Class org.jetbrains.kotlin.cli.jvm.JvmArgumentsKt$configureStandardLibs$2             : loaded 2 times (x 129B)
Class [Lorg.jetbrains.kotlin.cli.common.arguments.Enables;                            : loaded 2 times (x 71B)
Class org.jetbrains.kotlin.cli.jvm.compiler.CliTraceHolder                            : loaded 2 times (x 79B)
Class org.jetbrains.kotlin.com.intellij.psi.codeStyle.JavaCodeStyleSettingsFacade     : loaded 2 times (x 75B)
Class org.jetbrains.kotlin.com.intellij.psi.impl.source.resolve.PsiResolveHelperImpl  : loaded 2 times (x 113B)
Class [Lorg.jetbrains.kotlin.com.intellij.psi.ResolveResult;                          : loaded 2 times (x 71B)
Class org.jetbrains.kotlin.com.intellij.psi.ResolveResult                             : loaded 2 times (x 72B)
Class org.jetbrains.kotlin.com.intellij.psi.impl.PsiManagerImpl                       : loaded 2 times (x 127B)
Class kotlin.reflect.jvm.internal.impl.builtins.PrimitiveType$arrayTypeFqName$2       : loaded 2 times (x 81B)
Class org.jetbrains.kotlin.com.intellij.ide.plugins.IdeaPluginDescriptor              : loaded 2 times (x 72B)
Class org.jetbrains.kotlin.com.intellij.util.lang.ZipFilePool$EntryResolver           : loaded 2 times (x 72B)
Class org.jetbrains.kotlin.com.intellij.ide.plugins.NonShareableJavaZipFilePool       : loaded 2 times (x 74B)
Class org.jetbrains.kotlin.config.LanguageVersionSettingsImpl$Companion               : loaded 2 times (x 73B)
Class org.jetbrains.kotlin.com.intellij.lang.jvm.JvmModifiersOwner                    : loaded 2 times (x 72B)
Class org.jetbrains.kotlin.com.intellij.lexer.DelegateLexer                           : loaded 2 times (x 86B)
Class org.jetbrains.kotlin.cli.common.config.ContentRootsKt                           : loaded 2 times (x 73B)
Class org.jetbrains.kotlin.com.google.common.collect.Multimaps$Entries                : loaded 2 times (x 120B)
Class org.jetbrains.kotlin.backend.common.lower.LocalDeclarationsLowering             : loaded 2 times (x 90B)
Class org.jetbrains.kotlin.backend.jvm.JvmLoweringPhasesKt$jvmFilePhases$33           : loaded 2 times (x 127B)
Class org.jetbrains.kotlin.com.intellij.util.containers.MultiMap$4                    : loaded 2 times (x 77B)
Class org.jetbrains.kotlin.compiler.plugin.CliOptionProcessingException               : loaded 2 times (x 84B)
Class org.jetbrains.kotlin.config.phaser.PhaseSet$Empty                               : loaded 2 times (x 75B)
Class org.jetbrains.kotlin.cli.common.CLICompiler$disableURLConnectionCaches$1        : loaded 2 times (x 115B)
Class org.jetbrains.kotlin.metadata.ProtoBuf$Expression$ConstantValue                 : loaded 2 times (x 84B)
Class org.jetbrains.kotlin.protobuf.LazyStringArrayList                               : loaded 2 times (x 282B)
Class kotlin.sequences.SequencesKt___SequencesKt$sortedWith$1                         : loaded 2 times (x 77B)
Class [Lcom.google.common.cache.LocalCache$EntryFactory;                              : loaded 2 times (x 71B)
Class org.gradle.internal.classloader.ClassLoaderFactory                              : loaded 2 times (x 72B)
Class org.jetbrains.kotlin.fir.analysis.checkers.declaration.FirManyCompanionObjectsChecker: loaded 2 times (x 79B)
Class org.jetbrains.kotlin.fir.analysis.checkers.declaration.FirAnnotationChecker     : loaded 2 times (x 79B)
Class [Lorg.jetbrains.kotlin.fir.extensions.BunchOfRegisteredExtensions;              : loaded 2 times (x 71B)
Class org.jetbrains.kotlin.resolve.calls.checkers.LambdaWithSuspendModifierCallChecker: loaded 2 times (x 76B)
Class org.jetbrains.kotlin.psi.KtWhenConditionWithExpression                          : loaded 2 times (x 379B)
Class org.jetbrains.kotlin.utils.exceptions.KotlinIllegalArgumentExceptionWithAttachments: loaded 2 times (x 94B)
Class org.jetbrains.kotlin.psi.ValueArgument                                          : loaded 2 times (x 72B)
Class [Lorg.jetbrains.kotlin.psi.KtEnumEntrySuperclassReferenceExpression;            : loaded 2 times (x 71B)
Class org.jetbrains.kotlin.psi.KtDotQualifiedExpression                               : loaded 2 times (x 575B)
Class org.jetbrains.kotlin.psi.KtReferenceExpression                                  : loaded 2 times (x 72B)
Class org.jetbrains.kotlin.psi.KtImportList                                           : loaded 2 times (x 446B)
Class [Lorg.jetbrains.kotlin.psi.KtParameterList;                                     : loaded 2 times (x 71B)
Class org.jetbrains.kotlin.psi.stubs.KotlinFunctionStub                               : loaded 2 times (x 72B)
Class org.jetbrains.kotlin.fir.scopes.impl.TypeAliasConstructorsSubstitutingScope     : loaded 2 times (x 81B)
Class org.jetbrains.kotlin.fir.types.TypeComponents                                   : loaded 2 times (x 74B)
Class org.jetbrains.kotlin.fir.scopes.FirScopeProvider                                : loaded 2 times (x 78B)
Class org.jetbrains.kotlin.util.EmptyArrayMap                                         : loaded 2 times (x 85B)
Class org.jetbrains.kotlin.load.java.structure.JavaLiteralAnnotationArgument          : loaded 2 times (x 72B)
Class kotlin.jvm.internal.Ref$LongRef                                                 : loaded 2 times (x 73B)
Class [Lorg.jetbrains.kotlin.com.intellij.lang.jvm.JvmAnnotatedElement;               : loaded 2 times (x 71B)
Class org.jetbrains.kotlin.fir.extensions.FirExtensionSessionComponent                : loaded 2 times (x 78B)
Class org.jetbrains.kotlin.cli.jvm.compiler.MockInferredAnnotationsManager$Companion  : loaded 2 times (x 73B)
Class org.jetbrains.kotlin.asJava.finder.JavaElementFinder$Companion                  : loaded 2 times (x 73B)
Class org.jetbrains.kotlin.com.intellij.util.lang.JavaVersion                         : loaded 2 times (x 76B)
Class org.jetbrains.kotlin.com.intellij.psi.PsiClassType                              : loaded 2 times (x 121B)
Class org.jetbrains.kotlin.com.intellij.testFramework.LightVirtualFile$1              : loaded 2 times (x 96B)
Class org.jetbrains.kotlin.com.intellij.openapi.util.Factory                          : loaded 2 times (x 72B)
Class org.jetbrains.kotlin.com.intellij.openapi.extensions.impl.ExtensionsAreaImplKt  : loaded 2 times (x 73B)
Class org.jetbrains.kotlin.backend.jvm.JvmLoweringPhasesKt$jvmFilePhases$51           : loaded 2 times (x 127B)
Class org.jetbrains.kotlin.com.fasterxml.aalto.in.ReaderConfig$EncodingContext        : loaded 2 times (x 74B)
Class kotlinx.coroutines.internal.ThreadContextKt$findOne$1                           : loaded 2 times (x 80B)
Class org.jetbrains.kotlin.com.intellij.util.containers.UnsafeWeakList                : loaded 2 times (x 124B)
Class org.jetbrains.kotlin.com.intellij.lang.jvm.JvmField                             : loaded 2 times (x 72B)
Class org.jetbrains.kotlin.kotlinx.collections.immutable.ImmutableSet                 : loaded 2 times (x 72B)
Class org.jetbrains.kotlin.com.intellij.psi.impl.source.tree.PsiWhiteSpaceImpl        : loaded 2 times (x 378B)
Class org.jetbrains.kotlin.com.intellij.openapi.extensions.impl.ImplementationClassResolver: loaded 2 times (x 72B)
Class org.jetbrains.kotlin.cli.jvm.modules.CoreJrtVirtualFile                         : loaded 2 times (x 156B)
Class org.jetbrains.kotlin.com.intellij.ide.plugins.PluginEnabler                     : loaded 2 times (x 72B)
Class org.jetbrains.kotlin.cli.jvm.modules.CoreJrtFileSystem$Companion                : loaded 2 times (x 73B)
Class org.jetbrains.kotlin.backend.common.phaser.PhaseBuildersKt$createSimpleNamedCompilerPhase$1: loaded 2 times (x 82B)
Class org.jetbrains.kotlin.backend.jvm.lower.JvmInnerClassesMemberBodyLowering        : loaded 2 times (x 88B)
Class org.jetbrains.kotlin.backend.common.lower.FlattenStringConcatenationLowering    : loaded 2 times (x 346B)
Class org.jetbrains.kotlin.backend.jvm.JvmLoweringPhasesKt$jvmFilePhases$34           : loaded 2 times (x 127B)
Class org.jetbrains.kotlin.config.AnalysisFlag$Delegates$Boolean                      : loaded 2 times (x 73B)
Class kotlin.reflect.jvm.internal.KProperty0Impl$delegateValue$1                      : loaded 2 times (x 81B)
Class org.jetbrains.kotlin.cli.pipeline.PerformanceNotifications$AnalysisFinished     : loaded 2 times (x 79B)
Class org.jetbrains.kotlin.backend.jvm.lower.EnumExternalEntriesLowering              : loaded 2 times (x 355B)
Class org.jetbrains.kotlin.platform.jvm.JdkPlatform                                   : loaded 2 times (x 77B)
Class org.jetbrains.kotlin.utils.JavaSdkUtil                                          : loaded 2 times (x 73B)
Class kotlin.jvm.internal.EnumCompanionObject                                         : loaded 2 times (x 73B)
Class kotlinx.coroutines.flow.internal.FusibleFlow                                    : loaded 2 times (x 72B)
Class com.google.common.collect.ImmutableMap$SerializedForm                           : loaded 2 times (x 75B)
Class org.jetbrains.kotlin.it.unimi.dsi.fastutil.objects.ObjectOpenCustomHashSet      : loaded 2 times (x 185B)
Class com.google.common.cache.LocalCache$LocalManualCache                             : loaded 2 times (x 101B)
Class com.google.common.base.CharMatcher$IsNot                                        : loaded 2 times (x 113B)
Class org.gradle.internal.service.CachingServiceLocator                               : loaded 2 times (x 84B)
Class org.jetbrains.kotlin.fir.analysis.checkers.declaration.FirMixedFunctionalTypesInSupertypesChecker: loaded 2 times (x 80B)
Class org.jetbrains.kotlin.fir.resolve.providers.impl.FirExtensionSyntheticFunctionInterfaceProviderKt: loaded 2 times (x 73B)
Class org.jetbrains.kotlin.com.intellij.openapi.vfs.impl.CoreVirtualFilePointerManager: loaded 2 times (x 82B)
Class org.jetbrains.kotlin.descriptors.ModuleDescriptor                               : loaded 2 times (x 72B)
Class [Lorg.jetbrains.kotlin.psi.KtEscapeStringTemplateEntry;                         : loaded 2 times (x 71B)
Class org.jetbrains.kotlin.psi.stubs.KotlinTypeParameterStub                          : loaded 2 times (x 72B)
Class org.jetbrains.kotlin.psi.stubs.KotlinPropertyStub                               : loaded 2 times (x 72B)
Class org.jetbrains.kotlin.psi.KtBlockCodeFragmentType                                : loaded 2 times (x 86B)
Class org.jetbrains.kotlin.com.intellij.psi.impl.source.tree.ICodeFragmentElementType : loaded 2 times (x 86B)
Class org.jetbrains.kotlin.com.intellij.core.CoreJobLauncher                          : loaded 2 times (x 73B)
Class org.jetbrains.kotlin.com.intellij.util.containers.UtilKt                        : loaded 2 times (x 73B)
Class org.jetbrains.kotlin.io.vavr.collection.Iterator                                : loaded 2 times (x 72B)
Class org.jetbrains.kotlin.fir.extensions.FirExpressionResolutionExtension            : loaded 2 times (x 78B)
Class org.jetbrains.kotlin.com.intellij.openapi.util.NotNullLazyKey                   : loaded 2 times (x 79B)
Class org.jetbrains.kotlin.com.intellij.psi.scope.processor.MethodCandidatesProcessor : loaded 2 times (x 113B)
Class org.jetbrains.kotlin.load.kotlin.KotlinBinaryClassCache                         : loaded 2 times (x 77B)
Class org.jetbrains.kotlin.com.intellij.platform.diagnostic.telemetry.NoopTelemetryManager: loaded 2 times (x 76B)
Class org.jetbrains.kotlin.kotlinx.collections.immutable.implementations.immutableSet.PersistentHashSetBuilder: loaded 2 times (x 176B)
Class org.jetbrains.kotlin.com.intellij.psi.PsiIdentifier                             : loaded 2 times (x 72B)
Class org.jetbrains.kotlin.com.intellij.psi.stubs.BinaryFileStubBuilder               : loaded 2 times (x 72B)
Class org.jetbrains.kotlin.kotlinx.collections.immutable.implementations.immutableSet.TrieNodeIterator: loaded 2 times (x 74B)
Class org.jetbrains.kotlin.com.intellij.ide.highlighter.ArchiveFileType               : loaded 2 times (x 87B)
Class org.jetbrains.kotlin.com.intellij.util.pico.TooManySatisfiableConstructorsException: loaded 2 times (x 84B)
Class org.jetbrains.kotlin.com.intellij.util.ConcurrentLongObjectHashMap$ForwardingNode: loaded 2 times (x 79B)
Class org.jetbrains.kotlin.com.intellij.openapi.progress.impl.CoreProgressManager$1   : loaded 2 times (x 86B)
Class org.jetbrains.kotlin.com.intellij.lang.impl.PsiBuilderFactoryImpl               : loaded 2 times (x 78B)
Class org.jetbrains.kotlin.com.intellij.openapi.util.text.Strings                     : loaded 2 times (x 73B)
Class org.jetbrains.kotlin.com.intellij.core.JavaCoreApplicationEnvironment           : loaded 2 times (x 96B)
Class org.jetbrains.kotlin.backend.jvm.lower.ProcessOptionalAnnotations               : loaded 2 times (x 82B)
Class org.jetbrains.kotlin.backend.jvm.lower.JvmInitializersLowering                  : loaded 2 times (x 89B)
Class org.jetbrains.kotlin.backend.jvm.JvmLoweringPhasesKt$jvmFilePhases$35           : loaded 2 times (x 127B)
Class org.jetbrains.kotlin.backend.jvm.lower.AssertionLowering                        : loaded 2 times (x 258B)
Class org.jetbrains.kotlin.com.intellij.util.containers.MultiMap$6                    : loaded 2 times (x 77B)
Class [Lkotlin.jvm.functions.Function3;                                               : loaded 2 times (x 71B)
Class org.jetbrains.kotlin.cli.jvm.compiler.KotlinCoreApplicationEnvironmentMode$UnitTest: loaded 2 times (x 73B)
Class org.jetbrains.kotlin.kotlinx.collections.immutable.implementations.immutableSet.PersistentHashSet$Companion: loaded 2 times (x 73B)
Class org.jetbrains.kotlin.com.fasterxml.aalto.stax.StreamReaderImpl                  : loaded 2 times (x 144B)
Class org.jetbrains.kotlin.load.kotlin.header.ReadKotlinClassHeaderAnnotationVisitor$KotlinMetadataArgumentVisitor$1: loaded 2 times (x 87B)
Class com.google.common.collect.AbstractMapBasedMultimap$KeySet                       : loaded 2 times (x 139B)
Class com.google.common.math.IntMath                                                  : loaded 2 times (x 73B)
Class org.jetbrains.kotlin.fir.resolve.providers.FirCompositeSymbolNamesProvider      : loaded 2 times (x 85B)
Class org.jetbrains.kotlin.psi.KtIfExpression                                         : loaded 2 times (x 446B)
Class org.jetbrains.kotlin.psi.KtAnonymousInitializer                                 : loaded 2 times (x 72B)
Class org.jetbrains.kotlin.resolve.checkers.ValueClassDeclarationChecker              : loaded 2 times (x 76B)
Class org.jetbrains.kotlin.resolve.checkers.ExpectActualInTheSameModuleChecker        : loaded 2 times (x 76B)
Class org.jetbrains.kotlin.fir.resolve.calls.overloads.DefaultCallConflictResolverFactory: loaded 2 times (x 74B)
Class org.jetbrains.kotlin.fir.types.impl.FirImplicitULongTypeRef                     : loaded 2 times (x 109B)
Class org.jetbrains.kotlin.fir.types.impl.FirImplicitAnnotationTypeRef                : loaded 2 times (x 109B)
Class org.jetbrains.kotlin.com.intellij.util.keyFMap.PairElementsFMap                 : loaded 2 times (x 82B)
Class org.jetbrains.kotlin.cli.jvm.compiler.CliJavaModuleUtilsKt                      : loaded 2 times (x 73B)
Class org.jetbrains.kotlin.codegen.extensions.ClassFileFactoryFinalizerExtension$Companion: loaded 2 times (x 74B)
Class org.jetbrains.kotlin.com.intellij.psi.controlFlow.ControlFlow                   : loaded 2 times (x 72B)
Class org.jetbrains.kotlin.com.intellij.psi.PsiElementVisitor                         : loaded 2 times (x 83B)
Class org.jetbrains.kotlin.com.fasterxml.aalto.in.PNameC                              : loaded 2 times (x 77B)
Class org.jetbrains.kotlin.com.intellij.util.keyFMap.OneElementFMap                   : loaded 2 times (x 82B)
Class org.jetbrains.kotlin.com.intellij.openapi.application.TransactionGuardImpl      : loaded 2 times (x 76B)
Class org.jetbrains.kotlin.com.intellij.openapi.util.AtomicNotNullLazyValue           : loaded 2 times (x 79B)
Class org.jetbrains.kotlin.com.intellij.psi.ClassFileViewProviderFactory              : loaded 2 times (x 76B)
Class org.jetbrains.kotlin.com.intellij.platform.diagnostic.telemetry.TelemetryManagerKt$instance$1: loaded 2 times (x 80B)
Class org.jetbrains.kotlin.com.intellij.openapi.progress.impl.CoreProgressManager$2   : loaded 2 times (x 86B)
Class org.jetbrains.kotlin.com.intellij.psi.PsiReferenceServiceImpl                   : loaded 2 times (x 75B)
Class org.jetbrains.kotlin.com.intellij.openapi.extensions.impl.InterfaceExtensionPoint: loaded 2 times (x 90B)
Class org.jetbrains.kotlin.com.intellij.openapi.util.ModificationTracker              : loaded 2 times (x 72B)
Class org.jetbrains.kotlin.com.intellij.util.containers.FastUtilHashingStrategies$1   : loaded 2 times (x 81B)
Class org.jetbrains.kotlin.cli.common.config.ContentRoot                              : loaded 2 times (x 72B)
Class org.jetbrains.kotlin.backend.common.DeclarationTransformer                      : loaded 2 times (x 72B)
Class org.jetbrains.kotlin.backend.jvm.JvmLoweringPhasesKt$jvmFilePhases$36           : loaded 2 times (x 127B)
Class org.jetbrains.kotlin.backend.jvm.lower.MoveOrCopyCompanionObjectFieldsLowering  : loaded 2 times (x 87B)
Class org.jetbrains.kotlin.cli.common.arguments.ConfigureCommonLanguageFeaturesKt     : loaded 2 times (x 73B)
Class org.jetbrains.kotlin.load.java.NullabilityAnnotationStates                      : loaded 2 times (x 72B)
Class org.jetbrains.kotlin.com.intellij.util.cls.ClsFormatException                   : loaded 2 times (x 84B)
Class org.jetbrains.kotlin.com.intellij.pom.java.InternalPersistentJavaLanguageLevelReaderService$DefaultImpl: loaded 2 times (x 76B)
Class org.jetbrains.kotlin.cli.common.ArgumentsKt                                     : loaded 2 times (x 73B)
Class org.jetbrains.kotlin.config.LanguageFeature$Companion                           : loaded 2 times (x 73B)
Class org.jetbrains.kotlin.com.intellij.openapi.extensions.impl.ExtensionPointImplKt  : loaded 2 times (x 73B)
Class org.jetbrains.kotlin.metadata.ProtoBuf$VersionRequirement$1                     : loaded 2 times (x 146B)
Class org.jetbrains.kotlin.metadata.jvm.JvmProtoBuf$StringTableTypes$Record$1         : loaded 2 times (x 146B)
Class org.jetbrains.kotlin.load.kotlin.header.ReadKotlinClassHeaderAnnotationVisitor$KotlinMetadataArgumentVisitor$2: loaded 2 times (x 87B)
Class org.jetbrains.kotlin.build.report.metrics.BuildTime                             : loaded 2 times (x 72B)
Class com.google.common.reflect.Types$TypeVariableInvocationHandler                   : loaded 2 times (x 77B)
Class com.google.common.collect.ImmutableMapEntry                                     : loaded 2 times (x 87B)
Class org.jetbrains.kotlin.fir.session.SourcesToPathsMapper                           : loaded 2 times (x 74B)
Class org.jetbrains.kotlin.psi.KtCallExpression                                       : loaded 2 times (x 573B)
Class org.jetbrains.kotlin.psi.KtWhileExpressionBase                                  : loaded 2 times (x 443B)
Class org.jetbrains.kotlin.psi.KtEscapeStringTemplateEntry                            : loaded 2 times (x 447B)
Class org.jetbrains.kotlin.psi.KotlinStringLiteralTextEscaper                         : loaded 2 times (x 78B)
Class org.jetbrains.kotlin.psi.KtContextReceiver                                      : loaded 2 times (x 445B)
Class [Lorg.jetbrains.kotlin.psi.KtQualifiedExpression;                               : loaded 2 times (x 71B)
Class [Lorg.jetbrains.kotlin.psi.KtClass;                                             : loaded 2 times (x 71B)
Class org.jetbrains.kotlin.KtNodeType$KtLeftBoundNodeType                             : loaded 2 times (x 78B)
Class org.jetbrains.kotlin.lexer.KtSingleValueToken                                   : loaded 2 times (x 79B)
Class org.jetbrains.kotlin.fir.caches.FirCachesFactoryKt                              : loaded 2 times (x 73B)
Class org.jetbrains.kotlin.fir.types.impl.FirImplicitAnyTypeRef                       : loaded 2 times (x 109B)
Class org.jetbrains.kotlin.com.intellij.openapi.util.LowMemoryWatcher                 : loaded 2 times (x 74B)
Class org.jetbrains.kotlin.com.intellij.core.CoreInjectedLanguageManager              : loaded 2 times (x 82B)
Class org.jetbrains.kotlin.resolve.jvm.modules.JavaModuleInfo$Companion$read$1$visitModule$1: loaded 2 times (x 83B)
Class [Lorg.jetbrains.kotlin.config.JvmClosureGenerationScheme;                       : loaded 2 times (x 71B)
Class org.jetbrains.kotlin.fir.extensions.FirExtensionRegistrarAdapter                : loaded 2 times (x 73B)
Class org.jetbrains.kotlin.extensions.PreprocessedVirtualFileFactoryExtension$Companion: loaded 2 times (x 74B)
Class org.jetbrains.kotlin.cli.jvm.compiler.jarfs.FastJarHandler                      : loaded 2 times (x 74B)
Class org.jetbrains.kotlin.com.intellij.psi.impl.source.resolve.JavaResolveCache      : loaded 2 times (x 76B)
Class org.jetbrains.kotlin.com.intellij.psi.PsiManager                                : loaded 2 times (x 115B)
Class org.jetbrains.kotlin.com.intellij.util.lang.ZipFilePool                         : loaded 2 times (x 74B)
Class org.jetbrains.kotlin.com.intellij.psi.PsiJavaReference                          : loaded 2 times (x 72B)
Class org.jetbrains.kotlin.com.intellij.psi.presentation.java.VariablePresentationProvider: loaded 2 times (x 76B)
Class org.jetbrains.kotlin.com.intellij.openapi.command.CommandProcessorEx            : loaded 2 times (x 76B)
Class org.jetbrains.kotlin.com.intellij.openapi.progress.impl.CoreProgressManager$3   : loaded 2 times (x 91B)
Class org.jetbrains.kotlin.com.intellij.util.pico.AmbiguousComponentResolutionException: loaded 2 times (x 84B)
Class org.jetbrains.kotlin.com.intellij.util.containers.FastUtilHashingStrategies$2   : loaded 2 times (x 83B)
Class org.jetbrains.kotlin.backend.jvm.JvmLoweringPhasesKt$jvmFilePhases$37           : loaded 2 times (x 127B)
Class org.jetbrains.kotlin.config.AnalysisFlag$Delegates$ApiModeDisabledByDefault     : loaded 2 times (x 73B)
Class org.jetbrains.kotlin.config.LanguageVersionSettingsImpl                         : loaded 2 times (x 85B)
Class org.jetbrains.kotlin.it.unimi.dsi.fastutil.objects.Reference2ObjectMap$FastEntrySet: loaded 2 times (x 72B)
Class org.jetbrains.kotlin.util.CompilerType                                          : loaded 2 times (x 81B)
Class org.jetbrains.kotlin.com.intellij.AbstractBundle$MyResourceControl              : loaded 2 times (x 80B)
Class [Lorg.jetbrains.kotlin.com.intellij.ide.plugins.MyXmlInterner;                  : loaded 2 times (x 71B)
Class org.jetbrains.kotlin.cli.jvm.compiler.jarfs.LargeDynamicMappedBuffer            : loaded 2 times (x 75B)
Class org.jetbrains.kotlin.build.report.metrics.DoNothingBuildMetricsReporter         : loaded 2 times (x 88B)
Class com.google.common.collect.ImmutableMultimap                                     : loaded 2 times (x 148B)
Class com.google.common.base.Equivalence                                              : loaded 2 times (x 84B)
Class com.google.common.base.Function                                                 : loaded 2 times (x 72B)
Class com.google.common.collect.ImmutableMapEntry$NonTerminalImmutableMapEntry        : loaded 2 times (x 87B)
Class org.jetbrains.kotlin.fir.expressions.FirDelegatedConstructorCall                : loaded 2 times (x 168B)
Class org.jetbrains.kotlin.fir.analysis.checkers.declaration.FirMemberFunctionsChecker: loaded 2 times (x 79B)
Class org.jetbrains.kotlin.fir.resolve.providers.impl.FirProviderImpl$State           : loaded 2 times (x 74B)
Class [Lorg.jetbrains.kotlin.fir.declarations.impl.FirDeclarationStatusImpl$Modifier; : loaded 2 times (x 71B)
Class org.jetbrains.kotlin.load.kotlin.JvmPackagePartProviderBase$ModuleMappingInfo   : loaded 2 times (x 74B)
Class org.jetbrains.kotlin.resolve.ImportPath                                         : loaded 2 times (x 74B)
Class org.jetbrains.kotlin.psi.stubs.KotlinConstantExpressionStub                     : loaded 2 times (x 72B)
Class org.jetbrains.kotlin.psi.KtImportAlias                                          : loaded 2 times (x 562B)
Class [Lorg.jetbrains.kotlin.psi.KtTypeParameter;                                     : loaded 2 times (x 71B)
Class org.jetbrains.kotlin.com.intellij.psi.tree.ICompositeElementType                : loaded 2 times (x 72B)
Class org.jetbrains.kotlin.container.UnresolvedServiceException                       : loaded 2 times (x 84B)
Class org.jetbrains.kotlin.util.OneElementArrayMap                                    : loaded 2 times (x 86B)
Class org.jetbrains.kotlin.fir.extensions.FirPredicateBasedProviderImpl$Matcher       : loaded 2 times (x 83B)
Class org.jetbrains.kotlin.serialization.deserialization.DeserializationConfiguration : loaded 2 times (x 72B)
Class org.jetbrains.kotlin.com.intellij.openapi.util.io.FileUtil                      : loaded 2 times (x 73B)
Class org.jetbrains.kotlin.com.google.common.primitives.Longs                         : loaded 2 times (x 73B)
Class org.jetbrains.kotlin.fir.extensions.FirScriptResolutionConfigurationExtension   : loaded 2 times (x 78B)
Class org.jetbrains.kotlin.com.intellij.openapi.vfs.PersistentFSConstants             : loaded 2 times (x 73B)
Class org.jetbrains.kotlin.it.unimi.dsi.fastutil.objects.ObjectOpenHashSet            : loaded 2 times (x 186B)
Class org.jetbrains.kotlin.com.intellij.core.CoreJavaCodeStyleManager$1               : loaded 2 times (x 209B)
Class org.jetbrains.kotlin.com.intellij.psi.impl.source.resolve.JavaResolveCache$1    : loaded 2 times (x 80B)
Class org.jetbrains.kotlin.com.intellij.psi.util.CachedValueProvider                  : loaded 2 times (x 72B)
Class org.jetbrains.kotlin.com.intellij.openapi.vfs.NonPhysicalFileSystem             : loaded 2 times (x 72B)
Class org.jetbrains.kotlin.resolve.DefaultImportProvider                              : loaded 2 times (x 77B)
Class org.jetbrains.kotlin.psi.KtImportInfo$ImportContent$ExpressionBased             : loaded 2 times (x 74B)
Class org.jetbrains.kotlin.com.intellij.pom.PomNamedTarget                            : loaded 2 times (x 72B)
Class org.jetbrains.kotlin.com.intellij.openapi.progress.impl.CoreProgressManager     : loaded 2 times (x 115B)
Class org.jetbrains.kotlin.ir.declarations.IrDeclarationContainer                     : loaded 2 times (x 72B)
Class org.jetbrains.kotlin.backend.jvm.JvmLoweringPhasesKt$jvmFilePhases$38           : loaded 2 times (x 127B)
Class org.jetbrains.kotlin.backend.jvm.lower.RemoveDuplicatedInlinedLocalClassesLowering: loaded 2 times (x 82B)
Class org.jetbrains.kotlin.config.AnalysisFlag$Delegates$Boolean$Companion            : loaded 2 times (x 73B)
Class kotlin.reflect.jvm.internal.KCallableImpl$_returnType$1                         : loaded 2 times (x 81B)
Class org.jetbrains.kotlin.config.LanguageFeatureBehaviorAfterSinceVersion$CannotBeDisabled: loaded 2 times (x 73B)
Class [Lorg.jetbrains.kotlin.psi.KtValueArgumentList;                                 : loaded 2 times (x 71B)
Class org.jetbrains.kotlin.psi.KtDoWhileExpression                                    : loaded 2 times (x 444B)
Class org.jetbrains.kotlin.metadata.jvm.deserialization.UtfEncodingKt                 : loaded 2 times (x 73B)
Class org.jetbrains.kotlin.metadata.jvm.JvmProtoBuf$JvmFieldSignature$1               : loaded 2 times (x 146B)
Class org.jetbrains.kotlin.metadata.jvm.JvmProtoBuf$JvmMethodSignature                : loaded 2 times (x 110B)
Class org.jetbrains.kotlin.load.kotlin.header.ReadKotlinClassHeaderAnnotationVisitor$KotlinMetadataArgumentVisitor: loaded 2 times (x 88B)
Class org.jetbrains.org.objectweb.asm.TypePath                                        : loaded 2 times (x 74B)
Class com.google.common.collect.IndexedImmutableSet$1                                 : loaded 2 times (x 215B)
Class com.google.common.collect.RegularImmutableList                                  : loaded 2 times (x 215B)
Class com.google.common.cache.CacheBuilder$OneWeigher                                 : loaded 2 times (x 84B)
Class org.jetbrains.kotlin.psi.stubs.KotlinFileStub                                   : loaded 2 times (x 72B)
Class org.jetbrains.kotlin.com.intellij.util.containers.LinkedCustomHashMap$Entry     : loaded 2 times (x 81B)
Class org.jetbrains.kotlin.fir.analysis.checkers.expression.ExpressionCheckers$Companion: loaded 2 times (x 73B)
Class org.jetbrains.kotlin.builtins.functions.FunctionTypeKind$Function               : loaded 2 times (x 79B)
Class org.jetbrains.kotlin.fir.scopes.FirTypeScope                                    : loaded 2 times (x 86B)
Class org.jetbrains.kotlin.psi.KtWhenEntry                                            : loaded 2 times (x 385B)
Class [Lorg.jetbrains.kotlin.psi.KtFunction;                                          : loaded 2 times (x 71B)
Class org.jetbrains.kotlin.psi.stubs.elements.KtBlockStringTemplateEntryElementType   : loaded 2 times (x 102B)
Class org.jetbrains.kotlin.psi.stubs.elements.KtFunctionTypeElementType               : loaded 2 times (x 102B)
Class org.jetbrains.kotlin.psi.KtTypeParameterListOwnerStub                           : loaded 2 times (x 998B)
Class org.jetbrains.kotlin.fir.FirPlatformSpecificCastChecker                         : loaded 2 times (x 74B)
Class org.jetbrains.kotlin.fir.declarations.FirTypeParameterRefsOwner                 : loaded 2 times (x 72B)
Class org.jetbrains.kotlin.types.model.TypeSystemCommonSuperTypesContext              : loaded 2 times (x 72B)
Class org.jetbrains.kotlin.fir.extensions.FirPredicateBasedProviderImpl               : loaded 2 times (x 79B)
Class org.jetbrains.kotlin.util.ArrayMapImpl                                          : loaded 2 times (x 86B)
Class org.jetbrains.kotlin.diagnostics.DiagnosticMarker                               : loaded 2 times (x 72B)
Class org.jetbrains.kotlin.resolve.calls.results.TypeSpecificityComparator$NONE       : loaded 2 times (x 76B)
Class org.jetbrains.kotlin.cli.jvm.compiler.VfsBasedProjectEnvironmentKt              : loaded 2 times (x 73B)
Class [Lorg.jetbrains.kotlin.it.unimi.dsi.fastutil.objects.Object2ObjectFunction;     : loaded 2 times (x 71B)
Class org.jetbrains.kotlin.cli.jvm.compiler.ClasspathRootsResolver$RootsAndModules    : loaded 2 times (x 74B)
Class org.jetbrains.kotlin.fir.extensions.FirAnalysisHandlerExtension                 : loaded 2 times (x 75B)
Class org.jetbrains.kotlin.asJava.KotlinAsJavaSupportBase                             : loaded 2 times (x 106B)
Class org.jetbrains.kotlin.com.intellij.core.CoreJavaCodeStyleManager$2               : loaded 2 times (x 75B)
Class org.jetbrains.kotlin.com.intellij.psi.impl.PsiTreeChangePreprocessor            : loaded 2 times (x 72B)
Class org.jetbrains.kotlin.com.intellij.lang.jvm.JvmMethod                            : loaded 2 times (x 72B)
Class org.jetbrains.kotlin.com.intellij.pom.PomRenameableTarget                       : loaded 2 times (x 72B)
Class [Lorg.jetbrains.kotlin.com.intellij.openapi.extensions.impl.ExtensionComponentAdapter;: loaded 2 times (x 71B)
Class org.jetbrains.kotlin.com.intellij.openapi.fileTypes.PlainTextParserDefinition$1 : loaded 2 times (x 86B)
Class org.jetbrains.kotlin.com.intellij.platform.diagnostic.telemetry.TelemetryManager: loaded 2 times (x 72B)
Class org.jetbrains.kotlin.com.intellij.lang.PsiBuilderFactory                        : loaded 2 times (x 78B)
Class org.jetbrains.kotlin.resolve.extensions.SyntheticResolveExtension               : loaded 2 times (x 72B)
Class org.jetbrains.kotlin.config.JvmSerializeIrMode$Companion                        : loaded 2 times (x 73B)
Class org.jetbrains.kotlin.backend.jvm.JvmLoweringPhasesKt$jvmFilePhases$39           : loaded 2 times (x 127B)
Class org.jetbrains.kotlin.cli.common.arguments.CommonCompilerArgumentsConfiguratorKt : loaded 2 times (x 73B)
Class org.jetbrains.kotlin.util.PhaseType                                             : loaded 2 times (x 81B)
Class org.jetbrains.kotlin.fir.resolve.providers.FirSymbolNamesProvider               : loaded 2 times (x 84B)
Class org.jetbrains.kotlin.load.kotlin.FileBasedKotlinClass                           : loaded 2 times (x 90B)
Class kotlin.text.StringsKt__StringsKt$lineSequence$$inlined$Sequence$1               : loaded 2 times (x 77B)
Class com.google.common.reflect.Types$ClassOwnership$1LocalClass                      : loaded 2 times (x 73B)
Class org.gradle.internal.classloader.ClasspathUtil                                   : loaded 2 times (x 73B)
Class org.jetbrains.kotlin.fir.analysis.checkers.declaration.FirValueClassDeclarationChecker$ForExpectClass: loaded 2 times (x 80B)
Class org.jetbrains.kotlin.metadata.ProtoBuf$PackageFragment                          : loaded 2 times (x 126B)
Class [Lorg.jetbrains.kotlin.psi.KtStringInterpolationPrefix;                         : loaded 2 times (x 71B)
Class org.jetbrains.kotlin.psi.KtContractEffectList                                   : loaded 2 times (x 445B)
Class [Lorg.jetbrains.kotlin.psi.KtNamed;                                             : loaded 2 times (x 71B)
Class org.jetbrains.kotlin.resolve.checkers.SuspendLimitationsChecker                 : loaded 2 times (x 76B)
Class org.jetbrains.kotlin.fir.types.FirMissingDependencyStorage$cache$1              : loaded 2 times (x 77B)
Class org.jetbrains.kotlin.fir.types.FirCorrespondingSupertypesCache                  : loaded 2 times (x 74B)
Class [Lorg.jetbrains.kotlin.metadata.ProtoBuf$QualifiedNameTable$QualifiedName$Kind; : loaded 2 times (x 71B)
Class org.jetbrains.kotlin.fir.symbols.impl.FirRegularClassSymbol                     : loaded 2 times (x 86B)
Class org.jetbrains.kotlin.fir.analysis.checkers.declaration.FirDynamicReceiverChecker: loaded 2 times (x 79B)
Class org.jetbrains.kotlin.fir.caches.FirCachesFactory                                : loaded 2 times (x 80B)
Class org.jetbrains.kotlin.fir.DependencyListForCliModule$Builder$BuilderForDefaultDependenciesModule: loaded 2 times (x 74B)
Class org.jetbrains.kotlin.platform.JsPlatformKt                                      : loaded 2 times (x 73B)
Class org.jetbrains.kotlin.io.vavr.collection.Seq                                     : loaded 2 times (x 72B)
Class org.jetbrains.kotlin.resolve.jvm.modules.JavaModuleInfo$Requires                : loaded 2 times (x 74B)
Class org.jetbrains.kotlin.cli.jvm.modules.JavaVersionUtilsKt                         : loaded 2 times (x 73B)
Class org.jetbrains.kotlin.resolve.jvm.KotlinJavaPsiFacade$KotlinPsiElementFinderWrapper: loaded 2 times (x 72B)
Class org.jetbrains.kotlin.extensions.CollectAdditionalSourcesExtension               : loaded 2 times (x 72B)
Class org.jetbrains.kotlin.com.intellij.psi.search.GlobalSearchScope$AbstractFilesScope: loaded 2 times (x 107B)
Class org.jetbrains.kotlin.kotlinx.collections.immutable.ImmutableMap                 : loaded 2 times (x 72B)
Class org.jetbrains.kotlin.com.intellij.openapi.extensions.ExtensionPointDescriptor   : loaded 2 times (x 74B)
Class org.gradle.api.internal.DefaultClassPathProvider                                : loaded 2 times (x 78B)
Class org.jetbrains.kotlin.com.intellij.openapi.project.PossiblyDumbAware             : loaded 2 times (x 72B)
Class org.jetbrains.kotlin.com.intellij.lang.jvm.JvmMember                            : loaded 2 times (x 72B)
Class [Lorg.jetbrains.kotlin.com.intellij.openapi.extensions.LoadingOrder$Orderable;  : loaded 2 times (x 71B)
Class org.jetbrains.kotlin.com.intellij.util.ConcurrentLongObjectHashMap$CounterCell  : loaded 2 times (x 73B)
Class org.jetbrains.kotlin.com.intellij.openapi.progress.PerformInBackgroundOption    : loaded 2 times (x 72B)
Class org.jetbrains.kotlin.com.intellij.openapi.util.UserDataHolderUnprotected        : loaded 2 times (x 72B)
Class org.jetbrains.kotlin.kotlinx.collections.immutable.implementations.immutableList.AbstractPersistentList: loaded 2 times (x 300B)
Class org.jetbrains.kotlin.config.JvmAbiStability$Companion                           : loaded 2 times (x 73B)
Class org.jetbrains.kotlin.com.intellij.openapi.extensions.ExtensionPointName         : loaded 2 times (x 74B)
Class org.jetbrains.kotlin.backend.jvm.lower.JvmStaticInObjectLowering                : loaded 2 times (x 82B)
Class org.jetbrains.kotlin.ir.declarations.IrMetadataSourceOwner                      : loaded 2 times (x 72B)
Class org.jetbrains.kotlin.resolve.jvm.KotlinJavaPsiFacade                            : loaded 2 times (x 88B)
Class org.jetbrains.kotlin.io.vavr.collection.HashArrayMappedTrieModule$LeafSingleton : loaded 2 times (x 112B)
Class kotlin.jvm.internal.RepeatableContainer                                         : loaded 2 times (x 72B)
Class org.objectweb.asm.AnnotationVisitor                                             : loaded 2 times (x 80B)
Class com.google.common.collect.Sets$1                                                : loaded 2 times (x 143B)
Class org.jetbrains.kotlin.metadata.jvm.deserialization.JvmMemberSignature            : loaded 2 times (x 76B)
Class kotlin.collections.builders.SetBuilder                                          : loaded 2 times (x 145B)
Class org.jetbrains.kotlin.metadata.ProtoBuf$TypeAlias                                : loaded 2 times (x 141B)
Class org.jetbrains.kotlin.load.kotlin.header.KotlinClassHeader$Kind                  : loaded 2 times (x 81B)
Class org.jetbrains.kotlin.load.kotlin.KotlinJvmBinaryClass$AnnotationArgumentVisitor : loaded 2 times (x 72B)
Class com.google.common.util.concurrent.Uninterruptibles                              : loaded 2 times (x 73B)
Class org.jetbrains.kotlin.fir.analysis.checkers.declaration.FirDataClassConsistentDataCopyAnnotationChecker: loaded 2 times (x 79B)
Class org.jetbrains.kotlin.fir.analysis.checkers.declaration.FirOverrideChecker       : loaded 2 times (x 80B)
Class org.jetbrains.kotlin.fir.expressions.FirReturnExpression                        : loaded 2 times (x 123B)
Class org.jetbrains.kotlin.fir.java.deserialization.FirJvmClasspathBuiltinSymbolProvider: loaded 2 times (x 86B)
Class org.jetbrains.kotlin.metadata.ProtoBuf$PackageFragment$1                        : loaded 2 times (x 146B)
Class org.jetbrains.kotlin.fir.extensions.FirExtensionRegistrarKt                     : loaded 2 times (x 73B)
Class org.jetbrains.kotlin.fir.scopes.jvm.FirJvmDelegatedMembersFilter$Companion      : loaded 2 times (x 73B)
Class com.google.common.collect.ImmutableSet$SerializedForm                           : loaded 2 times (x 75B)
Class [Lorg.jetbrains.kotlin.psi.KtAnnotationUseSiteTarget;                           : loaded 2 times (x 71B)
Class org.jetbrains.kotlin.psi.KtClassInitializer                                     : loaded 2 times (x 786B)
Class [Lorg.jetbrains.kotlin.com.intellij.psi.PsiNameIdentifierOwner;                 : loaded 2 times (x 71B)
Class org.jetbrains.kotlin.mpp.FunctionSymbolMarker                                   : loaded 2 times (x 72B)
Class org.jetbrains.kotlin.fir.declarations.FirDeclaration                            : loaded 2 times (x 108B)
Class org.jetbrains.kotlin.fir.symbols.FirLazyDeclarationResolver                     : loaded 2 times (x 79B)
Class com.google.common.base.Splitter                                                 : loaded 2 times (x 74B)
Class com.google.common.collect.Iterators$EmptyModifiableIterator                     : loaded 2 times (x 88B)
Class org.jetbrains.kotlin.com.intellij.psi.impl.PsiElementBase                       : loaded 2 times (x 293B)
Class org.jetbrains.kotlin.com.intellij.psi.impl.source.JavaDummyHolder               : loaded 2 times (x 800B)
Class org.jetbrains.kotlin.com.intellij.util.containers.ConcurrentSoftKeySoftValueHashMap: loaded 2 times (x 151B)
Class org.jetbrains.kotlin.com.intellij.psi.impl.file.impl.FileManagerImpl            : loaded 2 times (x 86B)
Class org.jetbrains.kotlin.com.intellij.openapi.roots.FileIndexFacade                 : loaded 2 times (x 86B)
Class org.jetbrains.kotlin.com.fasterxml.aalto.in.ByteBasedPName                      : loaded 2 times (x 81B)
Class org.jetbrains.kotlin.com.intellij.util.xml.dom.XmlInterner                      : loaded 2 times (x 72B)
Class org.jetbrains.kotlin.com.intellij.util.QueryExecutor                            : loaded 2 times (x 72B)
Class [Lorg.jetbrains.kotlin.kotlinx.collections.immutable.implementations.immutableSet.TrieNodeIterator;: loaded 2 times (x 71B)
Class org.jetbrains.kotlin.com.intellij.openapi.extensions.impl.BeanExtensionPoint    : loaded 2 times (x 93B)
Class org.jetbrains.kotlin.com.intellij.openapi.extensions.ExtensionPoint$Kind        : loaded 2 times (x 81B)
Class [Lorg.jetbrains.kotlin.com.intellij.openapi.util.Key;                           : loaded 2 times (x 71B)
Class org.jetbrains.kotlin.cli.jvm.compiler.IdeaStandaloneExecutionSetup              : loaded 2 times (x 73B)
Class org.jetbrains.kotlin.backend.jvm.lower.JvmSafeCallChainFoldingLowering          : loaded 2 times (x 82B)
Class org.jetbrains.kotlin.backend.common.lower.DefaultArgumentStubGenerator          : loaded 2 times (x 98B)
Class org.jetbrains.kotlin.backend.jvm.lower.PolymorphicSignatureLowering             : loaded 2 times (x 258B)
Class org.jetbrains.kotlin.util.MetadataHelpersKt                                     : loaded 2 times (x 73B)
Class [Lorg.jetbrains.kotlin.it.unimi.dsi.fastutil.objects.Object2ObjectMap;          : loaded 2 times (x 71B)
Class org.jetbrains.kotlin.fir.java.FirCliSession                                     : loaded 2 times (x 85B)
Class org.jetbrains.kotlin.com.intellij.openapi.diagnostic.ControlFlowException       : loaded 2 times (x 72B)
Class org.jetbrains.kotlin.metadata.jvm.JvmProtoBuf$JvmMethodSignature$Builder        : loaded 2 times (x 136B)
Class org.jetbrains.kotlin.metadata.jvm.JvmProtoBuf$JvmFieldSignatureOrBuilder        : loaded 2 times (x 72B)
Class kotlin.sequences.DistinctSequence                                               : loaded 2 times (x 77B)
Class com.google.common.util.concurrent.LazyLogger                                    : loaded 2 times (x 74B)
Class com.google.common.collect.Maps                                                  : loaded 2 times (x 73B)
Class org.gradle.api.specs.Spec                                                       : loaded 2 times (x 72B)
Class org.jetbrains.kotlin.io.vavr.collection.HashArrayMappedTrieModule$AbstractNode  : loaded 2 times (x 108B)
Class org.jetbrains.kotlin.name.CallableId                                            : loaded 2 times (x 74B)
Class org.jetbrains.kotlin.com.intellij.util.containers.IntArrayList                  : loaded 2 times (x 74B)
Class org.jetbrains.kotlin.fir.java.scopes.JavaOverridabilityRules                    : loaded 2 times (x 79B)
Class org.jetbrains.kotlin.resolve.calls.checkers.EqualityCallChecker                 : loaded 2 times (x 76B)
Class org.jetbrains.kotlin.resolve.calls.checkers.CompanionInParenthesesLHSCallChecker: loaded 2 times (x 76B)
Class org.jetbrains.kotlin.psi.KtSafeQualifiedExpression                              : loaded 2 times (x 510B)
Class [Lorg.jetbrains.kotlin.psi.KtTypeArgumentList;                                  : loaded 2 times (x 71B)
Class [Lorg.jetbrains.kotlin.psi.KtPackageDirective;                                  : loaded 2 times (x 71B)
Class [Lorg.jetbrains.kotlin.psi.KtAnnotationsContainer;                              : loaded 2 times (x 71B)
Class org.jetbrains.kotlin.psi.stubs.elements.KtImportAliasElementType                : loaded 2 times (x 102B)
Class org.jetbrains.kotlin.kdoc.lexer.KDocLexer                                       : loaded 2 times (x 89B)
Class [Lorg.jetbrains.kotlin.container.ComponentStorageState;                         : loaded 2 times (x 71B)
Class org.jetbrains.kotlin.fir.types.impl.FirImplicitDoubleTypeRef                    : loaded 2 times (x 109B)
Class org.jetbrains.kotlin.fir.types.ConeSimpleKotlinType                             : loaded 2 times (x 81B)
Class org.jetbrains.kotlin.fir.types.ConeRigidType                                    : loaded 2 times (x 79B)
Class org.jetbrains.kotlin.protobuf.ProtocolStringList                                : loaded 2 times (x 72B)
Class org.jetbrains.kotlin.resolve.checkers.ReservedMembersAndConstructsForValueClass : loaded 2 times (x 76B)
Class org.jetbrains.kotlin.com.intellij.psi.impl.source.PsiClassReferenceType         : loaded 2 times (x 122B)
Class org.jetbrains.kotlin.com.fasterxml.aalto.in.InputCharTypes                      : loaded 2 times (x 74B)
Class org.jetbrains.kotlin.kotlinx.collections.immutable.internal.MutabilityOwnership : loaded 2 times (x 73B)
Class org.jetbrains.kotlin.com.intellij.psi.PsiPackage                                : loaded 2 times (x 72B)
Class org.jetbrains.kotlin.com.intellij.psi.tree.StubFileElementType                  : loaded 2 times (x 104B)
Class org.jetbrains.kotlin.com.intellij.lang.java.JavaParserDefinition                : loaded 2 times (x 97B)
Class org.jetbrains.kotlin.com.intellij.openapi.command.CommandProcessor              : loaded 2 times (x 76B)
Class org.jetbrains.kotlin.com.intellij.util.CharTable                                : loaded 2 times (x 72B)
Class org.jetbrains.kotlin.com.intellij.openapi.util.registry.EarlyAccessRegistryManager: loaded 2 times (x 73B)
Class org.jetbrains.kotlin.cli.jvm.compiler.CoreEnvironmentUtilsKt                    : loaded 2 times (x 73B)
Class org.jetbrains.kotlin.com.intellij.openapi.vfs.DeprecatedVirtualFileSystem       : loaded 2 times (x 103B)
Class org.jetbrains.kotlin.backend.common.phaser.PerformByIrFilePhase                 : loaded 2 times (x 82B)
Class org.jetbrains.kotlin.backend.common.lower.DefaultParameterInjector              : loaded 2 times (x 359B)
Class org.jetbrains.kotlin.resolve.checkers.SealedInterfaceAllowedChecker             : loaded 2 times (x 76B)
Class kotlin.reflect.jvm.internal.KCallableImpl                                       : loaded 2 times (x 107B)
Class org.jetbrains.kotlin.com.intellij.extapi.psi.StubBasedPsiElementBase$1          : loaded 2 times (x 79B)
Class org.jetbrains.kotlin.it.unimi.dsi.fastutil.objects.ObjectCollection             : loaded 2 times (x 72B)
Class org.jetbrains.kotlin.load.kotlin.header.KotlinClassHeader                       : loaded 2 times (x 74B)
Class com.google.common.reflect.Types$JavaVersion                                     : loaded 2 times (x 85B)
Class [Lcom.google.common.collect.ImmutableEntry;                                     : loaded 2 times (x 71B)
Class org.jetbrains.kotlin.fir.analysis.checkers.declaration.FirOverrideChecker$ForExpectClass: loaded 2 times (x 80B)
Class org.jetbrains.kotlin.fir.declarations.FirVariable                               : loaded 2 times (x 178B)
Class org.jetbrains.kotlin.fir.analysis.checkers.declaration.FirInfixFunctionDeclarationChecker: loaded 2 times (x 79B)
Class org.jetbrains.kotlin.fir.types.FirFunctionTypeKindServiceKt                     : loaded 2 times (x 73B)
Class org.jetbrains.kotlin.builtins.functions.FunctionTypeKindExtractor               : loaded 2 times (x 74B)
Class org.jetbrains.kotlin.descriptors.VariableDescriptor                             : loaded 2 times (x 72B)
Class org.jetbrains.kotlin.container.PlatformExtensionsClashResolver$FallbackToDefault: loaded 2 times (x 75B)
Class org.jetbrains.kotlin.psi.KtElementImpl                                          : loaded 2 times (x 378B)
Class org.jetbrains.kotlin.psi.KtDelegatedSuperTypeEntry                              : loaded 2 times (x 449B)
Class [Lorg.jetbrains.kotlin.psi.KtModifierListOwner;                                 : loaded 2 times (x 71B)
Class org.jetbrains.kotlin.com.intellij.lang.PsiParser                                : loaded 2 times (x 72B)
Class org.jetbrains.kotlin.resolve.checkers.DataObjectContentChecker                  : loaded 2 times (x 76B)
Class org.jetbrains.kotlin.resolve.checkers.DeprecationInheritanceChecker             : loaded 2 times (x 76B)
Class org.jetbrains.kotlin.psi.KtPrimaryConstructor                                   : loaded 2 times (x 1276B)
Class org.jetbrains.kotlin.fir.types.ConeKotlinTypeProjection                         : loaded 2 times (x 75B)
Class org.jetbrains.kotlin.com.google.common.collect.Multimap                         : loaded 2 times (x 72B)
Class org.jetbrains.kotlin.cli.jvm.index.JvmDependenciesIndexImpl$Cache               : loaded 2 times (x 74B)
Class org.jetbrains.kotlin.io.vavr.collection.Set                                     : loaded 2 times (x 72B)
Class org.jetbrains.kotlin.com.google.common.base.Converter                           : loaded 2 times (x 92B)
Class org.jetbrains.kotlin.com.intellij.util.containers.ConcurrentWeakKeySoftValueHashMap: loaded 2 times (x 151B)
Class org.jetbrains.kotlin.com.intellij.openapi.project.DumbService$DumbModeListener  : loaded 2 times (x 72B)
Class org.jetbrains.kotlin.config.phaser.NamedCompilerPhase                           : loaded 2 times (x 82B)
Class org.jetbrains.kotlin.com.intellij.psi.PsiJvmMember                              : loaded 2 times (x 72B)
Class org.jetbrains.kotlin.com.intellij.navigation.ItemPresentation                   : loaded 2 times (x 72B)
Class org.jetbrains.kotlin.com.intellij.psi.impl.ConstantExpressionEvaluator          : loaded 2 times (x 72B)
Class org.jetbrains.kotlin.com.intellij.psi.impl.source.JavaFileElementType           : loaded 2 times (x 115B)
Class org.jetbrains.kotlin.com.intellij.openapi.command.impl.CoreCommandProcessor     : loaded 2 times (x 81B)
Class org.jetbrains.kotlin.com.intellij.platform.diagnostic.telemetry.Scope           : loaded 2 times (x 74B)
Class org.jetbrains.kotlin.com.intellij.lang.DefaultASTFactory                        : loaded 2 times (x 72B)
Class org.jetbrains.kotlin.com.intellij.util.EventDispatcher                          : loaded 2 times (x 74B)
Class org.jetbrains.kotlin.com.intellij.openapi.vfs.local.CoreLocalFileSystem         : loaded 2 times (x 105B)
Class org.jetbrains.kotlin.com.intellij.psi.impl.LanguageConstantExpressionEvaluator  : loaded 2 times (x 98B)
Class org.jetbrains.kotlin.cli.jvm.K2JVMCompilerKt                                    : loaded 2 times (x 73B)
Class org.jetbrains.kotlin.ir.declarations.IrDeclarationParent                        : loaded 2 times (x 72B)
Class org.jetbrains.kotlin.backend.jvm.JvmPhasesKt                                    : loaded 2 times (x 73B)
Class org.jetbrains.kotlin.name.FqNamesUtilKt                                         : loaded 2 times (x 73B)
Class org.jetbrains.kotlin.com.intellij.util.containers.ContainerUtil                 : loaded 2 times (x 73B)
Class org.jetbrains.kotlin.com.intellij.openapi.util.ObjectTree                       : loaded 2 times (x 74B)
Class org.jetbrains.kotlin.cli.pipeline.CheckCompilationErrors                        : loaded 2 times (x 77B)
Class kotlin.reflect.jvm.internal.KClassImpl$Data$constructors$2                      : loaded 2 times (x 81B)
Class org.jetbrains.kotlin.psi.KtObjectDeclaration                                    : loaded 2 times (x 1103B)
Class org.jetbrains.kotlin.storage.CacheWithNullableValues                            : loaded 2 times (x 72B)
Class [Lorg.jetbrains.kotlin.util.PhaseType;                                          : loaded 2 times (x 71B)
Class kotlin.reflect.jvm.internal.KClassCacheKt                                       : loaded 2 times (x 73B)
Class [Lorg.jetbrains.kotlin.psi.KtTypeProjection;                                    : loaded 2 times (x 71B)
Class org.jetbrains.org.objectweb.asm.Symbol                                          : loaded 2 times (x 75B)
Class com.google.common.cache.LocalCache$LoadingValueReference                        : loaded 2 times (x 98B)
Class org.jetbrains.kotlin.psi.KtTryExpression                                        : loaded 2 times (x 443B)
Class org.jetbrains.kotlin.fir.analysis.checkers.declaration.FirExpectConsistencyChecker: loaded 2 times (x 79B)
Class org.jetbrains.kotlin.fir.analysis.checkers.declaration.FirExpectActualDeclarationChecker: loaded 2 times (x 79B)
Class org.jetbrains.kotlin.fir.analysis.checkers.LanguageVersionSettingsCheckers$Companion: loaded 2 times (x 73B)
Class org.jetbrains.kotlin.psi.KtWhenConditionIsPattern                               : loaded 2 times (x 380B)
Class org.jetbrains.kotlin.psi.stubs.KotlinBlockStringTemplateEntryStub               : loaded 2 times (x 72B)
Class [Lorg.jetbrains.kotlin.psi.KtTypeReference;                                     : loaded 2 times (x 71B)
Class [Lorg.jetbrains.kotlin.psi.KtImportInfo;                                        : loaded 2 times (x 71B)
Class org.jetbrains.kotlin.psi.stubs.elements.KtContractEffectListElementType         : loaded 2 times (x 105B)
Class org.jetbrains.kotlin.backend.jvm.lower.TypeAliasAnnotationMethodsLowering       : loaded 2 times (x 87B)
Class org.jetbrains.kotlin.resolve.checkers.ActualTypealiasToSpecialAnnotationChecker : loaded 2 times (x 76B)
Class org.jetbrains.kotlin.fir.symbols.impl.FirClassLikeSymbol                        : loaded 2 times (x 84B)
Class org.jetbrains.kotlin.fir.types.impl.FirImplicitNothingTypeRef                   : loaded 2 times (x 109B)
Class org.jetbrains.kotlin.name.StandardClassIds                                      : loaded 2 times (x 73B)
Class org.jetbrains.kotlin.backend.jvm.lower.SuspendLambdaLowering                    : loaded 2 times (x 82B)
Class org.jetbrains.kotlin.extensions.CollectAdditionalSourcesExtension$Companion     : loaded 2 times (x 74B)
Class org.jetbrains.kotlin.com.fasterxml.aalto.in.XmlScanner                          : loaded 2 times (x 125B)
Class org.jetbrains.kotlin.backend.common.lower.ArrayConstructorLowering              : loaded 2 times (x 87B)
Class org.jetbrains.kotlin.fir.analysis.checkers.declaration.FirDestructuringDeclarationChecker: loaded 2 times (x 79B)
Class org.jetbrains.kotlin.com.intellij.core.JavaCoreApplicationEnvironment$1         : loaded 2 times (x 80B)
Class org.jetbrains.kotlin.com.intellij.lang.jvm.JvmTypeDeclaration                   : loaded 2 times (x 72B)
Class org.jetbrains.kotlin.io.opentelemetry.api.trace.DefaultTracer                   : loaded 2 times (x 76B)
Class org.jetbrains.kotlin.com.intellij.lang.ASTFactory                               : loaded 2 times (x 76B)
Class org.jetbrains.kotlin.com.intellij.util.pico.PicoIntrospectionException          : loaded 2 times (x 84B)
Class org.jetbrains.kotlin.cli.jvm.compiler.KotlinToJVMBytecodeCompilerKt             : loaded 2 times (x 73B)
Class org.jetbrains.kotlin.backend.jvm.lower.CollectionStubMethodLowering             : loaded 2 times (x 87B)
Class org.jetbrains.kotlin.fir.analysis.checkers.declaration.FirClassVarianceChecker  : loaded 2 times (x 79B)
Class org.jetbrains.kotlin.cli.pipeline.AbstractCliPipeline                           : loaded 2 times (x 77B)
Class com.google.common.util.concurrent.ExecutionError                                : loaded 2 times (x 84B)
Class com.google.common.collect.ImmutableList$1                                       : loaded 2 times (x 99B)
Class com.google.common.reflect.Invokable$MethodInvokable                             : loaded 2 times (x 109B)
Class com.google.common.base.Platform                                                 : loaded 2 times (x 73B)
Class com.google.common.collect.ImmutableEnumSet                                      : loaded 2 times (x 148B)
Class org.jetbrains.kotlin.fir.analysis.checkers.declaration.FirOverrideChecker$Regular: loaded 2 times (x 80B)
Class org.jetbrains.kotlin.fir.analysis.checkers.declaration.FirCyclicTypeBoundsChecker: loaded 2 times (x 79B)
Class org.jetbrains.kotlin.fir.analysis.checkers.expression.ExpressionCheckers$Companion$EMPTY$1: loaded 2 times (x 109B)
Class org.jetbrains.kotlin.fir.scopes.jvm.FirJvmDelegatedMembersFilter                : loaded 2 times (x 75B)
Class [Lorg.jetbrains.kotlin.psi.KtPureElement;                                       : loaded 2 times (x 71B)
Class [Lorg.jetbrains.kotlin.com.intellij.psi.impl.PsiElementBase;                    : loaded 2 times (x 71B)
Class org.jetbrains.kotlin.com.intellij.psi.tree.TokenSet                             : loaded 2 times (x 74B)
Class org.jetbrains.kotlin.lexer.KtKeywordToken                                       : loaded 2 times (x 80B)
Class org.jetbrains.kotlin.resolve.checkers.ResultClassInReturnTypeChecker            : loaded 2 times (x 76B)
Class org.jetbrains.kotlin.fir.FirLanguageSettingsComponentKt                         : loaded 2 times (x 73B)
Class org.jetbrains.kotlin.fir.extensions.AbstractFirRegisteredPluginAnnotations      : loaded 2 times (x 81B)
Class org.jetbrains.kotlin.name.StandardClassIdsKt                                    : loaded 2 times (x 73B)
Class org.jetbrains.kotlin.backend.jvm.JvmLoweringPhasesKt$jvmFilePhases$50           : loaded 2 times (x 127B)
Class [Lorg.jetbrains.kotlin.com.intellij.psi.PsiQualifiedNamedElement;               : loaded 2 times (x 71B)
Class com.google.common.collect.AbstractMapBasedMultimap$WrappedCollection            : loaded 2 times (x 126B)
Class org.jetbrains.kotlin.extensions.PreprocessedFileCreator                         : loaded 2 times (x 74B)
Class org.jetbrains.kotlin.load.java.structure.JavaModifierListOwner                  : loaded 2 times (x 72B)
Class org.jetbrains.kotlin.resolve.extensions.AnalysisHandlerExtension                : loaded 2 times (x 72B)
Class org.jetbrains.kotlin.com.intellij.psi.impl.source.DummyHolderFactory            : loaded 2 times (x 73B)
Class org.jetbrains.kotlin.com.intellij.openapi.fileTypes.BinaryFileTypeDecompilers   : loaded 2 times (x 92B)
Class [Lorg.jetbrains.kotlin.com.intellij.openapi.extensions.ExtensionPointListener;  : loaded 2 times (x 71B)
Class org.jetbrains.kotlin.com.intellij.psi.tree.IFileElementType                     : loaded 2 times (x 86B)
Class org.jetbrains.kotlin.com.intellij.psi.tree.ILazyParseableElementTypeBase        : loaded 2 times (x 72B)
Class org.jetbrains.kotlin.com.intellij.psi.tree.IElementType                         : loaded 2 times (x 77B)
Class org.jetbrains.kotlin.com.intellij.util.messages.SimpleMessageBusConnection      : loaded 2 times (x 72B)
Class org.jetbrains.kotlin.com.intellij.openapi.extensions.impl.ExtensionPointImpl    : loaded 2 times (x 90B)
Class org.jetbrains.kotlin.modules.Module                                             : loaded 2 times (x 72B)
Class kotlinx.coroutines.flow.CancellableFlow                                         : loaded 2 times (x 72B)
Class org.jetbrains.kotlin.config.LanguageVersionSettings$Companion                   : loaded 2 times (x 73B)
Class kotlinx.coroutines.flow.internal.AbstractSharedFlow                             : loaded 2 times (x 76B)
Class org.jetbrains.kotlin.util.PerformanceManager                                    : loaded 2 times (x 76B)
Class org.jetbrains.kotlin.it.unimi.dsi.fastutil.objects.AbstractObjectSet            : loaded 2 times (x 181B)
Class kotlin.jvm.internal.CharCompanionObject                                         : loaded 2 times (x 73B)
Class org.jetbrains.kotlin.metadata.ProtoBuf$Effect$InvocationKind                    : loaded 2 times (x 84B)
Class org.jetbrains.kotlin.load.kotlin.header.ReadKotlinClassHeaderAnnotationVisitor  : loaded 2 times (x 82B)
Class kotlin.coroutines.jvm.internal.RestrictedSuspendLambda                          : loaded 2 times (x 93B)
Class com.google.devtools.ksp.processing.KspGradleLogger$Companion                    : loaded 2 times (x 73B)
Class com.google.common.collect.AbstractMapBasedMultimap$WrappedList                  : loaded 2 times (x 207B)
Class [Lorg.objectweb.asm.AnnotationWriter;                                           : loaded 2 times (x 71B)
Class com.google.common.collect.Maps$8                                                : loaded 2 times (x 84B)
Class org.jetbrains.kotlin.fir.expressions.FirContextArgumentListOwner                : loaded 2 times (x 72B)
Class org.jetbrains.kotlin.fir.resolve.providers.FirCompositeCachedSymbolNamesProvider: loaded 2 times (x 90B)
Class [Lorg.jetbrains.kotlin.descriptors.ClassKind;                                   : loaded 2 times (x 71B)
Class org.jetbrains.kotlin.com.google.common.collect.AbstractMapEntry                 : loaded 2 times (x 83B)
Class org.jetbrains.kotlin.metadata.ProtoBuf$PackageFragmentOrBuilder                 : loaded 2 times (x 72B)
Class org.jetbrains.kotlin.fir.resolve.providers.impl.AbstractFirBuiltinSymbolProvider$BuiltInsPackageFragment: loaded 2 times (x 74B)
Class org.jetbrains.kotlin.util.ArrayMapImpl$iterator$1                               : loaded 2 times (x 85B)
Class org.jetbrains.kotlin.psi.KtFunctionLiteral                                      : loaded 2 times (x 1202B)
Class [Lorg.jetbrains.kotlin.psi.KtStringTemplateEntry;                               : loaded 2 times (x 71B)
Class [Lorg.jetbrains.kotlin.psi.KtImportAlias;                                       : loaded 2 times (x 71B)
Class org.jetbrains.kotlin.psi.stubs.KotlinPropertyAccessorStub                       : loaded 2 times (x 72B)
Class [Lorg.jetbrains.kotlin.psi.KtNamedDeclaration;                                  : loaded 2 times (x 71B)
Class org.jetbrains.kotlin.psi.stubs.elements.KtDotQualifiedExpressionElementType     : loaded 2 times (x 105B)
Class [Lorg.jetbrains.kotlin.resolve.calls.checkers.CallChecker;                      : loaded 2 times (x 71B)
Class org.jetbrains.kotlin.fir.builder.FirAnnotationContainerBuilder                  : loaded 2 times (x 72B)
Class org.jetbrains.kotlin.fir.symbols.impl.FirThisOwnerSymbol                        : loaded 2 times (x 72B)
Class org.jetbrains.kotlin.metadata.jvm.JvmModuleProtoBuf$PackageParts                : loaded 2 times (x 130B)
Class org.jetbrains.kotlin.com.intellij.openapi.application.Application               : loaded 2 times (x 72B)
Class org.jetbrains.kotlin.cli.jvm.compiler.JvmPackagePartProviderKt                  : loaded 2 times (x 73B)
Class org.jetbrains.kotlin.com.intellij.openapi.vfs.VirtualFileVisitor                : loaded 2 times (x 78B)
Class org.jetbrains.kotlin.fir.FirModuleCapabilities$Companion                        : loaded 2 times (x 75B)
Class org.jetbrains.kotlin.io.vavr.PartialFunction                                    : loaded 2 times (x 72B)
Class org.jetbrains.kotlin.cli.jvm.compiler.ClasspathRootsResolver$RootWithPrefix     : loaded 2 times (x 74B)
Class org.jetbrains.kotlin.cli.jvm.compiler.jarfs.FastJarFileSystem$Companion         : loaded 2 times (x 73B)
Class org.jetbrains.kotlin.com.intellij.psi.scope.processor.ConflictFilterProcessor   : loaded 2 times (x 92B)
Class org.jetbrains.kotlin.com.intellij.psi.PsiDocumentManager                        : loaded 2 times (x 98B)
Class org.jetbrains.kotlin.com.intellij.openapi.util.Comparing                        : loaded 2 times (x 73B)
Class org.jetbrains.kotlin.kotlinx.collections.immutable.PersistentCollection$Builder : loaded 2 times (x 72B)
Class [Lorg.jetbrains.kotlin.com.intellij.openapi.extensions.PluginId;                : loaded 2 times (x 71B)
Class org.jetbrains.kotlin.com.intellij.lang.java.lexer.JavaDocLexer                  : loaded 2 times (x 89B)
Class org.jetbrains.kotlin.com.intellij.platform.diagnostic.telemetry.PlatformScopesKt: loaded 2 times (x 73B)
Class org.jetbrains.kotlin.com.intellij.openapi.extensions.PluginId                   : loaded 2 times (x 77B)
Class org.jetbrains.kotlin.com.intellij.mock.MockFileDocumentManagerImpl              : loaded 2 times (x 85B)
Class org.jetbrains.kotlin.com.intellij.openapi.util.Disposer$1                       : loaded 2 times (x 77B)
Class org.jetbrains.kotlin.com.intellij.util.pico.DefaultPicoContainer                : loaded 2 times (x 77B)
Class org.jetbrains.kotlin.com.intellij.openapi.extensions.PluginDescriptor           : loaded 2 times (x 72B)
Class org.jetbrains.kotlin.com.intellij.openapi.extensions.AreaInstance               : loaded 2 times (x 72B)
Class org.jetbrains.kotlin.compiler.plugin.CliOptionValue                             : loaded 2 times (x 74B)
Class org.jetbrains.kotlin.backend.jvm.JvmLoweringPhasesKt$jvmFilePhases$80           : loaded 2 times (x 127B)
Class org.jetbrains.kotlin.cli.pipeline.CheckCompilationErrors$CheckMessageCollector  : loaded 2 times (x 77B)
Class org.jetbrains.kotlin.com.intellij.psi.impl.source.resolve.reference.ReferenceProvidersRegistryImpl: loaded 2 times (x 77B)
Class org.jetbrains.kotlin.backend.jvm.JvmBackendContext                              : loaded 2 times (x 124B)
Class org.jetbrains.kotlin.backend.jvm.JvmLoweringPhasesKt$jvmLoweringPhases$16       : loaded 2 times (x 127B)
Class org.jetbrains.kotlin.cli.jvm.JvmArgumentsKt$configureStandardLibs$1             : loaded 2 times (x 129B)
Class org.jetbrains.kotlin.metadata.ProtoBuf$Expression$ConstantValue$1               : loaded 2 times (x 76B)
Class kotlin.collections.MutableMapWithDefaultImpl                                    : loaded 2 times (x 146B)
Class kotlin.sequences.SequencesKt__SequenceBuilderKt$sequence$$inlined$Sequence$1    : loaded 2 times (x 77B)
Class [Lcom.google.common.collect.Iterators$EmptyModifiableIterator;                  : loaded 2 times (x 71B)
Class com.google.common.collect.Sets$SetView                                          : loaded 2 times (x 141B)
Class com.google.common.cache.LocalCache$StrongValueReference                         : loaded 2 times (x 92B)
Class org.jetbrains.kotlin.fir.analysis.checkers.declaration.FirDynamicSupertypeChecker: loaded 2 times (x 79B)
Class org.jetbrains.kotlin.fir.analysis.checkers.declaration.FirNotImplementedOverrideSimpleEnumEntryChecker$Regular: loaded 2 times (x 80B)
Class org.jetbrains.kotlin.fir.deserialization.AbstractFirDeserializedSymbolProvider$symbolNamesProvider$1: loaded 2 times (x 90B)
Class org.jetbrains.kotlin.fir.declarations.builder.FirClassBuilder                   : loaded 2 times (x 72B)
Class [Lorg.jetbrains.kotlin.com.intellij.model.psi.PsiExternalReferenceHost;         : loaded 2 times (x 71B)
Class [Lorg.jetbrains.kotlin.psi.ValueArgumentName;                                   : loaded 2 times (x 71B)
Class org.jetbrains.kotlin.psi.stubs.elements.KtConstructorElementType                : loaded 2 times (x 109B)
Class org.jetbrains.kotlin.resolve.checkers.StubForBuilderInferenceParameterTypeChecker: loaded 2 times (x 76B)
Class org.jetbrains.kotlin.resolve.checkers.MultiFieldValueClassAnnotationsChecker    : loaded 2 times (x 76B)
Class [Lorg.jetbrains.kotlin.fir.types.ConeKotlinTypeProjection;                      : loaded 2 times (x 71B)
Class org.jetbrains.kotlin.resolve.calls.inference.components.TrivialConstraintTypeInferenceOracle$Companion: loaded 2 times (x 73B)
Class org.jetbrains.kotlin.fir.scopes.FirLookupDefaultStarImportsInSourcesSettingHolder: loaded 2 times (x 73B)
Class org.jetbrains.kotlin.metadata.ProtoBuf$QualifiedNameTable$QualifiedName$1       : loaded 2 times (x 146B)
Class org.jetbrains.kotlin.com.intellij.psi.NavigatablePsiElement                     : loaded 2 times (x 72B)
Class org.jetbrains.kotlin.fir.deserialization.MultipleModuleDataProvider             : loaded 2 times (x 76B)
Class org.jetbrains.kotlin.util.TypeRegistry                                          : loaded 2 times (x 75B)
Class org.jetbrains.kotlin.load.java.JavaModuleAnnotationsProvider                    : loaded 2 times (x 72B)
Class org.jetbrains.kotlin.com.intellij.core.CoreApplicationEnvironment               : loaded 2 times (x 95B)
Class org.jetbrains.kotlin.asJava.KotlinAsJavaSupportBase$Companion                   : loaded 2 times (x 73B)
Class org.jetbrains.kotlin.com.intellij.util.LocalizationUtil                         : loaded 2 times (x 73B)
Class org.jetbrains.kotlin.com.intellij.psi.JVMElementFactory                         : loaded 2 times (x 72B)
Class org.jetbrains.kotlin.kotlinx.collections.immutable.implementations.immutableList.BufferIterator: loaded 2 times (x 101B)
Class org.jetbrains.kotlin.com.intellij.util.messages.impl.BaseBusConnection          : loaded 2 times (x 80B)
Class org.jetbrains.kotlin.com.intellij.util.messages.MessageBusFactory               : loaded 2 times (x 73B)
Class org.jetbrains.kotlin.cli.jvm.compiler.KotlinCoreApplicationEnvironment          : loaded 2 times (x 96B)
Class org.jetbrains.kotlin.backend.jvm.lower.PropertyReferenceLowering                : loaded 2 times (x 355B)
Class org.jetbrains.kotlin.backend.common.FileLoweringPass                            : loaded 2 times (x 72B)
Class [Lorg.jetbrains.kotlin.config.JVMAssertionsMode;                                : loaded 2 times (x 71B)
Class org.jetbrains.kotlin.config.JVMAssertionsMode                                   : loaded 2 times (x 81B)
Class org.jetbrains.kotlin.com.intellij.openapi.util.Disposer$2                       : loaded 2 times (x 78B)
Class org.jetbrains.kotlin.com.intellij.util.IncorrectOperationException              : loaded 2 times (x 84B)
Class org.jetbrains.kotlin.com.intellij.openapi.vfs.newvfs.CachingVirtualFileSystem   : loaded 2 times (x 72B)
Class org.jetbrains.kotlin.com.intellij.psi.impl.source.resolve.reference.ReferenceProvidersRegistry$1: loaded 2 times (x 76B)
Class com.google.common.graph.SuccessorsFunction                                      : loaded 2 times (x 72B)
Class org.objectweb.asm.Type                                                          : loaded 2 times (x 74B)
Class org.gradle.internal.classloader.VisitableURLClassLoader$InstrumentingVisitableURLClassLoader: loaded 2 times (x 124B)
Class org.jetbrains.kotlin.fir.declarations.FirDeclarationOrigin$IntersectionOverride : loaded 2 times (x 74B)
Class org.jetbrains.kotlin.builtins.functions.FunctionTypeKind$KSuspendFunction       : loaded 2 times (x 79B)
Class org.jetbrains.kotlin.descriptors.ClassifierDescriptor                           : loaded 2 times (x 72B)
Class org.jetbrains.kotlin.resolve.checkers.OptionalExpectationUsageChecker           : loaded 2 times (x 76B)
Class org.jetbrains.kotlin.resolve.calls.checkers.CustomEnumEntriesMigrationCallChecker: loaded 2 times (x 76B)
Class org.jetbrains.kotlin.psi.KtValueArgumentName                                    : loaded 2 times (x 451B)
Class org.jetbrains.kotlin.psi.KtTypeConstraintList                                   : loaded 2 times (x 446B)
Class [Lorg.jetbrains.kotlin.psi.KtParameter;                                         : loaded 2 times (x 71B)
Class org.jetbrains.kotlin.psi.KtParameter                                            : loaded 2 times (x 1159B)
Class org.jetbrains.kotlin.psi.stubs.elements.KtCollectionLiteralExpressionElementType: loaded 2 times (x 102B)
Class org.jetbrains.kotlin.fir.extensions.FirRegisteredPluginAnnotationsKt            : loaded 2 times (x 73B)
Class org.jetbrains.kotlin.com.intellij.psi.tree.IElementType$Predicate               : loaded 2 times (x 72B)
Class org.jetbrains.kotlin.com.intellij.psi.FileViewProviderFactory                   : loaded 2 times (x 72B)
Class org.jetbrains.kotlin.metadata.ProtoBuf$QualifiedNameTable$1                     : loaded 2 times (x 146B)
Class org.jetbrains.kotlin.com.intellij.openapi.vfs.VfsUtilCore$1                     : loaded 2 times (x 78B)
Class org.jetbrains.kotlin.fir.java.enhancement.FirEnhancedSymbolsStorage             : loaded 2 times (x 74B)
Class org.jetbrains.kotlin.resolve.jvm.modules.JavaModuleInfo                         : loaded 2 times (x 74B)
Class org.jetbrains.kotlin.com.intellij.util.containers.SoftHashMap                   : loaded 2 times (x 129B)
Class [Lorg.jetbrains.kotlin.com.intellij.openapi.vfs.VirtualFileFilter;              : loaded 2 times (x 71B)
Class org.jetbrains.kotlin.com.intellij.core.CoreProjectScopeBuilder$CoreLibrariesScope: loaded 2 times (x 98B)
Class org.jetbrains.kotlin.com.intellij.psi.impl.PsiModificationTrackerImpl           : loaded 2 times (x 86B)
Class org.jetbrains.kotlin.org.codehaus.stax2.typed.TypedXMLStreamException           : loaded 2 times (x 86B)
Class org.jetbrains.kotlin.com.intellij.openapi.extensions.LoadingOrder$2             : loaded 2 times (x 80B)
Class org.jetbrains.kotlin.com.intellij.psi.search.searches.SmartExtensionPoint       : loaded 2 times (x 74B)
Class org.jetbrains.kotlin.com.intellij.psi.PsiKeyword                                : loaded 2 times (x 72B)
Class org.jetbrains.kotlin.backend.common.lower.ConstEvaluationLowering               : loaded 2 times (x 82B)
Class org.jetbrains.kotlin.backend.jvm.lower.BridgeLowering                           : loaded 2 times (x 87B)
Class org.jetbrains.kotlin.backend.common.lower.InnerClassConstructorCallsLowering    : loaded 2 times (x 88B)
Class org.jetbrains.kotlin.backend.jvm.lower.DirectInvokeLowering                     : loaded 2 times (x 355B)
Class org.jetbrains.kotlin.backend.jvm.lower.JvmLateinitLowering                      : loaded 2 times (x 348B)
Class org.jetbrains.kotlin.com.intellij.codeInsight.JavaContainerProvider             : loaded 2 times (x 73B)
Class org.jetbrains.kotlin.storage.LockBasedStorageManager$MapBasedMemoizedFunction   : loaded 2 times (x 84B)
Class kotlin.reflect.jvm.internal.KProperty0Impl$_getter$1                            : loaded 2 times (x 81B)
Class org.jetbrains.kotlin.config.LoggingContext                                      : loaded 2 times (x 72B)
Class org.jetbrains.kotlin.diagnostics.DiagnosticReporter                             : loaded 2 times (x 75B)
Class org.jetbrains.kotlin.com.intellij.openapi.util.ObjectNode$1                     : loaded 2 times (x 79B)
Class org.jetbrains.kotlin.com.intellij.psi.FileViewProvider                          : loaded 2 times (x 72B)
Class org.jetbrains.kotlin.com.intellij.openapi.extensions.ExtensionPointListener$Companion: loaded 2 times (x 73B)
Class org.jetbrains.kotlin.com.intellij.psi.PsiDirectory                              : loaded 2 times (x 72B)
Class org.jetbrains.kotlin.com.intellij.psi.impl.PsiElementFactoryImpl$1              : loaded 2 times (x 80B)
Class org.jetbrains.kotlin.com.intellij.openapi.util.RecursionGuard                   : loaded 2 times (x 77B)
Class org.jetbrains.kotlin.com.intellij.ide.plugins.ImmutableZipFileDataLoader        : loaded 2 times (x 79B)
Class com.google.common.io.Files$FileByteSink                                         : loaded 2 times (x 79B)
Class com.google.common.math.IntMath$1                                                : loaded 2 times (x 73B)
Class org.objectweb.asm.ByteVector                                                    : loaded 2 times (x 81B)
Class [Lcom.google.common.cache.CacheBuilder$NullListener;                            : loaded 2 times (x 71B)
Class org.gradle.internal.classloader.VisitableURLClassLoader$Spec                    : loaded 2 times (x 76B)
Class org.gradle.internal.classpath.DefaultClassPath                                  : loaded 2 times (x 92B)
Class org.jetbrains.kotlin.com.intellij.util.containers.Interner                      : loaded 2 times (x 76B)
Class org.jetbrains.kotlin.fir.analysis.checkers.declaration.FirDelegateUsesExtensionPropertyTypeParameterChecker: loaded 2 times (x 79B)
Class org.jetbrains.kotlin.resolve.calls.checkers.ConstructorHeaderCallChecker        : loaded 2 times (x 76B)
Class org.jetbrains.kotlin.psi.KtIsExpression                                         : loaded 2 times (x 505B)
Class org.jetbrains.kotlin.resolve.checkers.EnumEntriesRedeclarationChecker           : loaded 2 times (x 76B)
Class org.jetbrains.kotlin.psi.KtDeclaration                                          : loaded 2 times (x 72B)
Class org.jetbrains.kotlin.container.ComponentProvider                                : loaded 2 times (x 72B)
Class org.jetbrains.kotlin.fir.resolve.FirSamResolver                                 : loaded 2 times (x 74B)
Class org.jetbrains.kotlin.fir.scopes.FirScope                                        : loaded 2 times (x 80B)
Class org.jetbrains.kotlin.com.fasterxml.aalto.util.TextBuilder                       : loaded 2 times (x 74B)
Class org.jetbrains.kotlin.com.intellij.openapi.vfs.VfsUtilCore$2                     : loaded 2 times (x 78B)
Class org.jetbrains.kotlin.cli.jvm.compiler.JvmPackagePartProvider                    : loaded 2 times (x 95B)
Class org.jetbrains.kotlin.fir.DependencyListForCliModule                             : loaded 2 times (x 74B)
Class org.jetbrains.kotlin.io.vavr.collection.Map                                     : loaded 2 times (x 72B)
Class org.jetbrains.kotlin.com.intellij.psi.impl.JavaPsiFacadeEx                      : loaded 2 times (x 89B)
Class org.jetbrains.kotlin.com.intellij.psi.TypeAnnotationProvider$1                  : loaded 2 times (x 77B)
Class org.jetbrains.kotlin.com.intellij.core.CoreProjectScopeBuilder$ContentSearchScope: loaded 2 times (x 98B)
Class org.jetbrains.kotlin.com.intellij.ide.plugins.IdeaPluginDescriptorImpl          : loaded 2 times (x 96B)
Class org.jetbrains.kotlin.org.codehaus.stax2.ri.typed.ValueDecoderFactory$DecoderBase: loaded 2 times (x 83B)
Class org.jetbrains.kotlin.com.intellij.util.containers.WeakInterner                  : loaded 2 times (x 77B)
Class org.jetbrains.kotlin.resolve.jvm.extensions.SyntheticJavaResolveExtension       : loaded 2 times (x 72B)
Class org.jetbrains.kotlin.com.intellij.util.messages.impl.MessagePublisher           : loaded 2 times (x 78B)
Class org.jetbrains.kotlin.com.intellij.platform.diagnostic.telemetry.IJTracer        : loaded 2 times (x 72B)
Class org.jetbrains.kotlin.com.intellij.openapi.util.Iconable                         : loaded 2 times (x 72B)
Class org.jetbrains.kotlin.com.intellij.openapi.extensions.ExtensionPointListener     : loaded 2 times (x 72B)
Class org.jetbrains.kotlin.com.intellij.openapi.extensions.ExtensionPoint             : loaded 2 times (x 72B)
Class org.jetbrains.kotlin.com.intellij.openapi.extensions.ExtensionsArea             : loaded 2 times (x 72B)
Class org.jetbrains.kotlin.extensions.internal.CallResolutionInterceptorExtension     : loaded 2 times (x 72B)
Class org.jetbrains.kotlin.backend.common.phaser.PhaseDescription                     : loaded 2 times (x 72B)
Class org.jetbrains.kotlin.resolve.checkers.DeclarationChecker                        : loaded 2 times (x 72B)
Class org.jetbrains.kotlin.util.UnitStats                                             : loaded 2 times (x 74B)
Class org.jetbrains.kotlin.util.Time                                                  : loaded 2 times (x 73B)
Class org.jetbrains.kotlin.com.intellij.core.CoreProjectEnvironment                   : loaded 2 times (x 84B)
Class org.jetbrains.kotlin.fir.extensions.FirFunctionTypeKindExtension                : loaded 2 times (x 78B)
Class org.jetbrains.kotlin.metadata.ProtoBuf$TypeAlias$1                              : loaded 2 times (x 146B)
Class [Lorg.jetbrains.kotlin.build.report.metrics.GradleBuildTime;                    : loaded 2 times (x 71B)
Class com.google.devtools.ksp.processing.KspGradleLogger                              : loaded 2 times (x 81B)
Class com.google.common.reflect.Types$ClassOwnership                                  : loaded 2 times (x 82B)
Class com.google.common.base.AbstractIterator                                         : loaded 2 times (x 82B)
Class org.objectweb.asm.Symbol                                                        : loaded 2 times (x 75B)
Class org.jetbrains.kotlin.fir.analysis.checkers.declaration.FirUnnamedPropertyChecker: loaded 2 times (x 79B)
Class org.jetbrains.kotlin.fir.java.JvmSupertypeUpdater$DelegatedConstructorCallTransformer$Companion: loaded 2 times (x 73B)
Class org.jetbrains.kotlin.com.intellij.util.ObjectUtilsRt                            : loaded 2 times (x 73B)
Class org.jetbrains.kotlin.resolve.IdentifierChecker                                  : loaded 2 times (x 72B)
Class org.jetbrains.kotlin.psi.KtSuperExpression                                      : loaded 2 times (x 441B)
Class org.jetbrains.kotlin.com.intellij.psi.ContributedReferenceHost                  : loaded 2 times (x 72B)
Class [Lorg.jetbrains.kotlin.psi.KtFileAnnotationList;                                : loaded 2 times (x 71B)
Class org.jetbrains.kotlin.psi.KtAnnotation                                           : loaded 2 times (x 448B)
Class org.jetbrains.kotlin.psi.KtAnnotationEntry                                      : loaded 2 times (x 523B)
Class org.jetbrains.kotlin.psi.stubs.KotlinConstructorStub                            : loaded 2 times (x 72B)
Class org.jetbrains.kotlin.psi.stubs.elements.KtBackingFieldElementType               : loaded 2 times (x 105B)
Class org.jetbrains.kotlin.psi.stubs.elements.KtContractEffectElementType             : loaded 2 times (x 102B)
Class org.jetbrains.kotlin.psi.KtClassLikeDeclaration                                 : loaded 2 times (x 72B)
Class org.jetbrains.kotlin.resolve.checkers.PropertiesWithBackingFieldsInsideValueClass: loaded 2 times (x 76B)
Class org.jetbrains.kotlin.resolve.checkers.SinceKotlinAnnotationValueChecker         : loaded 2 times (x 79B)
Class org.jetbrains.kotlin.com.intellij.extapi.psi.ASTDelegatePsiElement              : loaded 2 times (x 308B)
Class org.jetbrains.kotlin.fir.scopes.FirOverrideChecker                              : loaded 2 times (x 72B)
Class [Lorg.jetbrains.kotlin.fir.types.ConeKotlinType;                                : loaded 2 times (x 71B)
Class org.jetbrains.kotlin.fir.types.builder.FirResolvedTypeRefBuilder                : loaded 2 times (x 78B)
Class [Lorg.jetbrains.kotlin.fir.FirSession$Kind;                                     : loaded 2 times (x 71B)
Class org.jetbrains.kotlin.com.intellij.psi.impl.source.resolve.ResolveCache$1        : loaded 2 times (x 80B)
Class org.jetbrains.kotlin.fir.session.ComponentsContainersKt                         : loaded 2 times (x 73B)
Class [Lorg.jetbrains.kotlin.com.intellij.lang.jvm.types.JvmPrimitiveTypeKind;        : loaded 2 times (x 71B)
Class org.jetbrains.kotlin.com.intellij.openapi.ui.Queryable                          : loaded 2 times (x 72B)
Class [Lorg.jetbrains.kotlin.com.intellij.psi.PsiModifierListOwner;                   : loaded 2 times (x 71B)
Class org.jetbrains.kotlin.resolve.jvm.KotlinJavaPsiFacade$KotlinPsiElementFinderWrapperImplDumbAware: loaded 2 times (x 84B)
Class org.jetbrains.kotlin.fir.serialization.FirMetadataSerializerPlugin              : loaded 2 times (x 78B)
Class org.jetbrains.kotlin.cli.jvm.compiler.jarfs.ZipImplementationKt                 : loaded 2 times (x 73B)
Class org.jetbrains.kotlin.asJava.KotlinAsJavaSupport$Companion                       : loaded 2 times (x 73B)
Class org.jetbrains.kotlin.com.intellij.openapi.editor.event.DocumentListener         : loaded 2 times (x 72B)
Class org.jetbrains.kotlin.idea.KotlinFileType                                        : loaded 2 times (x 92B)
Class org.jetbrains.kotlin.com.fasterxml.aalto.in.Utf32Reader                         : loaded 2 times (x 98B)
Class org.jetbrains.kotlin.com.fasterxml.aalto.in.InputBootstrapper                   : loaded 2 times (x 86B)
Class org.jetbrains.kotlin.com.fasterxml.aalto.util.UriCanonicalizer                  : loaded 2 times (x 74B)
Class org.jetbrains.kotlin.com.intellij.psi.impl.compiled.ClassFileStubBuilder        : loaded 2 times (x 99B)
Class org.jetbrains.kotlin.com.intellij.psi.PsiFile                                   : loaded 2 times (x 72B)
Class org.jetbrains.kotlin.com.intellij.psi.impl.source.resolve.reference.ReferenceProvidersRegistryImpl$2: loaded 2 times (x 77B)
Class org.jetbrains.kotlin.com.intellij.openapi.project.IndexNotReadyException        : loaded 2 times (x 87B)
Class org.jetbrains.kotlin.cli.common.arguments.ConfigureJvmLanguageFeaturesKt        : loaded 2 times (x 73B)
Class org.jetbrains.kotlin.com.intellij.util.containers.WeakHashMap                   : loaded 2 times (x 129B)
Class org.jetbrains.kotlin.cli.common.messages.PrintingMessageCollector               : loaded 2 times (x 82B)
Class org.jetbrains.kotlin.load.java.structure.JavaTypeParameterListOwner             : loaded 2 times (x 72B)
Class org.jetbrains.kotlin.config.ApiVersion$Companion                                : loaded 2 times (x 73B)
Class kotlin.annotation.Repeatable                                                    : loaded 2 times (x 72B)
Class org.jetbrains.kotlin.metadata.jvm.deserialization.JvmMemberSignature$Field      : loaded 2 times (x 77B)
Class org.jetbrains.kotlin.metadata.ProtoBuf$Effect$1                                 : loaded 2 times (x 146B)
Class org.jetbrains.kotlin.metadata.jvm.JvmProtoBuf                                   : loaded 2 times (x 73B)
Class com.google.common.io.Closer                                                     : loaded 2 times (x 80B)
Class com.google.common.base.CharMatcher$BitSetMatcher                                : loaded 2 times (x 114B)
Class com.google.common.collect.RegularImmutableMap$Values                            : loaded 2 times (x 209B)
Class com.google.common.collect.ImmutableSet                                          : loaded 2 times (x 147B)
Class org.gradle.internal.classloader.ClassLoaderSpec                                 : loaded 2 times (x 73B)
Class org.jetbrains.kotlin.fir.analysis.checkers.declaration.FirDelegatedPropertyChecker: loaded 2 times (x 79B)
Class org.jetbrains.kotlin.fir.analysis.checkers.declaration.FirTailrecFunctionChecker: loaded 2 times (x 79B)
Class org.jetbrains.kotlin.fir.analysis.checkers.declaration.FirOptInMarkedDeclarationChecker: loaded 2 times (x 79B)
Class org.jetbrains.kotlin.fir.declarations.FirResolvedDeclarationStatus              : loaded 2 times (x 72B)
Class org.jetbrains.kotlin.fir.FirAnnotationContainer                                 : loaded 2 times (x 72B)
Class [Lorg.jetbrains.kotlin.psi.KtDoubleColonExpression;                             : loaded 2 times (x 71B)
Class [Lorg.jetbrains.kotlin.psi.KtElementImplStub;                                   : loaded 2 times (x 71B)
Class org.jetbrains.kotlin.psi.KtClass                                                : loaded 2 times (x 1103B)
Class org.jetbrains.kotlin.resolve.checkers.InnerClassInsideValueClass                : loaded 2 times (x 76B)
Class [Lorg.jetbrains.kotlin.resolve.checkers.DeclarationChecker;                     : loaded 2 times (x 71B)
Class org.jetbrains.kotlin.fir.types.impl.FirImplicitByteTypeRef                      : loaded 2 times (x 109B)
Class org.jetbrains.kotlin.name.StandardClassIds$Annotations                          : loaded 2 times (x 73B)
Class org.jetbrains.kotlin.psi.KtAnnotated                                            : loaded 2 times (x 72B)
Class org.jetbrains.kotlin.cli.common.GroupedKtSourcesKt                              : loaded 2 times (x 73B)
Class [Lorg.jetbrains.kotlin.fir.extensions.FirAnalysisHandlerExtension;              : loaded 2 times (x 71B)
Class org.jetbrains.kotlin.load.java.structure.JavaAnnotationArgument                 : loaded 2 times (x 72B)
Class org.jetbrains.kotlin.com.intellij.util.ConcurrencyUtil                          : loaded 2 times (x 73B)
Class org.jetbrains.kotlin.cli.common.extensions.ScriptEvaluationExtension$Companion  : loaded 2 times (x 74B)
Class org.jetbrains.kotlin.cli.common.extensions.ScriptEvaluationExtension            : loaded 2 times (x 72B)
Class org.jetbrains.kotlin.com.intellij.util.io.FileAccessorCache                     : loaded 2 times (x 85B)
Class org.jetbrains.kotlin.com.intellij.psi.JavaModuleSystem                          : loaded 2 times (x 72B)
Class org.jetbrains.kotlin.com.intellij.openapi.application.impl.ModalityStateEx      : loaded 2 times (x 75B)
Class [Lorg.jetbrains.kotlin.com.intellij.navigation.NavigationItem;                  : loaded 2 times (x 71B)
Class org.jetbrains.kotlin.com.intellij.codeInsight.folding.CodeFoldingSettings       : loaded 2 times (x 73B)
Class org.jetbrains.kotlin.io.opentelemetry.api.trace.SpanBuilder                     : loaded 2 times (x 72B)
Class org.jetbrains.kotlin.com.intellij.util.messages.Topic$BroadcastDirection        : loaded 2 times (x 81B)
Class org.jetbrains.kotlin.com.intellij.openapi.util.registry.EarlyAccessRegistryManagerKt: loaded 2 times (x 73B)
Class org.jetbrains.kotlin.com.intellij.openapi.progress.ProgressManager              : loaded 2 times (x 95B)
Class org.jetbrains.kotlin.com.intellij.util.containers.IntKeyWeakValueHashMap        : loaded 2 times (x 80B)
Class org.jetbrains.kotlin.mpp.ClassLikeSymbolMarker                                  : loaded 2 times (x 72B)
Class org.jetbrains.kotlin.io.vavr.collection.HashArrayMappedTrie                     : loaded 2 times (x 72B)
Class org.jetbrains.kotlin.psi.stubs.elements.KtEnumEntrySuperClassReferenceExpressionElementType: loaded 2 times (x 102B)
Class kotlin.jvm.internal.LongCompanionObject                                         : loaded 2 times (x 73B)
Class org.jetbrains.kotlin.psi.KtUserType                                             : loaded 2 times (x 514B)
Class org.objectweb.asm.AnnotationWriter                                              : loaded 2 times (x 80B)
Class com.google.common.cache.CacheStats                                              : loaded 2 times (x 73B)
Class org.jetbrains.kotlin.fir.analysis.checkers.declaration.FirFiniteBoundRestrictionChecker: loaded 2 times (x 79B)
Class org.jetbrains.kotlin.cli.common.SessionConstructionUtils$createSingleSession$session$1: loaded 2 times (x 77B)
Class org.jetbrains.kotlin.fir.resolve.FirJvmDefaultImportProvider                    : loaded 2 times (x 77B)
Class [Lorg.jetbrains.kotlin.load.java.AnnotationQualifierApplicabilityType;          : loaded 2 times (x 71B)
Class org.jetbrains.kotlin.psi.KtForExpression                                        : loaded 2 times (x 447B)
Class [Lorg.jetbrains.kotlin.psi.KtSuperTypeCallEntry;                                : loaded 2 times (x 71B)
Class [Lorg.jetbrains.kotlin.psi.KtDotQualifiedExpression;                            : loaded 2 times (x 71B)
Class org.jetbrains.kotlin.psi.KtAnnotationsContainer                                 : loaded 2 times (x 72B)
Class org.jetbrains.kotlin.fir.scopes.impl.FirGeneratedMemberDeclarationsStorage$ClassifierStorage: loaded 2 times (x 74B)
Class org.jetbrains.kotlin.fir.extensions.FirExtensionService                         : loaded 2 times (x 84B)
Class org.jetbrains.kotlin.types.model.TypeArgumentMarker                             : loaded 2 times (x 72B)
Class org.jetbrains.kotlin.fir.types.CompilerConeAttributes$EnhancedNullability       : loaded 2 times (x 81B)
Class org.jetbrains.kotlin.config.JvmDefaultModeKt                                    : loaded 2 times (x 73B)
Class org.jetbrains.kotlin.load.kotlin.ModuleMappingUtilKt                            : loaded 2 times (x 73B)
Class org.jetbrains.kotlin.com.intellij.util.containers.ShareableKey                  : loaded 2 times (x 72B)
Class org.jetbrains.kotlin.fir.resolve.scopes.JvmMappedScopesKt                       : loaded 2 times (x 73B)
Class org.jetbrains.kotlin.load.java.structure.impl.classFiles.PlainJavaAnnotationArgument: loaded 2 times (x 78B)
Class org.jetbrains.kotlin.cli.jvm.compiler.jarfs.ByteArrayCharSequence               : loaded 2 times (x 88B)
Class org.jetbrains.kotlin.serialization.DescriptorSerializerPlugin                   : loaded 2 times (x 72B)
Class org.jetbrains.kotlin.com.intellij.openapi.project.DumbService$Companion         : loaded 2 times (x 73B)
Class org.jetbrains.kotlin.com.intellij.core.CoreProjectScopeBuilder                  : loaded 2 times (x 79B)
Class org.jetbrains.kotlin.com.intellij.util.CachedValuesFactory                      : loaded 2 times (x 72B)
Class org.jetbrains.kotlin.com.intellij.ide.plugins.ModuleDependenciesDescriptor      : loaded 2 times (x 74B)
Class org.jetbrains.kotlin.fir.extensions.BunchOfRegisteredExtensions$Companion       : loaded 2 times (x 73B)
Class org.jetbrains.kotlin.com.intellij.util.containers.ConcurrentRefHashMap          : loaded 2 times (x 156B)
Class org.jetbrains.kotlin.com.intellij.openapi.extensions.ExtensionPointAdapter      : loaded 2 times (x 78B)
Class org.jetbrains.kotlin.com.intellij.serviceContainer.LazyExtensionInstance        : loaded 2 times (x 76B)
Class org.jetbrains.kotlin.cli.common.localfs.KotlinLocalFileSystem                   : loaded 2 times (x 105B)
Class org.jetbrains.kotlin.com.intellij.mock.MockApplication                          : loaded 2 times (x 325B)
Class org.jetbrains.kotlin.backend.jvm.lower.RepeatedAnnotationLowering               : loaded 2 times (x 346B)
Class org.jetbrains.kotlin.backend.common.lower.IrBuildingTransformer                 : loaded 2 times (x 338B)
Class org.jetbrains.kotlin.backend.jvm.lower.JvmDefaultArgumentStubGenerator          : loaded 2 times (x 98B)
Class org.jetbrains.kotlin.fir.resolve.inference.InferenceComponents                  : loaded 2 times (x 74B)
Class org.jetbrains.kotlin.com.intellij.openapi.util.Disposer$CheckedDisposableImpl   : loaded 2 times (x 81B)
Class org.jetbrains.kotlin.config.phaser.PhaseSet                                     : loaded 2 times (x 75B)
Class org.jetbrains.kotlin.fir.symbols.impl.FirFunctionSymbol                         : loaded 2 times (x 80B)
Class org.jetbrains.kotlin.diagnostics.DiagnosticReporterFactory                      : loaded 2 times (x 73B)
Class org.jetbrains.kotlin.fir.scopes.impl.FirStandardOverrideChecker                 : loaded 2 times (x 83B)
Class org.jetbrains.kotlin.config.MavenComparableVersion$ListItem                     : loaded 2 times (x 220B)
Class [Lorg.jetbrains.kotlin.psi.KtElement;                                           : loaded 2 times (x 71B)
Class org.jetbrains.kotlin.load.kotlin.header.KotlinClassHeader$Kind$Companion        : loaded 2 times (x 73B)
Class kotlin.jdk7.AutoCloseableKt                                                     : loaded 2 times (x 73B)
Class com.google.common.io.Closer$Suppressor                                          : loaded 2 times (x 72B)
Class com.google.common.io.LineProcessor                                              : loaded 2 times (x 72B)
Class org.objectweb.asm.RecordComponentWriter                                         : loaded 2 times (x 79B)
Class com.google.common.util.concurrent.AbstractFuture$Listener                       : loaded 2 times (x 74B)
Class com.google.common.base.CharMatcher$Or                                           : loaded 2 times (x 114B)
Class Settings_gradle$1$1                                                             : loaded 2 times (x 76B)
Class org.gradle.api.internal.classpath.Module$ModuleAlias                            : loaded 2 times (x 72B)
Class org.jetbrains.kotlin.fir.analysis.checkers.syntax.FirFunctionTypeParametersSyntaxChecker: loaded 2 times (x 91B)
Class org.jetbrains.kotlin.cli.jvm.compiler.CliVirtualFileFinder                      : loaded 2 times (x 92B)
Class org.jetbrains.kotlin.load.java.AbstractAnnotationTypeQualifierResolver          : loaded 2 times (x 79B)
Class org.jetbrains.kotlin.lexer.KotlinLexer                                          : loaded 2 times (x 88B)
Class org.jetbrains.kotlin.psi.ValueArgumentName                                      : loaded 2 times (x 72B)
Class [Lorg.jetbrains.kotlin.psi.KtExpressionImplStub;                                : loaded 2 times (x 71B)
Class org.jetbrains.kotlin.com.intellij.psi.tree.IReparseableLeafElementType          : loaded 2 times (x 72B)
Class org.jetbrains.kotlin.psi.KtPureClassOrObject                                    : loaded 2 times (x 72B)
Class org.jetbrains.kotlin.fir.caches.FirCachesFactory$ValueReferenceStrength         : loaded 2 times (x 81B)
Class org.jetbrains.kotlin.metadata.jvm.deserialization.ModuleMapping$Companion       : loaded 2 times (x 73B)
Class [Lorg.jetbrains.kotlin.it.unimi.dsi.fastutil.objects.Object2ObjectOpenHashMap;  : loaded 2 times (x 71B)
Class org.jetbrains.kotlin.extensions.AnnotationBasedExtension                        : loaded 2 times (x 72B)
Class org.jetbrains.kotlin.resolve.jvm.extensions.SyntheticJavaResolveExtension$Companion: loaded 2 times (x 74B)
Class org.jetbrains.kotlin.com.intellij.DynamicBundle                                 : loaded 2 times (x 80B)
Class org.jetbrains.kotlin.com.intellij.psi.PsiAnnotation                             : loaded 2 times (x 72B)
Class org.jetbrains.kotlin.com.intellij.openapi.project.DumbUtil                      : loaded 2 times (x 72B)
Class org.jetbrains.kotlin.com.intellij.util.containers.UnsafeWeakList$MyReference    : loaded 2 times (x 82B)
Class org.jetbrains.kotlin.com.intellij.openapi.project.DumbAware                     : loaded 2 times (x 72B)
Class org.jetbrains.kotlin.com.intellij.psi.PsiParameter                              : loaded 2 times (x 72B)
Class org.jetbrains.kotlin.com.intellij.util.containers.ContainerUtil$9$1             : loaded 2 times (x 84B)
Class org.jetbrains.kotlin.fir.resolve.providers.impl.FirFallbackBuiltinSymbolProvider$Companion: loaded 2 times (x 73B)
Class org.jetbrains.kotlin.it.unimi.dsi.fastutil.doubles.Double2ObjectMap             : loaded 2 times (x 72B)
Class org.jetbrains.kotlin.com.intellij.openapi.fileEditor.FileDocumentManager        : loaded 2 times (x 84B)
Class org.jetbrains.kotlin.com.intellij.openapi.vfs.impl.ArchiveHandler               : loaded 2 times (x 81B)
Class org.jetbrains.kotlin.com.intellij.openapi.util.text.CharSequenceWithStringHash  : loaded 2 times (x 72B)
Class org.jetbrains.kotlin.com.intellij.util.containers.MultiMap                      : loaded 2 times (x 77B)
Class org.jetbrains.kotlin.it.unimi.dsi.fastutil.ints.Int2ObjectMap                   : loaded 2 times (x 72B)
Class org.jetbrains.kotlin.it.unimi.dsi.fastutil.objects.Object2ObjectMap$FastEntrySet: loaded 2 times (x 72B)
Class [Lorg.jetbrains.kotlin.utils.DescriptionAware;                                  : loaded 2 times (x 71B)
Class [Lorg.jetbrains.kotlin.psi.KtDeclarationStub;                                   : loaded 2 times (x 71B)
Class org.jetbrains.kotlin.cli.jvm.compiler.CompileEnvironmentException               : loaded 2 times (x 84B)
Class org.jetbrains.kotlin.fir.analysis.checkers.declaration.FirValueClassDeclarationChecker$Companion: loaded 2 times (x 73B)
Class kotlin.io.FileTreeWalk$DirectoryState                                           : loaded 2 times (x 75B)
Class org.objectweb.asm.Attribute                                                     : loaded 2 times (x 79B)
Class com.google.common.base.Supplier                                                 : loaded 2 times (x 72B)
Class org.gradle.internal.classloader.VisitableURLClassLoader                         : loaded 2 times (x 118B)
Class org.jetbrains.kotlin.fir.analysis.checkers.declaration.FirInlineDeclarationChecker: loaded 2 times (x 79B)
Class org.jetbrains.kotlin.fir.resolve.providers.impl.FirProviderImpl$SymbolProvider  : loaded 2 times (x 83B)
Class org.jetbrains.kotlin.fir.analysis.extensions.FirAdditionalCheckersExtension$Factory: loaded 2 times (x 72B)
Class org.jetbrains.kotlin.psi.KtExpressionWithLabel                                  : loaded 2 times (x 439B)
Class org.jetbrains.kotlin.psi.stubs.KotlinContextReceiverStub                        : loaded 2 times (x 72B)
Class org.jetbrains.kotlin.psi.stubs.elements.KtStringTemplateExpressionElementType   : loaded 2 times (x 105B)
Class org.jetbrains.kotlin.resolve.checkers.ContextualDeclarationChecker              : loaded 2 times (x 76B)
Class org.jetbrains.kotlin.container.ValueResolver                                    : loaded 2 times (x 72B)
Class org.jetbrains.kotlin.fir.types.impl.FirImplicitEnumTypeRef                      : loaded 2 times (x 109B)
Class org.jetbrains.kotlin.cli.jvm.compiler.VfsBasedProjectEnvironment                : loaded 2 times (x 97B)
Class org.jetbrains.kotlin.resolve.checkers.ApiVersionClassifierUsageChecker          : loaded 2 times (x 76B)
Class org.jetbrains.kotlin.com.intellij.psi.impl.file.PsiPackageImpl                  : loaded 2 times (x 775B)
Class org.jetbrains.kotlin.types.DefaultTypeAttributeTranslator                       : loaded 2 times (x 77B)
Class org.jetbrains.kotlin.com.intellij.openapi.util.Conditions                       : loaded 2 times (x 73B)
Class org.jetbrains.kotlin.com.intellij.lang.LanguageUtil                             : loaded 2 times (x 73B)
Class org.jetbrains.kotlin.com.intellij.util.pico.CyclicDependencyException           : loaded 2 times (x 84B)
Class org.jetbrains.kotlin.com.intellij.openapi.progress.Progressive                  : loaded 2 times (x 72B)
Class org.jetbrains.kotlin.com.intellij.psi.stubs.ObjectStubTree                      : loaded 2 times (x 81B)
Class org.jetbrains.kotlin.com.intellij.openapi.vfs.VirtualFile                       : loaded 2 times (x 156B)
Class org.jetbrains.kotlin.com.intellij.concurrency.JobLauncher                       : loaded 2 times (x 73B)
Class org.jetbrains.kotlin.com.intellij.openapi.util.registry.Registry                : loaded 2 times (x 74B)
Class org.jetbrains.kotlin.backend.jvm.JvmLoweringPhasesKt$jvmFilePhases$70           : loaded 2 times (x 127B)
Class org.jetbrains.kotlin.backend.jvm.lower.JvmBuiltInsLowering                      : loaded 2 times (x 82B)
Class org.jetbrains.kotlin.storage.LockBasedStorageManager$ExceptionHandlingStrategy  : loaded 2 times (x 72B)
Class org.jetbrains.kotlin.it.unimi.dsi.fastutil.ints.IntSet                          : loaded 2 times (x 72B)
Class org.jetbrains.kotlin.com.google.common.collect.SetMultimap                      : loaded 2 times (x 72B)
Class com.google.common.collect.ImmutableEnumMap                                      : loaded 2 times (x 128B)
Class org.jetbrains.kotlin.container.PlatformSpecificExtension                        : loaded 2 times (x 72B)
Class org.jetbrains.kotlin.fir.types.FirFunctionTypeKindServiceImpl$extractor$1$kinds$1$registrar$1: loaded 2 times (x 77B)
Class com.google.common.collect.ListMultimap                                          : loaded 2 times (x 72B)
Class kotlinx.coroutines.flow.FlowCollector                                           : loaded 2 times (x 72B)
Class Settings_gradle                                                                 : loaded 2 times (x 126B)
Class org.gradle.internal.Cast                                                        : loaded 2 times (x 73B)
Class org.gradle.api.Action                                                           : loaded 2 times (x 72B)
Class [Lorg.jetbrains.kotlin.fir.resolve.providers.FirSymbolProvider;                 : loaded 2 times (x 71B)
Class org.jetbrains.kotlin.fir.expressions.FirJump                                    : loaded 2 times (x 119B)
Class org.jetbrains.kotlin.fir.java.FirJavaAwareSymbolProvider                        : loaded 2 times (x 72B)
Class org.jetbrains.kotlin.fir.declarations.impl.FirResolvedDeclarationStatusImpl     : loaded 2 times (x 200B)
Class org.jetbrains.kotlin.resolve.checkers.ClassifierUsageChecker                    : loaded 2 times (x 72B)
Class org.jetbrains.kotlin.resolve.calls.checkers.NullableVarargArgumentCallChecker   : loaded 2 times (x 76B)
Class org.jetbrains.kotlin.resolve.calls.checkers.ImplicitNothingAsTypeParameterCallChecker: loaded 2 times (x 76B)
Class org.jetbrains.kotlin.psi.KtOperationReferenceExpression                         : loaded 2 times (x 571B)
Class org.jetbrains.kotlin.psi.KtConstantExpression                                   : loaded 2 times (x 506B)
Class org.jetbrains.kotlin.psi.KtValueArgumentList                                    : loaded 2 times (x 454B)
Class org.jetbrains.kotlin.psi.stubs.KotlinAnnotationEntryStub                        : loaded 2 times (x 72B)
Class org.jetbrains.kotlin.com.intellij.psi.TokenType                                 : loaded 2 times (x 72B)
Class org.jetbrains.kotlin.resolve.checkers.ReifiedTypeParameterAnnotationChecker     : loaded 2 times (x 76B)
Class org.jetbrains.kotlin.container.ContainerConsistencyException                    : loaded 2 times (x 84B)
Class org.jetbrains.kotlin.container.ValueResolveContext                              : loaded 2 times (x 72B)
Class org.jetbrains.kotlin.mpp.SimpleFunctionSymbolMarker                             : loaded 2 times (x 72B)
Class org.jetbrains.kotlin.mpp.ConstructorSymbolMarker                                : loaded 2 times (x 72B)
Class org.jetbrains.kotlin.fir.types.impl.FirImplicitLongTypeRef                      : loaded 2 times (x 109B)
Class org.jetbrains.kotlin.metadata.jvm.JvmModuleProtoBuf$PackageParts$1              : loaded 2 times (x 146B)
Class org.jetbrains.kotlin.resolve.jvm.KotlinCliJavaFileManager                       : loaded 2 times (x 72B)
Class [Lorg.jetbrains.kotlin.config.LanguageOrApiVersion;                             : loaded 2 times (x 71B)
Class org.jetbrains.kotlin.config.JvmClosureGenerationScheme$Companion                : loaded 2 times (x 73B)
Class org.jetbrains.kotlin.fir.extensions.FirTypeAttributeExtension                   : loaded 2 times (x 79B)
Class org.jetbrains.kotlin.cli.jvm.compiler.jarfs.FastJarFileSystemKt                 : loaded 2 times (x 73B)
Class org.jetbrains.kotlin.com.intellij.psi.PsiImportStatementBase                    : loaded 2 times (x 72B)
Class org.jetbrains.kotlin.com.intellij.psi.PsiReference                              : loaded 2 times (x 72B)
Class org.jetbrains.kotlin.com.fasterxml.aalto.in.FixedNsContext                      : loaded 2 times (x 79B)
Class kotlin.reflect.jvm.internal.impl.name.FqNameUnsafe$1                            : loaded 2 times (x 76B)
Class org.jetbrains.kotlin.com.google.common.collect.LinkedHashMultimap               : loaded 2 times (x 176B)
Class org.jetbrains.kotlin.com.intellij.psi.augment.PsiAugmentProvider                : loaded 2 times (x 85B)
Class org.jetbrains.kotlin.com.intellij.openapi.extensions.impl.ExtensionComponentAdapter: loaded 2 times (x 82B)
Class org.jetbrains.kotlin.kotlinx.collections.immutable.PersistentSet                : loaded 2 times (x 72B)
Class org.jetbrains.kotlin.com.intellij.psi.impl.source.tree.LeafPsiElement           : loaded 2 times (x 323B)
Class org.jetbrains.kotlin.com.intellij.lang.DefaultASTFactoryImpl                    : loaded 2 times (x 80B)
Class org.jetbrains.kotlin.com.intellij.util.Java11Shim$Companion                     : loaded 2 times (x 73B)
Class org.jetbrains.kotlin.config.JvmSerializeIrMode                                  : loaded 2 times (x 81B)
Class org.jetbrains.kotlin.backend.common.lower.ExpectDeclarationRemover              : loaded 2 times (x 352B)
Class org.jetbrains.kotlin.backend.jvm.JvmLoweringPhasesKt$jvmFilePhases$71           : loaded 2 times (x 127B)
Class org.jetbrains.kotlin.compiler.plugin.CompilerPluginRegistrar                    : loaded 2 times (x 75B)
Class org.jetbrains.kotlin.fir.FirTargetElement                                       : loaded 2 times (x 72B)
Class org.jetbrains.kotlin.storage.DefaultSimpleLock                                  : loaded 2 times (x 80B)
Class org.jetbrains.kotlin.cli.pipeline.jvm.JvmConfigurationUpdater                   : loaded 2 times (x 74B)
Class [Lorg.jetbrains.kotlin.fir.analysis.checkers.expression.FirExpressionChecker;   : loaded 2 times (x 71B)
Class [Lorg.jetbrains.kotlin.metadata.ProtoBuf$VersionRequirement$VersionKind;        : loaded 2 times (x 71B)
Class org.jetbrains.kotlin.com.intellij.util.containers.ConcurrentList                : loaded 2 times (x 72B)
Class com.google.common.base.Strings                                                  : loaded 2 times (x 73B)
Class com.google.common.collect.Sets                                                  : loaded 2 times (x 73B)
Class org.objectweb.asm.Handler                                                       : loaded 2 times (x 74B)
Class com.google.common.base.Ticker                                                   : loaded 2 times (x 74B)
Class com.google.common.base.CharMatcher$FastMatcher                                  : loaded 2 times (x 113B)
Class org.jetbrains.kotlin.fir.analysis.checkers.declaration.FirObjectConstructorChecker: loaded 2 times (x 79B)
Class org.jetbrains.kotlin.fir.analysis.checkers.declaration.FirUnusedReturnValueChecker: loaded 2 times (x 82B)
Class [Lorg.jetbrains.kotlin.fir.analysis.checkers.FirCheckerWithMppKind;             : loaded 2 times (x 71B)
Class org.jetbrains.kotlin.fir.declarations.FirResolveState                           : loaded 2 times (x 74B)
Class org.jetbrains.kotlin.fir.declarations.FirContractDescriptionOwner               : loaded 2 times (x 72B)
Class org.jetbrains.kotlin.metadata.builtins.BuiltInsBinaryVersion$Companion          : loaded 2 times (x 73B)
Class org.jetbrains.kotlin.fir.extensions.FirFunctionTypeKindExtension$FunctionTypeKindRegistrar: loaded 2 times (x 72B)
Class org.jetbrains.kotlin.psi.KtArrayAccessExpression                                : loaded 2 times (x 507B)
Class org.jetbrains.kotlin.psi.KtFunctionTypeReceiver                                 : loaded 2 times (x 446B)
Class [Lorg.jetbrains.kotlin.psi.KtNullableType;                                      : loaded 2 times (x 71B)
Class org.jetbrains.kotlin.fir.scopes.impl.FirIntersectionOverrideStorage$special$$inlined$createCache$1: loaded 2 times (x 77B)
Class org.jetbrains.kotlin.types.model.TypeSystemTypeFactoryContext                   : loaded 2 times (x 72B)
Class org.jetbrains.kotlin.fir.types.impl.FirImplicitCharSequenceTypeRef              : loaded 2 times (x 109B)
Class org.jetbrains.kotlin.fir.types.CompilerConeAttributes$ExtensionFunctionType     : loaded 2 times (x 81B)
Class org.jetbrains.kotlin.util.AbstractArrayMapOwner                                 : loaded 2 times (x 83B)
Class org.jetbrains.kotlin.resolve.calls.checkers.CallChecker                         : loaded 2 times (x 72B)
Class [Lorg.jetbrains.kotlin.com.intellij.openapi.editor.event.DocumentListener;      : loaded 2 times (x 71B)
Class org.jetbrains.kotlin.com.intellij.ide.plugins.RawPluginDescriptor               : loaded 2 times (x 74B)
Class org.jetbrains.kotlin.org.codehaus.stax2.XMLStreamReader2                        : loaded 2 times (x 72B)
Class org.jetbrains.kotlin.com.intellij.psi.PsiReferenceService                       : loaded 2 times (x 75B)
Class org.jetbrains.kotlin.com.google.common.collect.AbstractMultimap$EntrySet        : loaded 2 times (x 140B)
Class org.jetbrains.kotlin.backend.jvm.JvmLoweringPhasesKt$jvmFilePhases$72           : loaded 2 times (x 127B)
Class org.jetbrains.kotlin.backend.jvm.lower.InterfaceSuperCallsLowering              : loaded 2 times (x 346B)
Class org.jetbrains.kotlin.backend.jvm.JvmLoweringPhasesKt                            : loaded 2 times (x 73B)
Class org.jetbrains.kotlin.fir.analysis.checkers.declaration.FirObjectConstructorChecker$objectRefVisitor$1: loaded 2 times (x 230B)
Class org.jetbrains.kotlin.com.intellij.openapi.util.ObjectNode$NodeChildren          : loaded 2 times (x 72B)
Class kotlin.reflect.jvm.internal.KCallableImpl$_typeParameters$1                     : loaded 2 times (x 81B)
Class org.jetbrains.kotlin.config.JvmTarget                                           : loaded 2 times (x 84B)
Class kotlin.reflect.jvm.internal.pcollections.MapEntry                               : loaded 2 times (x 74B)
Class org.gradle.internal.classloader.ClassLoaderHierarchy                            : loaded 2 times (x 72B)
Class com.google.common.base.CharMatcher$IsEither                                     : loaded 2 times (x 113B)
Class [Lorg.jetbrains.kotlin.metadata.jvm.JvmProtoBuf$StringTableTypes$Record$Operation;: loaded 2 times (x 71B)
Class [Lorg.jetbrains.kotlin.load.kotlin.header.KotlinClassHeader$Kind;               : loaded 2 times (x 71B)
Class com.google.devtools.ksp.processing.KSPConfig                                    : loaded 2 times (x 74B)
Class [Lcom.google.common.cache.LocalCache$Segment;                                   : loaded 2 times (x 71B)
Class [Lcom.google.common.cache.LocalCache$Strength;                                  : loaded 2 times (x 71B)
Class com.google.common.cache.CacheBuilder$1                                          : loaded 2 times (x 87B)
Class com.google.common.base.Predicate                                                : loaded 2 times (x 72B)
Class com.google.common.collect.ImmutableMap                                          : loaded 2 times (x 122B)
Class org.gradle.internal.classpath.DefaultClassPath$ImmutableUniqueList$Builder      : loaded 2 times (x 77B)
Class org.jetbrains.kotlin.fir.resolve.ScopeSession                                   : loaded 2 times (x 74B)
Class org.jetbrains.kotlin.fir.declarations.builder.FirRegularClassBuilder            : loaded 2 times (x 157B)
Class org.jetbrains.kotlin.fir.analysis.checkers.FirPlatformUpperBoundsProvider       : loaded 2 times (x 72B)
Class org.jetbrains.kotlin.psi.KtTypeParameterListOwnerNotStubbed                     : loaded 2 times (x 928B)
Class org.jetbrains.kotlin.psi.KtTypeElement                                          : loaded 2 times (x 72B)
Class [Lorg.jetbrains.kotlin.lexer.KtSingleValueToken;                                : loaded 2 times (x 71B)
Class org.jetbrains.kotlin.psi.KtDeclarationWithBody                                  : loaded 2 times (x 72B)
Class org.jetbrains.kotlin.psi.KtCallableDeclaration                                  : loaded 2 times (x 72B)
Class org.jetbrains.kotlin.metadata.ProtoBuf$QualifiedNameTable$QualifiedName$Kind$1  : loaded 2 times (x 76B)
Class [Lcom.google.common.base.AbstractIterator$State;                                : loaded 2 times (x 71B)
Class org.jetbrains.kotlin.config.AnalysisFlag$Delegates$ListOfStrings                : loaded 2 times (x 73B)
Class org.jetbrains.kotlin.extensions.internal.TypeResolutionInterceptorExtension     : loaded 2 times (x 72B)
Class org.jetbrains.kotlin.com.intellij.core.JavaPsiBundle                            : loaded 2 times (x 73B)
Class [Lorg.jetbrains.kotlin.com.intellij.psi.PsiAnnotation;                          : loaded 2 times (x 71B)
Class org.jetbrains.kotlin.com.intellij.psi.PsiQualifiedReference                     : loaded 2 times (x 72B)
Class org.jetbrains.kotlin.com.fasterxml.aalto.util.NameTable                         : loaded 2 times (x 73B)
Class org.jetbrains.kotlin.utils.WrappedValues$1                                      : loaded 2 times (x 73B)
Class org.jetbrains.kotlin.load.java.JavaTypeEnhancementState$Companion               : loaded 2 times (x 73B)
Class org.jetbrains.kotlin.com.intellij.psi.util.MethodSignature                      : loaded 2 times (x 72B)
Class org.jetbrains.kotlin.com.intellij.lang.jvm.JvmParameter                         : loaded 2 times (x 72B)
Class org.jetbrains.kotlin.com.intellij.openapi.util.ModificationTracker$1            : loaded 2 times (x 77B)
Class org.jetbrains.kotlin.com.intellij.psi.stubs.StubElement                         : loaded 2 times (x 72B)
Class org.jetbrains.kotlin.com.intellij.openapi.command.CommandToken                  : loaded 2 times (x 72B)
Class org.jetbrains.kotlin.com.intellij.openapi.extensions.DefaultPluginDescriptor    : loaded 2 times (x 87B)
Class org.jetbrains.kotlin.com.intellij.util.ArrayUtil                                : loaded 2 times (x 73B)
Class org.jetbrains.kotlin.backend.jvm.lower.FileClassLowering                        : loaded 2 times (x 82B)
Class org.jetbrains.kotlin.backend.jvm.JvmLoweringPhasesKt$jvmFilePhases$73           : loaded 2 times (x 127B)
Class org.jetbrains.kotlin.compiler.plugin.CliOption                                  : loaded 2 times (x 81B)
Class org.jetbrains.kotlin.compiler.plugin.PluginProcessingException                  : loaded 2 times (x 84B)
Class org.jetbrains.kotlin.cli.pipeline.jvm.JvmBackendPipelinePhase                   : loaded 2 times (x 84B)
Class org.jetbrains.kotlin.com.google.common.collect.SortedMapDifference              : loaded 2 times (x 72B)
Class org.jetbrains.kotlin.com.intellij.util.containers.RefHashMap$HardKey            : loaded 2 times (x 79B)
Class com.google.common.io.FileWriteMode                                              : loaded 2 times (x 81B)
Class kotlin.reflect.jvm.internal.KProperty1Impl$_getter$1                            : loaded 2 times (x 81B)
Class org.jetbrains.kotlin.backend.jvm.lower.JvmDefaultConstructorLowering            : loaded 2 times (x 87B)
Class org.jetbrains.kotlin.cli.pipeline.SuccessfulPipelineExecutionException          : loaded 2 times (x 84B)
Class kotlin.text.LinesIterator                                                       : loaded 2 times (x 81B)
Class org.jetbrains.kotlin.backend.jvm.lower.ReplaceKFunctionInvokeWithFunctionInvoke : loaded 2 times (x 345B)
Class org.jetbrains.kotlin.serialization.deserialization.ProtoEnumFlags               : loaded 2 times (x 73B)
Class com.google.common.cache.LocalCache                                              : loaded 2 times (x 188B)
Class com.google.common.cache.CacheBuilder$2                                          : loaded 2 times (x 81B)
Class com.google.common.base.CharMatcher$NegatedFastMatcher                           : loaded 2 times (x 115B)
Class ijKotlinCoroutineJvmDebugInit1_eotd0a8s7eifoojdni7n5x9xf$_run_closure1          : loaded 2 times (x 140B)
Class org.jetbrains.kotlin.fir.analysis.checkers.syntax.FirLocalVariableTypeParametersSyntaxChecker: loaded 2 times (x 91B)
Class org.jetbrains.kotlin.fir.deserialization.AbstractAnnotationDeserializerWithTypeAnnotations: loaded 2 times (x 89B)
Class org.jetbrains.kotlin.fir.resolve.providers.impl.AbstractFirBuiltinSymbolProvider$symbolNamesProvider$1: loaded 2 times (x 85B)
Class org.jetbrains.kotlin.cli.jvm.config.JvmContentRootsKt                           : loaded 2 times (x 73B)
Class org.jetbrains.kotlin.diagnostics.DiagnosticSink                                 : loaded 2 times (x 72B)
Class org.jetbrains.kotlin.resolve.calls.checkers.DslScopeViolationCallChecker        : loaded 2 times (x 76B)
Class org.jetbrains.kotlin.psi.KtLabeledExpression                                    : loaded 2 times (x 556B)
Class org.jetbrains.kotlin.psi.KtImportInfo                                           : loaded 2 times (x 72B)
Class [Lorg.jetbrains.kotlin.psi.KtObjectDeclaration;                                 : loaded 2 times (x 71B)
Class org.jetbrains.kotlin.com.intellij.psi.stubs.IStubElementType                    : loaded 2 times (x 98B)
Class org.jetbrains.kotlin.resolve.checkers.KClassWithIncorrectTypeArgumentChecker    : loaded 2 times (x 76B)
Class org.jetbrains.kotlin.fir.types.ConeFlexibleType                                 : loaded 2 times (x 80B)
Class org.jetbrains.kotlin.fir.scopes.impl.FirDynamicMembersStorage                   : loaded 2 times (x 74B)
Class org.jetbrains.kotlin.resolve.calls.inference.components.VariableFixationFinder  : loaded 2 times (x 74B)
Class org.jetbrains.kotlin.fir.declarations.SealedClassInheritorsProvider             : loaded 2 times (x 74B)
Class org.jetbrains.kotlin.fir.FirSession$Kind                                        : loaded 2 times (x 81B)
Class org.jetbrains.kotlin.load.java.structure.JavaAnnotation                         : loaded 2 times (x 72B)
Class org.jetbrains.kotlin.cli.jvm.compiler.MockExternalAnnotationsManager            : loaded 2 times (x 89B)
Class org.jetbrains.kotlin.kotlinx.collections.immutable.PersistentSet$Builder        : loaded 2 times (x 72B)
Class org.jetbrains.kotlin.cli.jvm.config.JvmContentRoot                              : loaded 2 times (x 72B)
Class org.jetbrains.kotlin.com.intellij.openapi.vfs.impl.BulkVirtualFileListenerAdapter: loaded 2 times (x 80B)
Class org.jetbrains.kotlin.com.intellij.psi.codeStyle.JavaFileCodeStyleFacadeFactory  : loaded 2 times (x 72B)
Class org.jetbrains.kotlin.com.intellij.lang.jvm.JvmAnnotatedElement                  : loaded 2 times (x 72B)
Class org.jetbrains.kotlin.com.intellij.psi.impl.source.javadoc.PsiDocTokenImpl       : loaded 2 times (x 380B)
Class org.jetbrains.kotlin.com.intellij.psi.impl.source.CodeFragmentElement           : loaded 2 times (x 265B)
Class org.jetbrains.kotlin.com.intellij.lang.FileASTNode                              : loaded 2 times (x 72B)
Class org.jetbrains.kotlin.com.intellij.openapi.vfs.encoding.EncodingRegistry         : loaded 2 times (x 76B)
Class org.jetbrains.kotlin.com.intellij.serviceContainer.BaseKeyedLazyInstance        : loaded 2 times (x 80B)
Class org.jetbrains.kotlin.backend.jvm.lower.SpecialAccessLowering                    : loaded 2 times (x 355B)
Class org.jetbrains.kotlin.backend.jvm.JvmLoweringPhasesKt$jvmFilePhases$74           : loaded 2 times (x 127B)
Class org.jetbrains.kotlin.com.intellij.psi.impl.source.DummyHolderElement            : loaded 2 times (x 265B)
Class org.jetbrains.kotlin.load.kotlin.FileBasedKotlinClass$OuterAndInnerName         : loaded 2 times (x 74B)
Class kotlin.reflect.jvm.internal.KClassImpl$Data$typeParameters$2                    : loaded 2 times (x 81B)
Class org.jetbrains.kotlin.com.intellij.lang.ASTFactory$DefaultFactoryHolder          : loaded 2 times (x 73B)
Class kotlin.reflect.jvm.internal.ReflectProperties$LazyVal                           : loaded 2 times (x 77B)
Class org.jetbrains.kotlin.config.LanguageVersion                                     : loaded 2 times (x 92B)
Class org.jetbrains.kotlin.com.intellij.psi.stubs.PsiFileStub                         : loaded 2 times (x 72B)
Class org.jetbrains.kotlin.analyzer.CompilationErrorException                         : loaded 2 times (x 84B)
Class org.jetbrains.kotlin.com.intellij.openapi.extensions.LoadingOrder$1             : loaded 2 times (x 80B)
Class org.jetbrains.kotlin.cli.common.messages.MessageRenderer$1                      : loaded 2 times (x 88B)
Class org.jetbrains.kotlin.com.intellij.psi.PsiTypes                                  : loaded 2 times (x 73B)
Class org.jetbrains.kotlin.cli.jvm.K2JVMCompiler                                      : loaded 2 times (x 85B)
Class org.jetbrains.kotlin.metadata.jvm.deserialization.JvmNameResolverBase           : loaded 2 times (x 82B)
Class com.google.common.collect.ArrayListMultimap                                     : loaded 2 times (x 173B)
Class com.google.common.cache.CacheBuilder$3                                          : loaded 2 times (x 74B)
Class [Lcom.google.common.collect.AbstractMapEntry;                                   : loaded 2 times (x 71B)
Class com.google.common.collect.ImmutableEntry                                        : loaded 2 times (x 84B)
Class org.gradle.api.GradleException                                                  : loaded 2 times (x 84B)
Class kotlin.reflect.jvm.internal.KCallableImpl$_annotations$1                        : loaded 2 times (x 81B)
Class org.jetbrains.kotlin.fir.symbols.impl.FirTypeAliasSymbol                        : loaded 2 times (x 86B)
Class org.jetbrains.kotlin.fir.resolve.FirJavaClassMapper                             : loaded 2 times (x 78B)
Class org.jetbrains.kotlin.fir.scopes.PlatformSpecificOverridabilityRules             : loaded 2 times (x 72B)
Class org.jetbrains.kotlin.descriptors.Substitutable                                  : loaded 2 times (x 72B)
Class org.jetbrains.kotlin.psi.KtAnnotatedExpression                                  : loaded 2 times (x 566B)
Class org.jetbrains.kotlin.psi.KtParenthesizedExpression                              : loaded 2 times (x 440B)
Class [Lorg.jetbrains.kotlin.psi.KtConstantExpression;                                : loaded 2 times (x 71B)
Class [Lorg.jetbrains.kotlin.psi.KtConstructor;                                       : loaded 2 times (x 71B)
Class [Lorg.jetbrains.kotlin.psi.KtPropertyAccessor;                                  : loaded 2 times (x 71B)
Class [Lorg.jetbrains.kotlin.psi.KtClassOrObject;                                     : loaded 2 times (x 71B)
Class [Lorg.jetbrains.kotlin.com.intellij.extapi.psi.StubBasedPsiElementBase;         : loaded 2 times (x 71B)
Class org.jetbrains.kotlin.psi.stubs.elements.KtTypeAliasElementType                  : loaded 2 times (x 102B)
Class org.jetbrains.kotlin.container.ComponentResolveContext                          : loaded 2 times (x 77B)
Class org.jetbrains.kotlin.fir.MutableOrEmptyList$Companion                           : loaded 2 times (x 73B)
Class org.jetbrains.kotlin.types.model.FlexibleTypeMarker                             : loaded 2 times (x 72B)
Class org.jetbrains.kotlin.fir.declarations.FirClass                                  : loaded 2 times (x 164B)
Class org.jetbrains.kotlin.types.model.TypeArgumentListMarker                         : loaded 2 times (x 72B)
Class org.jetbrains.kotlin.fir.resolve.providers.FirSymbolProvider                    : loaded 2 times (x 83B)
Class kotlinx.coroutines.internal.LimitedDispatcher                                   : loaded 2 times (x 106B)
Class org.jetbrains.kotlin.cli.jvm.modules.CliJavaModuleFinder$systemModules$1        : loaded 2 times (x 82B)
Class org.jetbrains.kotlin.com.intellij.psi.PsiModifierList                           : loaded 2 times (x 72B)
Class org.jetbrains.kotlin.com.intellij.util.containers.ConcurrentWeakKeySoftValueHashMap$HardKey: loaded 2 times (x 83B)
Class org.jetbrains.kotlin.com.intellij.psi.impl.source.BasicJavaDummyElement         : loaded 2 times (x 269B)
Class org.jetbrains.kotlin.com.intellij.psi.search.ProjectAwareFileFilter             : loaded 2 times (x 72B)
Class org.jetbrains.kotlin.com.intellij.psi.impl.PsiDocumentManagerBase               : loaded 2 times (x 135B)
Class org.jetbrains.kotlin.load.kotlin.KotlinBinaryClassCache$Companion               : loaded 2 times (x 73B)
Class org.jetbrains.kotlin.com.fasterxml.aalto.impl.CommonConfig                      : loaded 2 times (x 75B)
Class org.jetbrains.kotlin.com.intellij.psi.PsiWhiteSpace                             : loaded 2 times (x 72B)
Class org.jetbrains.kotlin.com.intellij.openapi.vfs.impl.VirtualFileManagerImpl       : loaded 2 times (x 91B)
Class org.jetbrains.kotlin.kotlinx.collections.immutable.PersistentCollection         : loaded 2 times (x 72B)
Class org.jetbrains.kotlin.com.intellij.util.ArrayUtilRt                              : loaded 2 times (x 73B)
Class kotlin.reflect.jvm.internal.KClassImpl$Data$inheritedNonStaticMembers$2         : loaded 2 times (x 81B)
Class org.jetbrains.kotlin.backend.jvm.JvmLoweringPhasesKt$jvmFilePhases$75           : loaded 2 times (x 127B)
Class org.jetbrains.kotlin.backend.jvm.lower.FunctionNVarargBridgeLowering            : loaded 2 times (x 355B)
Class org.jetbrains.kotlin.backend.jvm.lower.UniqueLoopLabelsLowering                 : loaded 2 times (x 81B)
Class [Lorg.jetbrains.kotlin.compiler.plugin.CliOption;                               : loaded 2 times (x 71B)
Class org.jetbrains.kotlin.config.AnalysisFlag$Delegate                               : loaded 2 times (x 77B)
Class org.jetbrains.kotlin.com.fasterxml.aalto.in.StreamScanner                       : loaded 2 times (x 136B)
Class org.jetbrains.kotlin.cli.common.messages.MessageRenderer$2                      : loaded 2 times (x 88B)
Class org.jetbrains.kotlin.config.CompilerConfigurationKey                            : loaded 2 times (x 74B)
Class [Lorg.jetbrains.kotlin.load.java.ReportLevel;                                   : loaded 2 times (x 71B)
Class org.jetbrains.org.objectweb.asm.SymbolTable$Entry                               : loaded 2 times (x 75B)
Class com.google.common.base.Suppliers$MemoizingSupplier                              : loaded 2 times (x 81B)
Class com.google.common.collect.CollectPreconditions                                  : loaded 2 times (x 73B)
Class org.jetbrains.kotlin.fir.analysis.checkers.declaration.FirExtensionShadowedByMemberChecker: loaded 2 times (x 80B)
Class org.jetbrains.kotlin.fir.analysis.checkers.declaration.FirUnusedCheckerBase     : loaded 2 times (x 82B)
Class [Lorg.jetbrains.kotlin.fir.resolve.providers.impl.AbstractFirBuiltinSymbolProvider;: loaded 2 times (x 71B)
Class org.jetbrains.kotlin.fir.resolve.providers.FirCompositeSymbolNamesProvider$Companion: loaded 2 times (x 73B)
Class org.jetbrains.kotlin.fir.resolve.providers.impl.FirCloneableSymbolProvider$symbolNamesProvider$1: loaded 2 times (x 84B)
Class org.jetbrains.kotlin.com.intellij.psi.impl.source.resolve.ResolveCache$AbstractResolver: loaded 2 times (x 72B)
Class org.jetbrains.kotlin.resolve.jvm.JvmTypeSpecificityComparator                   : loaded 2 times (x 79B)
Class org.jetbrains.kotlin.fir.visitors.FirTransformer                                : loaded 2 times (x 387B)
Class org.jetbrains.kotlin.resolve.calls.checkers.NewSchemeOfIntegerOperatorResolutionChecker: loaded 2 times (x 76B)
Class org.jetbrains.kotlin.psi.KtInstanceExpressionWithLabel                          : loaded 2 times (x 440B)
Class org.jetbrains.kotlin.psi.KtNamedDeclarationNotStubbed                           : loaded 2 times (x 846B)
Class org.jetbrains.kotlin.com.intellij.extapi.psi.ASTWrapperPsiElement               : loaded 2 times (x 308B)
Class org.jetbrains.kotlin.psi.KtFileAnnotationList                                   : loaded 2 times (x 508B)
Class org.jetbrains.kotlin.psi.KtProperty                                             : loaded 2 times (x 1326B)
Class org.jetbrains.kotlin.analyzer.common.CommonPlatformConfigurator                 : loaded 2 times (x 82B)
Class org.jetbrains.kotlin.fir.scopes.impl.FirDelegatedMembersFilter$Default          : loaded 2 times (x 74B)
Class org.jetbrains.kotlin.fir.scopes.impl.FirSubstitutionOverrideStorage$special$$inlined$createCache$1: loaded 2 times (x 77B)
Class org.jetbrains.kotlin.com.intellij.psi.impl.file.PsiDirectoryFactoryImpl         : loaded 2 times (x 79B)
Class org.jetbrains.kotlin.load.java.structure.impl.classFiles.BinaryJavaAnnotationVisitor: loaded 2 times (x 80B)
Class org.jetbrains.kotlin.cli.jvm.index.JavaRoot$RootTypes                           : loaded 2 times (x 73B)
Class org.jetbrains.kotlin.com.intellij.psi.PsiAnnotationMemberValue                  : loaded 2 times (x 72B)
Class org.jetbrains.kotlin.com.intellij.lang.injection.InjectedLanguageManager        : loaded 2 times (x 82B)
Class org.jetbrains.kotlin.cli.jvm.compiler.KotlinCoreEnvironment$Companion$getOrCreateApplicationEnvironment$1$2: loaded 2 times (x 76B)
Class org.jetbrains.kotlin.com.intellij.pom.java.InternalPersistentJavaLanguageLevelReaderService: loaded 2 times (x 72B)
Class org.jetbrains.kotlin.com.fasterxml.aalto.in.PName                               : loaded 2 times (x 77B)
Class org.jetbrains.kotlin.com.intellij.ide.plugins.XmlReader                         : loaded 2 times (x 73B)
Class org.jetbrains.kotlin.backend.jvm.extensions.ClassGeneratorExtension             : loaded 2 times (x 72B)
Class org.jetbrains.kotlin.fir.FirSessionComponent                                    : loaded 2 times (x 72B)
Class [Lorg.jetbrains.kotlin.it.unimi.dsi.fastutil.Hash;                              : loaded 2 times (x 71B)
Class org.jetbrains.kotlin.com.intellij.psi.compiled.ClsStubBuilder                   : loaded 2 times (x 75B)
Class org.jetbrains.kotlin.com.intellij.util.lang.CompoundRuntimeException            : loaded 2 times (x 84B)
Class org.jetbrains.kotlin.org.picocontainer.PicoContainer                            : loaded 2 times (x 72B)
Class org.jetbrains.kotlin.com.intellij.lang.LanguageASTFactory                       : loaded 2 times (x 98B)
Class org.jetbrains.kotlin.com.intellij.openapi.fileTypes.PlainTextLanguage           : loaded 2 times (x 109B)
Class org.jetbrains.kotlin.com.intellij.util.messages.MessageBusOwner                 : loaded 2 times (x 72B)
Class org.jetbrains.kotlin.backend.jvm.lower.JvmKotlinNothingValueExceptionLowering   : loaded 2 times (x 88B)
Class org.jetbrains.kotlin.backend.jvm.JvmLoweringPhasesKt$jvmFilePhases$76           : loaded 2 times (x 127B)
Class org.jetbrains.kotlin.backend.jvm.lower.EnumClassLowering                        : loaded 2 times (x 87B)
Class org.jetbrains.kotlin.backend.jvm.JvmLoweringPhasesKt$jvmLoweringPhases$15       : loaded 2 times (x 127B)
Class org.jetbrains.kotlin.storage.NotNullLazyValue                                   : loaded 2 times (x 72B)
Class org.jetbrains.kotlin.it.unimi.dsi.fastutil.objects.m                            : loaded 2 times (x 101B)
Class org.jetbrains.kotlin.com.intellij.openapi.progress.Task                         : loaded 2 times (x 86B)
Class kotlin.reflect.jvm.internal.KPropertyImpl$_descriptor$1                         : loaded 2 times (x 81B)
Class org.jetbrains.kotlin.psi.KtPureElement                                          : loaded 2 times (x 72B)
Class org.jetbrains.kotlin.com.intellij.psi.impl.source.tree.CompositePsiElement      : loaded 2 times (x 395B)
Class org.jetbrains.kotlin.com.intellij.psi.search.searches.SuperMethodsSearch$1      : loaded 2 times (x 81B)
Class org.jetbrains.kotlin.cli.common.messages.MessageRenderer$3                      : loaded 2 times (x 89B)
Class [Lcom.google.common.io.FileWriteMode;                                           : loaded 2 times (x 71B)
Class com.google.common.collect.SortedMapDifference                                   : loaded 2 times (x 72B)
Class ijKotlinCoroutineJvmDebugInit1_eotd0a8s7eifoojdni7n5x9xf                        : loaded 2 times (x 173B)
Class org.jetbrains.kotlin.fir.analysis.checkers.declaration.FirNotImplementedOverrideSimpleEnumEntryChecker$ForExpectClass: loaded 2 times (x 80B)
Class org.jetbrains.kotlin.fir.session.FirAbstractSessionFactory$SourceProviders      : loaded 2 times (x 74B)
Class org.jetbrains.kotlin.fir.declarations.builder.FirFunctionBuilder                : loaded 2 times (x 72B)
Class org.jetbrains.kotlin.fir.declarations.builder.FirTypeParameterRefsOwnerBuilder  : loaded 2 times (x 72B)
Class org.jetbrains.kotlin.resolve.IdentifierCheckerClashesResolver                   : loaded 2 times (x 75B)
Class org.jetbrains.kotlin.psi.stubs.elements.KtNameReferenceExpressionElementType    : loaded 2 times (x 105B)
Class org.jetbrains.kotlin.psi.stubs.elements.KtPlaceHolderWithTextStubElementType    : loaded 2 times (x 102B)
Class org.jetbrains.kotlin.psi.stubs.elements.KtFunctionElementType                   : loaded 2 times (x 106B)
Class org.jetbrains.kotlin.psi.KtModifierListOwner                                    : loaded 2 times (x 72B)
Class org.jetbrains.kotlin.com.intellij.extapi.psi.StubBasedPsiElementBase            : loaded 2 times (x 317B)
Class org.jetbrains.kotlin.com.intellij.openapi.application.QueryExecutorBase         : loaded 2 times (x 77B)
Class org.jetbrains.kotlin.fir.scopes.FirKotlinScopeProvider                          : loaded 2 times (x 79B)
Class org.jetbrains.kotlin.metadata.jvm.deserialization.ModuleMapping                 : loaded 2 times (x 74B)
Class org.jetbrains.kotlin.fir.caches.FirThreadUnsafeCache                            : loaded 2 times (x 76B)
Class org.jetbrains.kotlin.fir.DependencyListForCliModule$Companion                   : loaded 2 times (x 73B)
Class org.jetbrains.kotlin.cli.jvm.index.JavaRoot                                     : loaded 2 times (x 74B)
Class org.jetbrains.kotlin.resolve.diagnostics.DiagnosticSuppressor$Companion         : loaded 2 times (x 74B)
Class org.jetbrains.kotlin.com.intellij.psi.controlFlow.ControlFlowFactory$1          : loaded 2 times (x 80B)
Class org.jetbrains.kotlin.com.intellij.openapi.util.RecursionManager                 : loaded 2 times (x 73B)
Class org.jetbrains.kotlin.com.intellij.openapi.extensions.ExtensionPointPriorityListener: loaded 2 times (x 72B)
Class org.jetbrains.kotlin.com.intellij.testFramework.LightVirtualFile                : loaded 2 times (x 171B)
Class org.jetbrains.kotlin.kotlinx.collections.immutable.PersistentMap                : loaded 2 times (x 72B)
Class org.jetbrains.kotlin.fir.types.ConeInferenceContext                             : loaded 2 times (x 72B)
Class org.jetbrains.kotlin.cli.jvm.compiler.IdeaExtensionPoints                       : loaded 2 times (x 73B)
Class org.jetbrains.kotlin.com.intellij.psi.presentation.java.PackagePresentationProvider: loaded 2 times (x 76B)
Class org.jetbrains.kotlin.com.intellij.openapi.extensions.BaseExtensionPointName     : loaded 2 times (x 74B)
Class org.jetbrains.kotlin.ir.declarations.IrPackageFragment                          : loaded 2 times (x 109B)
Class org.jetbrains.kotlin.ir.IrElementBase                                           : loaded 2 times (x 96B)
Class org.jetbrains.kotlin.ir.declarations.IrAnnotationContainer                      : loaded 2 times (x 72B)
Class org.jetbrains.kotlin.backend.jvm.JvmLoweringPhasesKt$jvmFilePhases$77           : loaded 2 times (x 127B)
Class org.jetbrains.kotlin.backend.jvm.lower.SyntheticAccessorLowering                : loaded 2 times (x 82B)
Class org.jetbrains.kotlin.backend.jvm.lower.JvmDefaultParameterInjector              : loaded 2 times (x 359B)
Class org.jetbrains.kotlin.backend.jvm.lower.JvmStringConcatenationLowering           : loaded 2 times (x 355B)
Class org.jetbrains.kotlin.backend.jvm.JvmLoweringPhasesKt$jvmFilePhases$40           : loaded 2 times (x 127B)
Class org.jetbrains.kotlin.cli.pipeline.jvm.JvmFrontendPipelinePhase                  : loaded 2 times (x 84B)
Class org.jetbrains.kotlin.com.google.common.collect.Maps$EntryTransformer            : loaded 2 times (x 72B)
Class org.jetbrains.kotlin.it.unimi.dsi.fastutil.objects.n                            : loaded 2 times (x 176B)
Class org.jetbrains.kotlin.types.AbstractTypeApproximator$Companion                   : loaded 2 times (x 73B)
Class org.jetbrains.kotlin.resolve.calls.inference.components.ConstraintSystemUtilContext: loaded 2 times (x 72B)
Class kotlin.reflect.jvm.internal.KPropertyImpl$Companion                             : loaded 2 times (x 73B)
Class org.jetbrains.kotlin.fir.scopes.FirPlatformClassMapper                          : loaded 2 times (x 77B)
Class org.jetbrains.kotlin.cli.common.messages.MessageRenderer$4                      : loaded 2 times (x 89B)
Class org.jetbrains.kotlin.resolve.calls.checkers.CapturingInClosureChecker           : loaded 2 times (x 76B)
Class kotlin.collections.builders.MapBuilder$KeysItr                                  : loaded 2 times (x 83B)
Class org.jetbrains.kotlin.metadata.jvm.JvmProtoBuf$JvmPropertySignature$Builder      : loaded 2 times (x 142B)
Class [Lorg.jetbrains.org.objectweb.asm.Symbol;                                       : loaded 2 times (x 71B)
Class kotlin.sequences.SequencesKt___SequencesKt$asIterable$$inlined$Iterable$1       : loaded 2 times (x 81B)
Class com.google.common.cache.LocalCache$WriteThroughEntry                            : loaded 2 times (x 81B)
Class com.google.common.cache.LocalCache$HashIterator                                 : loaded 2 times (x 88B)
Class com.google.common.io.Files                                                      : loaded 2 times (x 73B)
Class com.google.common.cache.LocalCache$EntryFactory                                 : loaded 2 times (x 85B)
Class org.jetbrains.kotlin.fir.analysis.checkers.declaration.FirKClassWithIncorrectTypeArgumentChecker: loaded 2 times (x 79B)
Class org.jetbrains.kotlin.fir.java.FirJavaFacadeForSource                            : loaded 2 times (x 75B)
Class org.jetbrains.kotlin.fir.resolve.providers.impl.FirSyntheticFunctionInterfaceProviderBase$Companion: loaded 2 times (x 73B)
Class org.jetbrains.kotlin.fir.types.FirFunctionTypeKindService                       : loaded 2 times (x 78B)
Class org.jetbrains.kotlin.fir.modules.FirJavaModuleResolverProvider                  : loaded 2 times (x 74B)
Class org.jetbrains.kotlin.descriptors.ValueDescriptor                                : loaded 2 times (x 72B)
Class org.jetbrains.kotlin.psi.KtCallableReferenceExpression                          : loaded 2 times (x 515B)
Class org.jetbrains.kotlin.psi.KtDestructuringDeclaration                             : loaded 2 times (x 782B)
Class [Lorg.jetbrains.kotlin.com.intellij.psi.ContributedReferenceHost;               : loaded 2 times (x 71B)
Class [Lorg.jetbrains.kotlin.psi.KtAnnotationEntry;                                   : loaded 2 times (x 71B)
Class org.jetbrains.kotlin.psi.stubs.KotlinClassOrObjectStub                          : loaded 2 times (x 72B)
Class [Lorg.jetbrains.kotlin.lexer.KtModifierKeywordToken;                            : loaded 2 times (x 71B)
Class org.jetbrains.kotlin.com.intellij.psi.WhiteSpaceTokenType                       : loaded 2 times (x 81B)
Class [Lorg.jetbrains.kotlin.name.Name;                                               : loaded 2 times (x 71B)
Class org.jetbrains.kotlin.fir.types.ConeClassLikeType                                : loaded 2 times (x 84B)
Class org.jetbrains.kotlin.fir.resolve.providers.impl.FirSyntheticFunctionInterfaceProviderBase: loaded 2 times (x 86B)
Class org.jetbrains.kotlin.BlockExpressionElementType                                 : loaded 2 times (x 100B)
Class [Lorg.jetbrains.kotlin.psi.KtImportDirective;                                   : loaded 2 times (x 71B)
Class org.jetbrains.kotlin.com.intellij.openapi.util.io.BufferExposingByteArrayInputStream: loaded 2 times (x 94B)
Class org.jetbrains.kotlin.fir.extensions.FirFunctionCallRefinementExtension          : loaded 2 times (x 79B)
Class org.jetbrains.kotlin.extensions.StorageComponentContainerContributor$Companion  : loaded 2 times (x 74B)
Class org.jetbrains.kotlin.com.intellij.psi.impl.JavaPsiFacadeImpl                    : loaded 2 times (x 90B)
Class org.jetbrains.kotlin.com.intellij.psi.PsiResolveHelper                          : loaded 2 times (x 72B)
Class org.jetbrains.kotlin.com.intellij.openapi.project.Project                       : loaded 2 times (x 72B)
Class org.jetbrains.kotlin.parsing.KotlinCommonParserDefinition                       : loaded 2 times (x 97B)
Class org.jetbrains.kotlin.com.intellij.lang.jvm.JvmPackage                           : loaded 2 times (x 72B)
Class org.jetbrains.kotlin.com.intellij.openapi.extensions.LoadingOrder               : loaded 2 times (x 74B)
Class org.jetbrains.kotlin.com.intellij.util.concurrency.SynchronizedClearableLazy$Companion: loaded 2 times (x 73B)
Class org.jetbrains.kotlin.com.intellij.lang.ParserDefinition                         : loaded 2 times (x 72B)
Class org.jetbrains.kotlin.backend.jvm.JvmLoweringPhasesKt$jvmFilePhases$78           : loaded 2 times (x 127B)
Class org.jetbrains.kotlin.backend.jvm.JvmLoweringPhasesKt$jvmFilePhases$41           : loaded 2 times (x 127B)
Class org.jetbrains.kotlin.backend.jvm.lower.JvmOverloadsAnnotationLowering           : loaded 2 times (x 87B)
Class org.jetbrains.kotlin.compiler.plugin.ComponentRegistrar                         : loaded 2 times (x 72B)
Class org.jetbrains.kotlin.config.JvmAnalysisFlags                                    : loaded 2 times (x 73B)
Class [Lorg.jetbrains.kotlin.psi.KtTypeElement;                                       : loaded 2 times (x 71B)
Class [Lorg.jetbrains.kotlin.psi.KtValueArgument;                                     : loaded 2 times (x 71B)
Class org.jetbrains.kotlin.org.codehaus.stax2.typed.TypedXMLStreamReader              : loaded 2 times (x 72B)
Class org.jetbrains.kotlin.resolve.calls.checkers.FunInterfaceConstructorReferenceChecker: loaded 2 times (x 76B)
Class org.jetbrains.kotlin.com.intellij.openapi.extensions.ExtensionPointUtil$1       : loaded 2 times (x 80B)
Class org.jetbrains.kotlin.com.intellij.psi.scope.processor.MethodsProcessor          : loaded 2 times (x 107B)
Class org.jetbrains.kotlin.com.intellij.util.Processor                                : loaded 2 times (x 72B)
Class org.jetbrains.kotlin.fir.java.deserialization.JvmClassFileBasedSymbolProvider   : loaded 2 times (x 93B)
Class com.google.common.reflect.Types$NativeTypeVariableEquals                        : loaded 2 times (x 73B)
Class com.google.common.reflect.TypeParameter                                         : loaded 2 times (x 74B)
Class com.google.common.base.CharMatcher$Whitespace                                   : loaded 2 times (x 114B)
Class com.google.common.cache.LocalCache$AbstractReferenceEntry                       : loaded 2 times (x 109B)
Class org.gradle.internal.IoActions                                                   : loaded 2 times (x 73B)
Class org.jetbrains.kotlin.fir.expressions.FirCall                                    : loaded 2 times (x 72B)
Class org.jetbrains.kotlin.fir.analysis.checkers.declaration.FirImplementationMismatchChecker$ForExpectClass: loaded 2 times (x 80B)
Class org.jetbrains.kotlin.fir.analysis.checkers.declaration.FirPropertyAccessorsTypesChecker: loaded 2 times (x 79B)
Class org.jetbrains.kotlin.fir.session.FirJvmSessionFactory$SourceContext             : loaded 2 times (x 74B)
Class org.jetbrains.kotlin.fir.resolve.providers.impl.BinaryVersionAndPackageFragment : loaded 2 times (x 74B)
Class org.jetbrains.kotlin.builtins.functions.FunctionTypeKindExtractor$Companion     : loaded 2 times (x 73B)
Class org.jetbrains.kotlin.com.intellij.lang.jvm.facade.JvmFacade                     : loaded 2 times (x 72B)
Class org.jetbrains.kotlin.resolve.checkers.PlatformDiagnosticSuppressorClashesResolver: loaded 2 times (x 75B)
Class org.jetbrains.kotlin.container.PlatformExtensionsClashResolver                  : loaded 2 times (x 75B)
Class org.jetbrains.kotlin.descriptors.CallableDescriptor                             : loaded 2 times (x 72B)
Class org.jetbrains.kotlin.BlockExpressionElementType$Companion                       : loaded 2 times (x 73B)
Class org.jetbrains.kotlin.LambdaExpressionElementType                                : loaded 2 times (x 97B)
Class org.jetbrains.kotlin.psi.stubs.elements.KtValueArgumentElementType              : loaded 2 times (x 102B)
Class org.jetbrains.kotlin.resolve.checkers.KotlinVersionStringAnnotationValueChecker : loaded 2 times (x 79B)
Class org.jetbrains.kotlin.psi.KtDeclarationStub                                      : loaded 2 times (x 715B)
Class org.jetbrains.kotlin.psi.KtFunction                                             : loaded 2 times (x 72B)
Class org.jetbrains.kotlin.analyzer.common.CommonPlatformAnalyzerServices             : loaded 2 times (x 79B)
Class org.jetbrains.kotlin.fir.declarations.FirDeclarationOverloadabilityHelper       : loaded 2 times (x 72B)
Class org.jetbrains.kotlin.fir.analysis.checkers.type.TypeCheckers$Companion          : loaded 2 times (x 73B)
Class org.jetbrains.kotlin.metadata.ProtoBuf$QualifiedNameTable                       : loaded 2 times (x 109B)
Class org.jetbrains.kotlin.metadata.ProtoBuf$QualifiedNameTableOrBuilder              : loaded 2 times (x 72B)
Class org.jetbrains.kotlin.codegen.extensions.ClassBuilderInterceptorExtension        : loaded 2 times (x 72B)
Class org.jetbrains.kotlin.resolve.jvm.extensions.AnalysisHandlerExtension$Companion  : loaded 2 times (x 74B)
Class org.jetbrains.kotlin.resolve.jvm.NotFoundPackagesCachingStrategy                : loaded 2 times (x 72B)
Class org.jetbrains.kotlin.com.intellij.util.containers.ConcurrentRefValueHashMap$ValueReference: loaded 2 times (x 72B)
Class org.jetbrains.kotlin.com.intellij.util.CachedValuesManagerImpl                  : loaded 2 times (x 84B)
Class org.jetbrains.kotlin.com.intellij.psi.impl.source.resolve.ResolveCache          : loaded 2 times (x 86B)
Class org.jetbrains.kotlin.com.intellij.psi.impl.file.impl.JavaFileManager            : loaded 2 times (x 72B)
Class org.jetbrains.kotlin.com.intellij.openapi.vfs.CompactVirtualFileSetFactory      : loaded 2 times (x 77B)
Class org.jetbrains.kotlin.fir.FirModuleDataKt                                        : loaded 2 times (x 73B)
Class org.jetbrains.kotlin.com.intellij.openapi.extensions.impl.ExtensionPointImpl$doAddChangeListener$listenerAdapter$1: loaded 2 times (x 79B)
Class org.jetbrains.kotlin.com.intellij.psi.PsiTarget                                 : loaded 2 times (x 72B)
Class org.jetbrains.kotlin.com.intellij.lexer.MergingLexerAdapterBase                 : loaded 2 times (x 88B)
Class org.jetbrains.kotlin.com.intellij.psi.PsiComment                                : loaded 2 times (x 72B)
Class org.jetbrains.kotlin.com.intellij.openapi.fileTypes.FileType                    : loaded 2 times (x 72B)
Class org.jetbrains.kotlin.com.intellij.openapi.util.UserDataHolder                   : loaded 2 times (x 72B)
Class org.jetbrains.kotlin.cli.common.modules.ModuleChunk                             : loaded 2 times (x 75B)
Class org.jetbrains.kotlin.backend.jvm.JvmLoweringPhasesKt$jvmLoweringPhases$1        : loaded 2 times (x 127B)
Class org.jetbrains.kotlin.backend.jvm.JvmLoweringPhasesKt$jvmFilePhases$79           : loaded 2 times (x 127B)
Class org.jetbrains.kotlin.backend.jvm.JvmLoweringPhasesKt$jvmFilePhases$42           : loaded 2 times (x 127B)
Class org.jetbrains.kotlin.backend.jvm.lower.SingletonOrConstantDelegationLowering    : loaded 2 times (x 82B)
Class org.jetbrains.kotlin.com.google.common.collect.ImmutableMap                     : loaded 2 times (x 122B)
Class org.jetbrains.kotlin.types.extensions.TypeAttributeTranslators                  : loaded 2 times (x 74B)
Class org.jetbrains.kotlin.fir.FirExpectActualMatchingContextFactory                  : loaded 2 times (x 72B)
Class kotlin.reflect.jvm.internal.KClassImpl$Data$allNonStaticMembers$2               : loaded 2 times (x 81B)
Class org.jetbrains.kotlin.com.intellij.util.text.CharArrayExternalizable             : loaded 2 times (x 72B)
Class [Lorg.jetbrains.kotlin.platform.TargetPlatformVersion;                          : loaded 2 times (x 71B)
Class org.jetbrains.kotlin.resolve.jvm.modules.JavaModule$Explicit                    : loaded 2 times (x 82B)
Class org.jetbrains.kotlin.fir.analysis.checkers.syntax.FirDeclarationSyntaxChecker   : loaded 2 times (x 91B)
Class org.jetbrains.kotlin.fir.declarations.FirAnonymousObject                        : loaded 2 times (x 170B)
Class org.jetbrains.kotlin.metadata.jvm.deserialization.JvmNameResolverBase$WhenMappings: loaded 2 times (x 73B)
Class org.jetbrains.kotlin.metadata.jvm.deserialization.BitEncoding                   : loaded 2 times (x 73B)
Class org.jetbrains.kotlin.descriptors.Visibilities$Local                             : loaded 2 times (x 81B)
Class com.google.common.collect.ImmutableMapKeySet                                    : loaded 2 times (x 154B)
Class org.objectweb.asm.SymbolTable                                                   : loaded 2 times (x 74B)
Class com.google.common.collect.ImmutableSet$RegularSetBuilderImpl                    : loaded 2 times (x 78B)
Class com.google.common.cache.CacheLoader$InvalidCacheLoadException                   : loaded 2 times (x 84B)
Class org.jetbrains.kotlin.fir.analysis.checkers.declaration.FirLocalExtensionPropertyChecker: loaded 2 times (x 79B)
Class org.jetbrains.kotlin.fir.analysis.checkers.declaration.FirSuspendLimitationsChecker: loaded 2 times (x 79B)
Class org.jetbrains.kotlin.fir.deserialization.AbstractAnnotationDeserializer         : loaded 2 times (x 89B)
Class org.jetbrains.kotlin.fir.caches.FirLazyValue                                    : loaded 2 times (x 74B)
Class org.jetbrains.kotlin.cli.jvm.index.JvmDependenciesIndexImpl$ClassSearchResult$Found: loaded 2 times (x 74B)
Class org.jetbrains.kotlin.cli.jvm.index.JvmDependenciesIndexImpl$WhenMappings        : loaded 2 times (x 73B)
Class org.jetbrains.kotlin.fir.java.FirJvmDefaultModeComponent                        : loaded 2 times (x 74B)
Class org.jetbrains.kotlin.resolve.checkers.CheckerContext                            : loaded 2 times (x 72B)
Class [Lorg.jetbrains.kotlin.psi.KtContractEffect;                                    : loaded 2 times (x 71B)
Class org.jetbrains.kotlin.psi.KtNamed                                                : loaded 2 times (x 72B)
Class org.jetbrains.kotlin.fir.types.impl.FirImplicitUShortTypeRef                    : loaded 2 times (x 109B)
Class org.jetbrains.kotlin.fir.types.FirTypeRef                                       : loaded 2 times (x 104B)
Class org.jetbrains.kotlin.KtPsiSourceFile                                            : loaded 2 times (x 79B)
Class org.jetbrains.kotlin.metadata.jvm.JvmModuleProtoBuf$PackagePartsOrBuilder       : loaded 2 times (x 72B)
Class [Lorg.jetbrains.kotlin.it.unimi.dsi.fastutil.objects.m;                         : loaded 2 times (x 71B)
Class org.jetbrains.kotlin.load.java.structure.JavaClassifier                         : loaded 2 times (x 72B)
Class org.jetbrains.kotlin.com.intellij.psi.TypeAnnotationProvider                    : loaded 2 times (x 72B)
Class org.jetbrains.kotlin.com.intellij.openapi.vfs.VirtualFileWithAssignedFileType   : loaded 2 times (x 72B)
Class org.jetbrains.kotlin.com.intellij.psi.impl.PsiManagerEx                         : loaded 2 times (x 124B)
Class [Lcom.google.common.collect.ImmutableMapEntry;                                  : loaded 2 times (x 71B)
Class org.jetbrains.kotlin.load.kotlin.VirtualFileFinder                              : loaded 2 times (x 92B)
Class org.jetbrains.kotlin.metadata.jvm.JvmProtoBuf$StringTableTypesOrBuilder         : loaded 2 times (x 72B)
Class [Lorg.jetbrains.kotlin.com.intellij.openapi.util.ModificationTracker;           : loaded 2 times (x 71B)
Class org.jetbrains.kotlin.fir.session.FirSharableJavaComponents                      : loaded 2 times (x 74B)
Class org.jetbrains.kotlin.com.intellij.util.pico.DefaultPicoContainer$LinkedHashSetWrapper: loaded 2 times (x 74B)
Class org.jetbrains.kotlin.com.intellij.util.messages.impl.RootBus                    : loaded 2 times (x 103B)
Class org.jetbrains.kotlin.cli.jvm.config.JvmClasspathRootBase                        : loaded 2 times (x 72B)
Class org.jetbrains.kotlin.backend.jvm.JvmLoweringPhasesKt$jvmLoweringPhases$2        : loaded 2 times (x 127B)
Class org.jetbrains.kotlin.backend.jvm.lower.InterfaceObjectCallsLowering             : loaded 2 times (x 346B)
Class org.jetbrains.kotlin.backend.jvm.lower.FragmentLocalFunctionPatchLowering       : loaded 2 times (x 355B)
Class org.jetbrains.kotlin.backend.jvm.JvmLoweringPhasesKt$jvmFilePhases$43           : loaded 2 times (x 127B)
Class org.jetbrains.kotlin.backend.common.lower.LocalClassPopupLowering               : loaded 2 times (x 89B)
Class kotlin.reflect.jvm.internal.KProperty1Impl                                      : loaded 2 times (x 130B)
Class org.jetbrains.kotlin.it.unimi.dsi.fastutil.ints.IntCollection                   : loaded 2 times (x 72B)
Class org.jetbrains.kotlin.cli.pipeline.PerformanceNotifications$TranslationToIrStarted: loaded 2 times (x 79B)
Class org.jetbrains.kotlin.config.phaser.ActionState                                  : loaded 2 times (x 74B)
Class org.jetbrains.kotlin.com.google.common.collect.LinkedHashMultimap$ValueEntry    : loaded 2 times (x 90B)
Class org.jetbrains.kotlin.protobuf.Utf8                                              : loaded 2 times (x 73B)
Class kotlin.reflect.jvm.internal.KClassImpl$Data$sealedSubclasses$2                  : loaded 2 times (x 81B)
Class org.jetbrains.kotlin.fir.FirPureAbstractElement                                 : loaded 2 times (x 89B)
Class org.jetbrains.kotlin.fir.extensions.FirExtensionService$Companion               : loaded 2 times (x 75B)
Class org.jetbrains.kotlin.fir.types.impl.FirResolvedTypeRefImpl                      : loaded 2 times (x 108B)
Class org.jetbrains.kotlin.fir.builder.FirBuilderDslKt                                : loaded 2 times (x 73B)
Class kotlin.reflect.jvm.internal.KClassImpl$Data$objectInstance$2                    : loaded 2 times (x 81B)
Class org.jetbrains.kotlin.progress.CompilationCanceledException                      : loaded 2 times (x 84B)
Class [Lorg.jetbrains.kotlin.metadata.ProtoBuf$Effect$EffectType;                     : loaded 2 times (x 71B)
Class kotlin.text.MatcherMatchResult$groups$1                                         : loaded 2 times (x 153B)
Class org.jetbrains.org.objectweb.asm.Frame                                           : loaded 2 times (x 75B)
Class com.google.common.cache.LocalCache$StrongEntry                                  : loaded 2 times (x 110B)
Class com.google.common.util.concurrent.AbstractFuture$TrustedFuture                  : loaded 2 times (x 116B)
Class com.google.common.cache.LoadingCache                                            : loaded 2 times (x 72B)
Class org.jetbrains.kotlin.fir.FirPlatformSpecificCastChecker$Default                 : loaded 2 times (x 74B)
Class org.jetbrains.kotlin.fir.analysis.checkers.declaration.FirNonMemberFunctionsChecker: loaded 2 times (x 79B)
Class org.jetbrains.kotlin.fir.resolve.providers.impl.FirProviderImpl                 : loaded 2 times (x 88B)
Class [Lorg.jetbrains.kotlin.config.AnnotationDefaultTargetMode;                      : loaded 2 times (x 71B)
Class org.jetbrains.kotlin.fir.java.enhancement.JavaCompilerRequiredAnnotationEnhancementProvider: loaded 2 times (x 74B)
Class org.jetbrains.kotlin.psi.KtThrowExpression                                      : loaded 2 times (x 440B)
Class org.jetbrains.kotlin.psi.KtImportDirective                                      : loaded 2 times (x 461B)
Class [Lorg.jetbrains.kotlin.psi.KtModifierListOwnerStub;                             : loaded 2 times (x 71B)
Class org.jetbrains.kotlin.resolve.checkers.RequireKotlinAnnotationValueChecker       : loaded 2 times (x 79B)
Class org.jetbrains.kotlin.container.DslKt                                            : loaded 2 times (x 73B)
Class org.jetbrains.kotlin.fir.analysis.FirDefaultOverridesBackwardCompatibilityHelper: loaded 2 times (x 76B)
Class org.jetbrains.kotlin.types.model.DynamicTypeMarker                              : loaded 2 times (x 72B)
Class org.jetbrains.kotlin.resolve.calls.inference.components.ConstraintIncorporator  : loaded 2 times (x 74B)
Class org.jetbrains.kotlin.com.intellij.psi.PsiClassOwner                             : loaded 2 times (x 72B)
Class org.jetbrains.kotlin.backend.common.extensions.IrGenerationExtension$Companion  : loaded 2 times (x 74B)
Class org.jetbrains.kotlin.com.intellij.codeInsight.InferredAnnotationsManager        : loaded 2 times (x 76B)
Class [Lorg.jetbrains.kotlin.com.intellij.lang.jvm.types.JvmType;                     : loaded 2 times (x 71B)
Class org.jetbrains.kotlin.com.intellij.ide.plugins.KotlinK2ModeCompatibilityCheckerKt: loaded 2 times (x 73B)
Class org.jetbrains.kotlin.fir.scopes.FirDefaultImportProviderHolder                  : loaded 2 times (x 74B)
Class org.jetbrains.kotlin.com.intellij.ide.plugins.DescriptorListLoadingContext$1    : loaded 2 times (x 80B)
Class org.jetbrains.kotlin.com.intellij.util.messages.impl.SimpleMessageBusConnectionImpl: loaded 2 times (x 83B)
Class org.jetbrains.kotlin.com.intellij.psi.stubs.UpToDateStubIndexMismatch           : loaded 2 times (x 89B)
Class org.jetbrains.kotlin.com.intellij.model.psi.PsiExternalReferenceHost            : loaded 2 times (x 72B)
Class org.jetbrains.kotlin.com.intellij.openapi.vfs.VirtualFileManager                : loaded 2 times (x 84B)
Class [Lorg.jetbrains.kotlin.com.intellij.util.messages.impl.BusState;                : loaded 2 times (x 71B)
Class org.jetbrains.kotlin.com.intellij.util.messages.impl.MessageBusImpl             : loaded 2 times (x 99B)
Class org.jetbrains.kotlin.com.intellij.openapi.fileTypes.UnknownFileType             : loaded 2 times (x 82B)
Class org.jetbrains.kotlin.com.intellij.openapi.vfs.impl.jar.CoreJarFileSystem        : loaded 2 times (x 103B)
Class org.jetbrains.kotlin.com.intellij.util.containers.LockFreeCopyOnWriteArrayList  : loaded 2 times (x 201B)
Class org.jetbrains.kotlin.it.unimi.dsi.fastutil.objects.r                            : loaded 2 times (x 145B)
Class org.jetbrains.kotlin.backend.jvm.JvmLoweringPhasesKt$jvmLoweringPhases$3        : loaded 2 times (x 127B)
Class org.jetbrains.kotlin.backend.jvm.JvmLoweringPhasesKt$jvmFilePhases$44           : loaded 2 times (x 127B)
Class org.jetbrains.kotlin.ir.inline.InlineCallableReferenceToLambdaPhase             : loaded 2 times (x 261B)
Class org.jetbrains.kotlin.com.intellij.util.containers.RefHashMap                    : loaded 2 times (x 129B)
Class org.jetbrains.kotlin.com.intellij.psi.tree.IReparseableElementTypeBase          : loaded 2 times (x 72B)
Class org.jetbrains.kotlin.psi.KtEnumEntry                                            : loaded 2 times (x 1105B)
Class org.jetbrains.kotlin.psi.KtDynamicType                                          : loaded 2 times (x 508B)
Class org.jetbrains.kotlin.load.kotlin.FileBasedKotlinClass$InnerClassesInfo          : loaded 2 times (x 76B)
Class com.google.common.io.ByteStreams$LimitedInputStream                             : loaded 2 times (x 94B)
Class com.google.common.base.Suppliers$NonSerializableMemoizingSupplier               : loaded 2 times (x 81B)
Class org.objectweb.asm.MethodWriter                                                  : loaded 2 times (x 107B)
Class [Lcom.google.common.cache.Weigher;                                              : loaded 2 times (x 71B)
Class com.google.common.collect.RegularImmutableMap$BucketOverflowException           : loaded 2 times (x 84B)
Class org.jetbrains.kotlin.resolve.calls.checkers.EnumEntriesUnsupportedChecker       : loaded 2 times (x 76B)
Class org.jetbrains.kotlin.fir.analysis.checkers.declaration.FirEnumCompanionInEnumConstructorCallChecker: loaded 2 times (x 79B)
Class org.jetbrains.kotlin.fir.analysis.checkers.config.ComposedLanguageVersionSettingsCheckers: loaded 2 times (x 75B)
Class org.jetbrains.kotlin.fir.resolve.providers.impl.FirQualifierResolverImpl        : loaded 2 times (x 76B)
Class org.jetbrains.kotlin.fir.java.deserialization.OptionalAnnotationClassesProvider : loaded 2 times (x 90B)
Class org.jetbrains.kotlin.utils.PathUtil                                             : loaded 2 times (x 73B)
Class org.jetbrains.kotlin.container.CacheKt                                          : loaded 2 times (x 73B)
Class org.jetbrains.kotlin.resolve.calls.checkers.EnumEntryVsCompanionPriorityCallChecker: loaded 2 times (x 76B)
Class org.jetbrains.kotlin.psi.stubs.KotlinPlaceHolderWithTextStub                    : loaded 2 times (x 72B)
Class org.jetbrains.kotlin.fir.scopes.impl.FirDeclaredMemberScopeProvider             : loaded 2 times (x 74B)
Class org.jetbrains.kotlin.serialization.deserialization.MetadataPartProvider         : loaded 2 times (x 72B)
Class org.jetbrains.kotlin.cli.common.GroupedKtSources                                : loaded 2 times (x 74B)
Class org.jetbrains.kotlin.cli.jvm.compiler.JavaLanguageLevelKt$EntriesMappings       : loaded 2 times (x 73B)
Class org.jetbrains.kotlin.fir.extensions.FirStatusTransformerExtension               : loaded 2 times (x 88B)
Class org.jetbrains.kotlin.backend.common.lower.SingleAbstractMethodLowering          : loaded 2 times (x 365B)
Class org.jetbrains.kotlin.resolve.extensions.ExtraImportsProviderExtension           : loaded 2 times (x 72B)
Class org.jetbrains.kotlin.com.intellij.psi.impl.source.DummyHolderFactory$DefaultFactory: loaded 2 times (x 89B)
Class org.jetbrains.kotlin.com.intellij.util.containers.ConcurrentWeakValueHashMap    : loaded 2 times (x 151B)
Class org.jetbrains.kotlin.com.intellij.psi.scope.processor.FilterScopeProcessor      : loaded 2 times (x 84B)
Class org.jetbrains.kotlin.com.intellij.lang.jvm.types.JvmReferenceType               : loaded 2 times (x 72B)
Class org.jetbrains.kotlin.com.intellij.psi.search.GlobalSearchScope$LazyFilesScope   : loaded 2 times (x 107B)
Class org.jetbrains.kotlin.com.intellij.psi.impl.PsiDocumentManagerBase$3             : loaded 2 times (x 86B)
Class org.jetbrains.kotlin.com.intellij.psi.impl.smartPointers.SmartPointerManagerImpl: loaded 2 times (x 83B)
Class org.jetbrains.kotlin.com.intellij.openapi.util.LowMemoryWatcher$LowMemoryWatcherType: loaded 2 times (x 81B)
Class org.jetbrains.kotlin.com.intellij.psi.impl.JavaClassSupersImpl                  : loaded 2 times (x 75B)
Class [Lorg.jetbrains.kotlin.com.fasterxml.aalto.in.PName;                            : loaded 2 times (x 71B)
Class [Lorg.jetbrains.kotlin.config.JvmAbiStability;                                  : loaded 2 times (x 71B)
Class org.jetbrains.kotlin.com.intellij.psi.impl.compiled.ClsCustomNavigationPolicy   : loaded 2 times (x 72B)
Class org.jetbrains.kotlin.com.intellij.openapi.util.NotNullLazyValue$1               : loaded 2 times (x 79B)
Class org.jetbrains.kotlin.com.intellij.psi.presentation.java.MethodPresentationProvider: loaded 2 times (x 76B)
Class org.jetbrains.kotlin.fir.declarations.FirDeclarationAttributes                  : loaded 2 times (x 84B)
Class [Lorg.jetbrains.kotlin.com.intellij.lang.Language;                              : loaded 2 times (x 71B)
Class org.jetbrains.kotlin.com.intellij.openapi.application.impl.ApplicationInfoImpl  : loaded 2 times (x 76B)
Class org.jetbrains.kotlin.com.intellij.openapi.vfs.impl.jar.CoreJarHandler           : loaded 2 times (x 86B)
Class org.jetbrains.kotlin.backend.jvm.JvmLoweringPhasesKt$jvmLoweringPhases$4        : loaded 2 times (x 127B)
Class org.jetbrains.kotlin.backend.jvm.lower.ObjectClassLowering                      : loaded 2 times (x 86B)
Class org.jetbrains.kotlin.backend.jvm.JvmLoweringPhasesKt$jvmFilePhases$45           : loaded 2 times (x 127B)
Class org.jetbrains.kotlin.fir.declarations.FirResolvedToPhaseState$Companion         : loaded 2 times (x 73B)
Class org.jetbrains.kotlin.com.intellij.openapi.util.ObjectNode$ListNodeChildren      : loaded 2 times (x 80B)
Class org.jetbrains.kotlin.com.intellij.reference.SoftReference                       : loaded 2 times (x 85B)
Class org.jetbrains.kotlin.cli.pipeline.PipelineArtifact                              : loaded 2 times (x 73B)
Class org.gradle.internal.classloader.FilteringClassLoader                            : loaded 2 times (x 106B)
Class org.jetbrains.kotlin.cli.pipeline.ConfigurationPipelineArtifact                 : loaded 2 times (x 74B)
Class com.google.common.collect.RegularImmutableMap$KeySet                            : loaded 2 times (x 154B)
Class kotlin.sequences.SequenceBuilderIterator                                        : loaded 2 times (x 87B)
Class com.google.common.collect.AbstractMapBasedMultimap$RandomAccessWrappedList      : loaded 2 times (x 207B)
Class org.jetbrains.kotlin.fir.analysis.checkers.declaration.FirConstructorAllowedChecker: loaded 2 times (x 79B)
Class org.jetbrains.kotlin.fir.analysis.checkers.declaration.FirOuterClassArgumentsRequiredChecker: loaded 2 times (x 79B)
Class org.jetbrains.kotlin.fir.analysis.checkers.declaration.FirMultipleDefaultsInheritedFromSupertypesChecker: loaded 2 times (x 80B)
Class [Lorg.jetbrains.kotlin.fir.analysis.checkers.MppCheckerKind;                    : loaded 2 times (x 71B)
Class org.jetbrains.kotlin.cli.common.SessionConstructionUtils$prepareSessions$sessionConfigurator$1: loaded 2 times (x 77B)
Class org.jetbrains.kotlin.fir.resolve.providers.FirCachedSymbolNamesProvider         : loaded 2 times (x 90B)
Class org.jetbrains.kotlin.fir.resolve.substitution.AbstractConeSubstitutor$Companion : loaded 2 times (x 73B)
Class org.jetbrains.kotlin.fir.java.enhancement.FirAnnotationTypeQualifierResolver    : loaded 2 times (x 79B)
Class org.jetbrains.kotlin.psi.KtLambdaArgument                                       : loaded 2 times (x 473B)
Class [Lorg.jetbrains.kotlin.psi.KtExpression;                                        : loaded 2 times (x 71B)
Class org.jetbrains.kotlin.KtNodeType                                                 : loaded 2 times (x 78B)
Class org.jetbrains.kotlin.resolve.AnnotationsKt                                      : loaded 2 times (x 73B)
Class org.jetbrains.kotlin.fir.types.CompilerConeAttributes                           : loaded 2 times (x 73B)
Class org.jetbrains.kotlin.fir.types.ConeTypeConstructorMarker                        : loaded 2 times (x 72B)
Class org.jetbrains.kotlin.load.kotlin.PackageAndMetadataPartProvider                 : loaded 2 times (x 72B)
Class org.jetbrains.kotlin.resolve.jvm.KotlinJavaPsiFacade$1                          : loaded 2 times (x 80B)
Class org.jetbrains.kotlin.fir.extensions.FirDeclarationGenerationExtension           : loaded 2 times (x 87B)
Class [Lorg.jetbrains.kotlin.com.intellij.psi.search.GlobalSearchScope;               : loaded 2 times (x 71B)
Class org.jetbrains.kotlin.com.intellij.psi.util.CachedValuesManager                  : loaded 2 times (x 84B)
Class org.jetbrains.kotlin.com.fasterxml.aalto.in.ByteSourceBootstrapper              : loaded 2 times (x 86B)
Class org.jetbrains.kotlin.com.intellij.ide.plugins.ReadModuleContext                 : loaded 2 times (x 72B)
Class org.jetbrains.kotlin.com.intellij.openapi.util.NotNullLazyValue$2               : loaded 2 times (x 79B)
Class org.jetbrains.kotlin.com.intellij.psi.PsiQualifiedNamedElement                  : loaded 2 times (x 72B)
Class org.jetbrains.kotlin.com.intellij.openapi.fileTypes.LanguageFileType            : loaded 2 times (x 92B)
Class org.jetbrains.kotlin.com.intellij.diagnostic.PluginException                    : loaded 2 times (x 87B)
Class org.jetbrains.kotlin.com.intellij.psi.impl.source.CharTableImpl                 : loaded 2 times (x 78B)
Class org.jetbrains.kotlin.com.intellij.util.Java11Shim                               : loaded 2 times (x 82B)
Class [Lorg.jetbrains.kotlin.com.intellij.openapi.extensions.ExtensionPoint$Kind;     : loaded 2 times (x 71B)
Class org.jetbrains.kotlin.com.intellij.util.pico.DefaultPicoContainer$InstanceComponentAdapter: loaded 2 times (x 79B)
Class org.jetbrains.kotlin.com.intellij.util.messages.impl.CompositeMessageBusKt      : loaded 2 times (x 73B)
Class org.jetbrains.kotlin.ir.declarations.IrModuleFragment                           : loaded 2 times (x 100B)
Class org.jetbrains.kotlin.backend.jvm.JvmLoweringPhasesKt$jvmLoweringPhases$5        : loaded 2 times (x 127B)
Class org.jetbrains.kotlin.backend.jvm.JvmLoweringPhasesKt$jvmFilePhases$46           : loaded 2 times (x 127B)
Class org.jetbrains.kotlin.cli.jvm.plugins.PluginCliParser                            : loaded 2 times (x 73B)
Class org.jetbrains.kotlin.storage.LockBasedStorageManager                            : loaded 2 times (x 110B)
Class [Lorg.jetbrains.kotlin.config.ExplicitApiMode;                                  : loaded 2 times (x 71B)
Class org.jetbrains.kotlin.it.unimi.dsi.fastutil.ints.AbstractInt2ObjectMap           : loaded 2 times (x 190B)
Class org.jetbrains.kotlin.config.phaser.BeforeOrAfter                                : loaded 2 times (x 81B)
Class org.jetbrains.kotlin.diagnostics.impl.BaseDiagnosticsCollector$RawReporter      : loaded 2 times (x 72B)
Class com.google.common.base.Equivalence$Identity                                     : loaded 2 times (x 84B)
Class com.google.common.base.PairwiseEquivalence                                      : loaded 2 times (x 85B)
Class org.jetbrains.kotlin.metadata.jvm.JvmProtoBuf$1                                 : loaded 2 times (x 73B)
Class org.jetbrains.kotlin.metadata.ProtoBuf$VersionRequirement                       : loaded 2 times (x 118B)
Class com.google.common.reflect.Types$JavaVersion$1                                   : loaded 2 times (x 85B)
Class com.google.common.collect.AbstractIterator$State                                : loaded 2 times (x 81B)
Class com.google.common.collect.RegularImmutableBiMap                                 : loaded 2 times (x 150B)
Class com.google.common.cache.LocalCache$ValueReference                               : loaded 2 times (x 72B)
Class com.google.common.base.CharMatcher$Negated                                      : loaded 2 times (x 115B)
Class com.google.common.base.CharMatcher$Is                                           : loaded 2 times (x 113B)
Class org.jetbrains.kotlin.fir.analysis.checkers.declaration.FirPropertyInitializationChecker: loaded 2 times (x 79B)
Class org.jetbrains.kotlin.fir.analysis.checkers.declaration.FirExplicitBackingFieldsUnsupportedChecker: loaded 2 times (x 79B)
Class org.jetbrains.kotlin.fir.analysis.checkers.declaration.FirNameConflictsTracker  : loaded 2 times (x 75B)
Class org.jetbrains.kotlin.fir.resolve.FirQualifierResolver                           : loaded 2 times (x 75B)
Class org.jetbrains.kotlin.fir.deserialization.MetadataBasedAnnotationDeserializer    : loaded 2 times (x 89B)
Class org.jetbrains.kotlin.builtins.functions.FunctionTypeKindKt                      : loaded 2 times (x 73B)
Class org.jetbrains.kotlin.types.model.TypeSubstitutorMarker                          : loaded 2 times (x 72B)
Class org.jetbrains.kotlin.psi.KtWhenCondition                                        : loaded 2 times (x 378B)
Class org.jetbrains.kotlin.psi.KtPostfixExpression                                    : loaded 2 times (x 504B)
Class org.jetbrains.kotlin.psi.KtStringTemplateEntryWithExpression                    : loaded 2 times (x 447B)
Class org.jetbrains.kotlin.psi.stubs.impl.KotlinTypeBean                              : loaded 2 times (x 72B)
Class [Lorg.jetbrains.kotlin.psi.KtDeclarationContainer;                              : loaded 2 times (x 71B)
Class org.jetbrains.kotlin.resolve.checkers.CyclicAnnotationsChecker                  : loaded 2 times (x 76B)
Class org.jetbrains.kotlin.com.google.common.collect.AbstractMultimap$Entries         : loaded 2 times (x 122B)
Class org.jetbrains.kotlin.fir.types.ConeClassifierLookupTag                          : loaded 2 times (x 76B)
Class org.jetbrains.kotlin.cli.common.localfs.KotlinLocalVirtualFile                  : loaded 2 times (x 156B)
Class org.jetbrains.kotlin.resolve.jvm.KotlinJavaPsiFacade$2                          : loaded 2 times (x 79B)
Class org.jetbrains.kotlin.com.intellij.openapi.util.io.FileUtilRt                    : loaded 2 times (x 73B)
Class org.jetbrains.kotlin.com.intellij.psi.impl.PsiConstantEvaluationHelperImpl      : loaded 2 times (x 76B)
Class org.jetbrains.kotlin.asJava.classes.KtUltraLightSupport                         : loaded 2 times (x 72B)
Class org.jetbrains.kotlin.com.intellij.openapi.util.RecursionGuard$StackStamp        : loaded 2 times (x 72B)
Class [Lorg.jetbrains.kotlin.com.intellij.psi.PsiAnnotationOwner;                     : loaded 2 times (x 71B)
Class org.jetbrains.kotlin.com.intellij.psi.TypeAnnotationProvider$Static             : loaded 2 times (x 77B)
Class org.jetbrains.kotlin.com.intellij.lang.java.parser.BasicJavaParserUtil$ParserWrapper: loaded 2 times (x 72B)
Class org.jetbrains.kotlin.com.intellij.openapi.project.DumbService                   : loaded 2 times (x 79B)
Class org.jetbrains.kotlin.com.intellij.psi.util.JavaClassSupers                      : loaded 2 times (x 75B)
Class org.jetbrains.kotlin.com.intellij.psi.PsiClass                                  : loaded 2 times (x 72B)
Class org.jetbrains.kotlin.com.intellij.psi.JavaDirectoryService                      : loaded 2 times (x 87B)
Class org.jetbrains.kotlin.com.intellij.psi.impl.source.javadoc.PsiDocTagValueImpl    : loaded 2 times (x 450B)
Class org.jetbrains.kotlin.com.intellij.psi.impl.source.tree.PsiPlainTextImpl         : loaded 2 times (x 362B)
Class [Lorg.jetbrains.kotlin.com.intellij.openapi.util.UserDataHolderEx;              : loaded 2 times (x 71B)
Class org.jetbrains.kotlin.com.intellij.platform.diagnostic.telemetry.TelemetryManagerKt: loaded 2 times (x 73B)
Class org.jetbrains.kotlin.com.intellij.util.messages.impl.MessageBusEx               : loaded 2 times (x 72B)
Class org.jetbrains.kotlin.com.intellij.openapi.util.registry.EarlyAccessRegistryManagerKt$lazyMap$1: loaded 2 times (x 80B)
Class kotlin.text.MatcherMatchResult                                                  : loaded 2 times (x 82B)
Class org.jetbrains.kotlin.backend.common.lower.InitializersCleanupLowering           : loaded 2 times (x 90B)
Class org.jetbrains.kotlin.backend.jvm.JvmLoweringPhasesKt$jvmFilePhases$47           : loaded 2 times (x 127B)
Class org.jetbrains.kotlin.backend.jvm.JvmLoweringPhasesKt$jvmFilePhases$10           : loaded 2 times (x 127B)
Class kotlin.text.MatchGroupCollection                                                : loaded 2 times (x 72B)
Class org.jetbrains.kotlin.config.JvmAnalysisFlags$Delegates$JvmDefaultModeNullByDefault: loaded 2 times (x 73B)
Class org.jetbrains.kotlin.backend.common.phaser.CompositePhase                       : loaded 2 times (x 78B)
Class [Lkotlin.reflect.jvm.internal.impl.builtins.functions.FunctionClassKind;        : loaded 2 times (x 71B)
Class org.jetbrains.kotlin.com.intellij.openapi.vfs.VirtualFileListener               : loaded 2 times (x 72B)
Class org.jetbrains.kotlin.platform.TargetPlatformKt                                  : loaded 2 times (x 73B)
Class org.jetbrains.kotlin.platform.SimplePlatform                                    : loaded 2 times (x 77B)
Class org.jetbrains.kotlin.progress.CompilationCanceledStatus                         : loaded 2 times (x 72B)
Class org.jetbrains.kotlin.com.intellij.openapi.progress.impl.ProgressManagerScopeKt  : loaded 2 times (x 73B)
Class org.jetbrains.kotlin.cli.common.CLICompiler$Companion                           : loaded 2 times (x 73B)
Class org.jetbrains.kotlin.com.intellij.openapi.fileTypes.PlainTextFileType           : loaded 2 times (x 92B)
Class org.jetbrains.kotlin.descriptors.SourceElement$1                                : loaded 2 times (x 76B)
Class org.jetbrains.kotlin.kotlinx.collections.immutable.implementations.immutableMap.PersistentHashMap: loaded 2 times (x 158B)
Class org.jetbrains.org.objectweb.asm.Opcodes                                         : loaded 2 times (x 72B)
Class [Lorg.jetbrains.org.objectweb.asm.AnnotationVisitor;                            : loaded 2 times (x 71B)
Class com.google.common.reflect.Types$JavaVersion$2                                   : loaded 2 times (x 85B)
Class com.google.common.reflect.Types                                                 : loaded 2 times (x 73B)
Class com.google.common.base.PatternCompiler                                          : loaded 2 times (x 72B)
Class com.google.common.util.concurrent.AbstractFuture$Failure                        : loaded 2 times (x 74B)
Class com.google.common.base.Equivalence$Equals                                       : loaded 2 times (x 84B)
Class com.google.common.collect.Hashing                                               : loaded 2 times (x 73B)
Class com.google.common.base.Preconditions                                            : loaded 2 times (x 73B)
Class org.jetbrains.kotlin.fir.analysis.checkers.declaration.FirImplementationMismatchChecker$Regular: loaded 2 times (x 80B)
Class org.jetbrains.kotlin.fir.analysis.checkers.declaration.FirImplicitNothingReturnTypeChecker: loaded 2 times (x 79B)
Class [Lorg.jetbrains.kotlin.fir.analysis.checkers.type.FirTypeChecker;               : loaded 2 times (x 71B)
Class org.jetbrains.kotlin.load.java.JavaClassFinderImplKt                            : loaded 2 times (x 73B)
Class org.jetbrains.kotlin.fir.deserialization.AbstractFirDeserializedSymbolProvider  : loaded 2 times (x 90B)
Class org.jetbrains.kotlin.fir.declarations.FirResolveStateKt                         : loaded 2 times (x 73B)
Class [Lorg.jetbrains.kotlin.descriptors.Modality;                                    : loaded 2 times (x 71B)
Class org.jetbrains.kotlin.fir.extensions.FirExtension$Factory                        : loaded 2 times (x 72B)
Class org.jetbrains.kotlin.fir.extensions.FirExtensionRegistrar$ExtensionRegistrarContext: loaded 2 times (x 74B)
Class org.jetbrains.kotlin.psi.KtThisExpression                                       : loaded 2 times (x 440B)
Class org.jetbrains.kotlin.com.intellij.psi.impl.source.SubstrateRef                  : loaded 2 times (x 78B)
Class org.jetbrains.kotlin.psi.stubs.elements.KtConstantExpressionElementType         : loaded 2 times (x 102B)
Class org.jetbrains.kotlin.resolve.checkers.ExplicitApiDeclarationChecker$Companion   : loaded 2 times (x 73B)
Class org.jetbrains.kotlin.resolve.checkers.DelegationChecker                         : loaded 2 times (x 76B)
Class [Lorg.jetbrains.kotlin.types.model.KotlinTypeMarker;                            : loaded 2 times (x 71B)
Class org.jetbrains.kotlin.com.intellij.openapi.util.ObjectNode                       : loaded 2 times (x 74B)
Class org.jetbrains.kotlin.com.intellij.ide.plugins.PluginDescriptorLoader            : loaded 2 times (x 73B)
Class org.jetbrains.kotlin.com.intellij.openapi.util.NotNullLazyValue$4               : loaded 2 times (x 79B)
Class org.jetbrains.kotlin.com.intellij.openapi.util.NotNullLazyValue                 : loaded 2 times (x 79B)
Class org.jetbrains.kotlin.com.intellij.psi.compiled.ClassFileDecompilers$Full        : loaded 2 times (x 79B)
Class org.jetbrains.kotlin.com.intellij.psi.impl.source.tree.java.PsiFragmentImpl     : loaded 2 times (x 610B)
Class org.jetbrains.kotlin.com.intellij.psi.impl.source.tree.OwnBufferLeafPsiElement  : loaded 2 times (x 307B)
Class org.jetbrains.kotlin.com.intellij.lang.MetaLanguage                             : loaded 2 times (x 111B)
Class org.jetbrains.kotlin.com.intellij.codeInsight.highlighting.PassRunningAssert    : loaded 2 times (x 74B)
Class org.jetbrains.kotlin.com.intellij.openapi.util.registry.RegistryValueListener   : loaded 2 times (x 72B)
Class org.jetbrains.kotlin.backend.jvm.JvmLoweringPhasesKt$jvmLoweringPhases$7        : loaded 2 times (x 82B)
Class org.jetbrains.kotlin.backend.jvm.lower.AddContinuationLowering                  : loaded 2 times (x 82B)
Class org.jetbrains.kotlin.backend.jvm.JvmLoweringPhasesKt$jvmFilePhases$48           : loaded 2 times (x 127B)
Class org.jetbrains.kotlin.backend.jvm.JvmLoweringPhasesKt$jvmFilePhases$11           : loaded 2 times (x 127B)
Class org.jetbrains.kotlin.cli.common.arguments.JavaTypeEnhancementStateParser        : loaded 2 times (x 74B)
Class kotlin.reflect.jvm.internal.KProperty0Impl                                      : loaded 2 times (x 130B)
Class org.jetbrains.kotlin.config.ReturnValueCheckerMode                              : loaded 2 times (x 81B)
Class org.jetbrains.kotlin.backend.jvm.lower.JvmInventNamesForLocalClasses            : loaded 2 times (x 87B)
Class org.jetbrains.kotlin.backend.common.lower.SharedVariablesLowering               : loaded 2 times (x 87B)
Class org.jetbrains.kotlin.metadata.ProtoBuf$Expression$1                             : loaded 2 times (x 146B)
Class com.google.common.collect.ImmutableSetMultimap                                  : loaded 2 times (x 182B)
Class com.google.common.io.CharSink                                                   : loaded 2 times (x 81B)
Class com.google.common.reflect.Types$JavaVersion$3                                   : loaded 2 times (x 85B)
Class com.google.common.base.Joiner$1                                                 : loaded 2 times (x 83B)
Class org.objectweb.asm.Label                                                         : loaded 2 times (x 75B)
Class org.objectweb.asm.CurrentFrame                                                  : loaded 2 times (x 75B)
Class org.objectweb.asm.ClassTooLargeException                                        : loaded 2 times (x 84B)
Class com.google.common.collect.PeekingIterator                                       : loaded 2 times (x 72B)
Class com.google.common.base.CharMatcher                                              : loaded 2 times (x 113B)
Class org.jetbrains.kotlin.fir.analysis.checkers.declaration.FirEnumClassSimpleChecker: loaded 2 times (x 79B)
Class org.jetbrains.kotlin.fir.FirModuleVisibilityChecker$Standard                    : loaded 2 times (x 75B)
Class org.jetbrains.kotlin.fir.java.deserialization.OptionalAnnotationClassesProvider$Companion: loaded 2 times (x 73B)
Class org.jetbrains.kotlin.fir.declarations.FirResolvePhase                           : loaded 2 times (x 81B)
Class org.jetbrains.kotlin.fir.resolve.providers.impl.FirBuiltinSyntheticFunctionInterfaceProvider: loaded 2 times (x 87B)
Class org.jetbrains.kotlin.cli.jvm.compiler.KotlinCoreProjectEnvironment              : loaded 2 times (x 91B)
Class org.jetbrains.kotlin.com.intellij.util.containers.ConcurrentWeakKeySoftValueHashMap$WeakKey: loaded 2 times (x 90B)
Class org.jetbrains.kotlin.com.intellij.util.containers.ConcurrentWeakKeySoftValueHashMap$SoftValue: loaded 2 times (x 90B)
Class org.jetbrains.kotlin.resolve.calls.checkers.ReifiedTypeParameterSubstitutionChecker: loaded 2 times (x 77B)
Class org.jetbrains.kotlin.com.intellij.psi.tree.IElementType$TombstoneElementType    : loaded 2 times (x 77B)
Class org.jetbrains.kotlin.psi.KtLabelReferenceExpression                             : loaded 2 times (x 571B)
Class [Lorg.jetbrains.kotlin.psi.KtStatementExpression;                               : loaded 2 times (x 71B)
Class org.jetbrains.kotlin.psi.stubs.KotlinStubWithFqName                             : loaded 2 times (x 72B)
Class org.jetbrains.kotlin.fir.types.ConeDynamicType$Companion                        : loaded 2 times (x 73B)
Class org.jetbrains.kotlin.metadata.jvm.deserialization.ModuleMappingKt               : loaded 2 times (x 73B)
Class org.jetbrains.kotlin.io.vavr.Function1                                          : loaded 2 times (x 72B)
Class [Lorg.jetbrains.kotlin.com.intellij.lang.jvm.JvmElement;                        : loaded 2 times (x 71B)
Class org.jetbrains.kotlin.com.intellij.core.CorePsiDocumentManager                   : loaded 2 times (x 135B)
Class org.jetbrains.kotlin.com.intellij.psi.PsiElementFinder                          : loaded 2 times (x 89B)
Class org.jetbrains.kotlin.load.kotlin.KotlinBinaryClassCache$cache$1                 : loaded 2 times (x 84B)
Class org.jetbrains.kotlin.com.fasterxml.aalto.in.AttributeCollector                  : loaded 2 times (x 74B)
Class org.jetbrains.kotlin.org.codehaus.stax2.XMLStreamLocation2                      : loaded 2 times (x 72B)
Class org.jetbrains.kotlin.org.codehaus.stax2.ri.typed.ValueDecoderFactory$BooleanDecoder: loaded 2 times (x 83B)
Class org.jetbrains.kotlin.com.intellij.psi.PsiField                                  : loaded 2 times (x 72B)
Class org.jetbrains.kotlin.com.intellij.psi.impl.PsiSubstitutorFactoryImpl            : loaded 2 times (x 76B)
Class org.jetbrains.kotlin.com.intellij.psi.javadoc.PsiSnippetAttributeValue          : loaded 2 times (x 72B)
Class org.jetbrains.kotlin.com.intellij.psi.impl.source.tree.LazyParseableElement     : loaded 2 times (x 226B)
Class org.jetbrains.kotlin.com.intellij.core.CoreEncodingRegistry                     : loaded 2 times (x 76B)
Class org.jetbrains.kotlin.com.intellij.util.keyFMap.KeyFMap                          : loaded 2 times (x 72B)
Class org.jetbrains.kotlin.cli.jvm.compiler.EnvironmentConfigFiles                    : loaded 2 times (x 81B)
Class org.jetbrains.kotlin.backend.jvm.JvmLoweringPhasesKt$jvmLoweringPhases$8        : loaded 2 times (x 127B)
Class org.jetbrains.kotlin.backend.jvm.lower.RenameFieldsLowering                     : loaded 2 times (x 86B)
Class org.jetbrains.kotlin.backend.jvm.JvmLoweringPhasesKt$jvmFilePhases$49           : loaded 2 times (x 127B)
Class org.jetbrains.kotlin.backend.jvm.lower.StaticCallableReferenceLowering          : loaded 2 times (x 346B)
Class org.jetbrains.kotlin.backend.jvm.JvmLoweringPhasesKt$jvmFilePhases$12           : loaded 2 times (x 127B)
Class org.jetbrains.kotlin.cli.common.messages.MessageCollector$Companion$NONE$1      : loaded 2 times (x 78B)
Class org.jetbrains.kotlin.it.unimi.dsi.fastutil.objects.ReferenceSet                 : loaded 2 times (x 72B)
Class org.jetbrains.kotlin.backend.common.lower.KotlinNothingValueExceptionLowering   : loaded 2 times (x 88B)
Class org.jetbrains.kotlin.config.MavenComparableVersion$Item                         : loaded 2 times (x 72B)
Class org.jetbrains.kotlin.backend.jvm.JvmLoweringPhasesKt$jvmLoweringPhases$14       : loaded 2 times (x 127B)
Class org.jetbrains.kotlin.com.intellij.psi.PsiInvalidElementAccessException          : loaded 2 times (x 87B)
Class org.jetbrains.kotlin.metadata.ProtoBuf$ExpressionOrBuilder                      : loaded 2 times (x 72B)
Class org.jetbrains.org.objectweb.asm.RecordComponentWriter                           : loaded 2 times (x 79B)
Class kotlinx.coroutines.flow.SharedFlow                                              : loaded 2 times (x 72B)
Class com.google.common.reflect.Types$JavaVersion$4                                   : loaded 2 times (x 85B)
Class com.google.common.collect.Maps$IteratorBasedAbstractMap                         : loaded 2 times (x 127B)
Class com.google.common.collect.Table                                                 : loaded 2 times (x 72B)
Class com.google.common.base.Joiner$2                                                 : loaded 2 times (x 82B)
Class org.objectweb.asm.Frame                                                         : loaded 2 times (x 75B)
Class org.objectweb.asm.MethodVisitor                                                 : loaded 2 times (x 107B)
Class com.google.common.cache.LocalCache$EntryFactory$1                               : loaded 2 times (x 85B)
Class [Lcom.google.common.cache.RemovalListener;                                      : loaded 2 times (x 71B)
Class com.google.common.base.CharMatcher$1                                            : loaded 2 times (x 115B)
Class com.google.common.base.CharMatcher$NamedFastMatcher                             : loaded 2 times (x 114B)
Class org.jetbrains.kotlin.util.NullableArrayMapAccessor                              : loaded 2 times (x 76B)
Class org.jetbrains.kotlin.fir.analysis.checkers.type.TypeCheckers                    : loaded 2 times (x 78B)
Class org.jetbrains.kotlin.fir.declarations.impl.FirRegularClassImpl                  : loaded 2 times (x 176B)
Class org.jetbrains.kotlin.name.JvmStandardClassIds$Java                              : loaded 2 times (x 73B)
Class org.jetbrains.kotlin.container.ConstructorInfo                                  : loaded 2 times (x 74B)
Class org.jetbrains.kotlin.resolve.calls.checkers.UnderscoreUsageChecker              : loaded 2 times (x 76B)
Class org.jetbrains.kotlin.descriptors.ConstructorDescriptor                          : loaded 2 times (x 72B)
Class org.jetbrains.kotlin.com.intellij.psi.codeStyle.SuggestedNameInfo               : loaded 2 times (x 75B)
Class [Lorg.jetbrains.kotlin.psi.KtSimpleNameStringTemplateEntry;                     : loaded 2 times (x 71B)
Class org.jetbrains.kotlin.com.intellij.psi.tree.IReparseableElementType              : loaded 2 times (x 96B)
Class org.jetbrains.kotlin.load.java.structure.impl.classFiles.BinaryClassSignatureParser$ClsFormatException: loaded 2 times (x 84B)
Class org.jetbrains.kotlin.com.intellij.openapi.util.KeyedExtensionCollector$MyExtensionPointListener: loaded 2 times (x 81B)
Class org.jetbrains.kotlin.com.intellij.psi.impl.file.PsiPackageBase                  : loaded 2 times (x 422B)
Class org.jetbrains.kotlin.com.intellij.psi.impl.source.tree.TreeElementVisitor       : loaded 2 times (x 75B)
Class org.jetbrains.kotlin.org.codehaus.stax2.ri.typed.ValueDecoderFactory$IntDecoder : loaded 2 times (x 83B)
Class org.jetbrains.kotlin.asJava.finder.JavaElementFinder                            : loaded 2 times (x 90B)
Class org.jetbrains.kotlin.com.intellij.psi.PsiNameIdentifierOwner                    : loaded 2 times (x 72B)
Class org.jetbrains.kotlin.com.intellij.openapi.extensions.SortingException           : loaded 2 times (x 84B)
Class org.jetbrains.kotlin.com.intellij.lexer.EmptyLexer                              : loaded 2 times (x 86B)
Class [Lorg.jetbrains.kotlin.com.intellij.openapi.util.UserDataHolder;                : loaded 2 times (x 71B)
Class org.jetbrains.kotlin.com.intellij.util.ConcurrentLongObjectHashMap$TreeBin      : loaded 2 times (x 79B)
Class org.jetbrains.kotlin.com.intellij.util.messages.impl.MessageBusConnectionImpl   : loaded 2 times (x 89B)
Class org.jetbrains.kotlin.com.intellij.psi.FileTypeFileViewProviders                 : loaded 2 times (x 92B)
Class org.jetbrains.kotlin.backend.jvm.JvmLoweringPhasesKt$jvmLoweringPhases$9        : loaded 2 times (x 127B)
Class org.jetbrains.kotlin.backend.jvm.ir.IrInlineReferenceLocator                    : loaded 2 times (x 165B)
Class org.jetbrains.kotlin.backend.jvm.JvmLoweringPhasesKt$jvmFilePhases$13           : loaded 2 times (x 127B)
Class org.jetbrains.kotlin.backend.common.ClassLoweringPass                           : loaded 2 times (x 72B)
Class org.jetbrains.kotlin.load.java.JavaNullabilityAnnotationsStatus$Companion       : loaded 2 times (x 73B)
Class org.jetbrains.kotlin.cli.common.CreatePhaseConfigKt                             : loaded 2 times (x 73B)
Class org.jetbrains.kotlin.com.intellij.openapi.util.registry.Registry$1              : loaded 2 times (x 79B)
Class org.jetbrains.kotlin.com.intellij.util.containers.FastUtilHashingStrategies     : loaded 2 times (x 73B)
Class org.jetbrains.kotlin.cli.common.extensions.ShellExtension                       : loaded 2 times (x 72B)
Class org.jetbrains.kotlin.metadata.jvm.JvmProtoBuf$JvmPropertySignature$1            : loaded 2 times (x 146B)
Class com.google.common.reflect.Types$JavaVersion$5                                   : loaded 2 times (x 73B)
Class [Lcom.google.common.reflect.Types$ClassOwnership;                               : loaded 2 times (x 71B)
Class com.google.common.cache.LocalCache$EntryFactory$2                               : loaded 2 times (x 85B)
Class org.jetbrains.kotlin.fir.analysis.checkers.declaration.FirAnnotationClassDeclarationChecker: loaded 2 times (x 79B)
Class org.jetbrains.kotlin.fir.analysis.checkers.LanguageVersionSettingsCheckers      : loaded 2 times (x 75B)
Class org.jetbrains.kotlin.fir.resolve.providers.impl.FirLibrarySessionProvider       : loaded 2 times (x 88B)
Class org.jetbrains.kotlin.fir.resolve.providers.FirSymbolNamesProviderWithoutCallables: loaded 2 times (x 84B)
Class org.jetbrains.kotlin.fir.resolve.FirJavaSyntheticNamesProvider                  : loaded 2 times (x 76B)
Class org.jetbrains.kotlin.resolve.checkers.DeclarationCheckerContext                 : loaded 2 times (x 80B)
Class org.jetbrains.kotlin.resolve.lazy.AbsentDescriptorHandler                       : loaded 2 times (x 72B)
Class [Lorg.jetbrains.kotlin.psi.KtClassLikeDeclaration;                              : loaded 2 times (x 71B)
Class org.jetbrains.kotlin.resolve.calls.checkers.SynchronizedByValueChecker          : loaded 2 times (x 76B)
Class org.jetbrains.kotlin.fir.types.ConeKotlinType                                   : loaded 2 times (x 77B)
Class org.jetbrains.kotlin.cli.jvm.compiler.PsiBasedProjectFileSearchScope            : loaded 2 times (x 80B)
Class org.jetbrains.kotlin.fir.session.environment.AbstractProjectEnvironment         : loaded 2 times (x 72B)
Class org.jetbrains.kotlin.io.vavr.collection.Foldable                                : loaded 2 times (x 72B)
Class [Lorg.jetbrains.kotlin.com.intellij.lang.jvm.JvmPackage;                        : loaded 2 times (x 71B)
Class org.jetbrains.kotlin.codegen.extensions.ClassFileFactoryFinalizerExtension      : loaded 2 times (x 72B)
Class org.jetbrains.kotlin.com.intellij.util.containers.SoftKeySoftValueHashMap$ValueReference: loaded 2 times (x 83B)
Class org.jetbrains.kotlin.com.intellij.openapi.util.RecursionManager$CalculationStack: loaded 2 times (x 74B)
Class org.jetbrains.kotlin.com.intellij.psi.PsiAnnotationOwner                        : loaded 2 times (x 72B)
Class org.jetbrains.kotlin.com.fasterxml.aalto.in.ReaderScanner                       : loaded 2 times (x 125B)
Class org.jetbrains.kotlin.com.fasterxml.aalto.in.ByteBasedScanner                    : loaded 2 times (x 128B)
Class org.jetbrains.kotlin.com.intellij.psi.PsiJvmModifiersOwner                      : loaded 2 times (x 72B)
Class org.jetbrains.kotlin.com.intellij.util.messages.impl.ToDirectChildrenMessagePublisher: loaded 2 times (x 78B)
Class org.jetbrains.kotlin.com.intellij.openapi.command.impl.CoreCommandProcessor$1   : loaded 2 times (x 82B)
Class org.jetbrains.kotlin.com.intellij.psi.stubs.ManyProjectsStubIndexMismatch       : loaded 2 times (x 89B)
Class org.jetbrains.kotlin.com.intellij.psi.PsiReferenceProviderBean                  : loaded 2 times (x 88B)
Class org.jetbrains.kotlin.com.intellij.psi.impl.source.resolve.reference.ReferenceProvidersRegistry: loaded 2 times (x 76B)
Class org.jetbrains.kotlin.com.intellij.psi.impl.ReparseableASTNode                   : loaded 2 times (x 72B)
Class org.jetbrains.kotlin.com.intellij.openapi.application.ModalityState             : loaded 2 times (x 74B)
Class org.jetbrains.kotlin.org.picocontainer.MutablePicoContainer                     : loaded 2 times (x 72B)
Class org.jetbrains.kotlin.com.intellij.lang.Language                                 : loaded 2 times (x 109B)
Class org.jetbrains.kotlin.backend.jvm.lower.AnonymousObjectSuperConstructorLowering  : loaded 2 times (x 355B)
Class org.jetbrains.kotlin.backend.jvm.JvmLoweringPhasesKt$jvmFilePhases$14           : loaded 2 times (x 127B)
Class org.jetbrains.kotlin.load.java.ReportLevel                                      : loaded 2 times (x 81B)
Class org.jetbrains.kotlin.com.intellij.ide.plugins.PathResolver                      : loaded 2 times (x 72B)
Class kotlin.reflect.jvm.internal.KClassImpl$Data$allStaticMembers$2                  : loaded 2 times (x 81B)
Class org.jetbrains.kotlin.com.fasterxml.aalto.in.ByteBasedPNameTable$Bucket          : loaded 2 times (x 74B)
Class org.jetbrains.kotlin.com.fasterxml.aalto.in.ByteBasedPNameFactory               : loaded 2 times (x 73B)
Class org.jetbrains.kotlin.resolve.jvm.modules.JavaModule                             : loaded 2 times (x 72B)
Class org.objectweb.asm.ModuleWriter                                                  : loaded 2 times (x 83B)
Class com.google.common.cache.LocalCache$EntryFactory$3                               : loaded 2 times (x 85B)
Class com.google.common.base.Ticker$1                                                 : loaded 2 times (x 74B)
Class com.google.common.collect.Maps$BiMapConverter                                   : loaded 2 times (x 92B)
Class com.google.common.collect.ImmutableMapEntrySet$RegularEntrySet                  : loaded 2 times (x 154B)
Class [Lorg.jetbrains.kotlin.fir.declarations.FirDeclarationOrigin;                   : loaded 2 times (x 71B)
Class org.jetbrains.kotlin.fir.expressions.FirQualifiedAccessExpression               : loaded 2 times (x 156B)
Class org.jetbrains.kotlin.fir.analysis.checkers.declaration.FirRequiresOptInOnExpectChecker: loaded 2 times (x 79B)
Class org.jetbrains.kotlin.fir.declarations.FirSimpleFunction                         : loaded 2 times (x 221B)
Class org.jetbrains.kotlin.fir.extensions.FirFunctionTypeKindExtension$Companion      : loaded 2 times (x 73B)
Class org.jetbrains.kotlin.fir.java.enhancement.EnhancedForWarningConeSubstitutor     : loaded 2 times (x 78B)
Class [Lorg.jetbrains.kotlin.resolve.checkers.ClassifierUsageChecker;                 : loaded 2 times (x 71B)
Class org.jetbrains.kotlin.resolve.calls.checkers.SelfCallInNestedObjectConstructorChecker: loaded 2 times (x 76B)
Class [Lorg.jetbrains.kotlin.com.intellij.psi.PsiLanguageInjectionHost;               : loaded 2 times (x 71B)
Class org.jetbrains.kotlin.psi.KtDoubleColonExpression                                : loaded 2 times (x 72B)
Class [Lorg.jetbrains.kotlin.psi.KtFunctionType;                                      : loaded 2 times (x 71B)
Class org.jetbrains.kotlin.psi.stubs.KotlinBackingFieldStub                           : loaded 2 times (x 72B)
Class org.jetbrains.kotlin.psi.stubs.elements.KtPropertyAccessorElementType           : loaded 2 times (x 105B)
Class org.jetbrains.kotlin.container.ComponentRegistry                                : loaded 2 times (x 74B)
Class org.jetbrains.kotlin.fir.scopes.impl.FirDynamicMembersStorage$special$$inlined$createCache$1: loaded 2 times (x 77B)
Class org.jetbrains.kotlin.fir.types.impl.FirImplicitNullableNothingTypeRef           : loaded 2 times (x 109B)
Class org.jetbrains.kotlin.types.model.AnnotationMarker                               : loaded 2 times (x 72B)
Class org.jetbrains.kotlin.fir.caches.FirCache                                        : loaded 2 times (x 75B)
Class org.jetbrains.kotlin.cli.jvm.compiler.JavaLanguageLevelKt                       : loaded 2 times (x 73B)
Class org.jetbrains.kotlin.resolve.diagnostics.DiagnosticSuppressor                   : loaded 2 times (x 72B)
Class org.jetbrains.kotlin.com.intellij.psi.util.CachedValue                          : loaded 2 times (x 72B)
Class org.jetbrains.kotlin.com.fasterxml.aalto.in.ElementScope                        : loaded 2 times (x 74B)
Class org.jetbrains.kotlin.com.intellij.ide.plugins.PluginDescriptorLoader$loadForCoreEnv$1: loaded 2 times (x 97B)
Class org.jetbrains.kotlin.com.intellij.openapi.components.Service                    : loaded 2 times (x 72B)
Class org.jetbrains.kotlin.com.intellij.psi.impl.source.tree.JavaASTFactory           : loaded 2 times (x 77B)
Class org.jetbrains.kotlin.it.unimi.dsi.fastutil.doubles.Double2ObjectFunction        : loaded 2 times (x 72B)
Class org.jetbrains.kotlin.com.intellij.psi.impl.source.resolve.reference.TrackingReferenceRegistrar: loaded 2 times (x 82B)
Class org.jetbrains.kotlin.com.intellij.psi.impl.source.tree.TreeElement              : loaded 2 times (x 196B)
Class org.jetbrains.kotlin.com.intellij.openapi.extensions.impl.ExtensionsAreaImpl    : loaded 2 times (x 84B)
Class org.jetbrains.kotlin.com.intellij.util.messages.impl.BusState                   : loaded 2 times (x 81B)
Class org.jetbrains.kotlin.com.intellij.util.messages.MessageBus                      : loaded 2 times (x 72B)
Class org.jetbrains.kotlin.backend.jvm.lower.GenerateJvmDefaultCompatibilityBridges   : loaded 2 times (x 87B)
Class org.jetbrains.kotlin.backend.jvm.JvmLoweringPhasesKt$jvmFilePhases$15           : loaded 2 times (x 127B)
Class org.jetbrains.kotlin.com.intellij.psi.impl.file.PsiDirectoryFactory             : loaded 2 times (x 78B)
Class org.jetbrains.kotlin.storage.LockBasedStorageManager$NotValue                   : loaded 2 times (x 81B)
Class org.jetbrains.kotlin.diagnostics.impl.PendingDiagnosticsCollectorWithSuppress   : loaded 2 times (x 80B)
Class org.jetbrains.kotlin.com.google.common.collect.Maps$BiMapConverter              : loaded 2 times (x 92B)
Class org.jetbrains.kotlin.it.unimi.dsi.fastutil.objects.z                            : loaded 2 times (x 101B)
Class org.jetbrains.kotlin.it.unimi.dsi.fastutil.objects.Reference2ObjectMap          : loaded 2 times (x 72B)
Class org.jetbrains.kotlin.it.unimi.dsi.fastutil.objects.Reference2ObjectFunction     : loaded 2 times (x 72B)
Class org.jetbrains.kotlin.cli.common.PropertiesKt                                    : loaded 2 times (x 73B)
Class org.jetbrains.kotlin.util.PerformanceManagerImpl                                : loaded 2 times (x 76B)
Class org.jetbrains.kotlin.cli.jvm.modules.CliJavaModuleResolver                      : loaded 2 times (x 80B)
Class [Lorg.jetbrains.kotlin.metadata.ProtoBuf$Expression$ConstantValue;              : loaded 2 times (x 71B)
Class org.jetbrains.kotlin.metadata.ProtoBuf$Effect                                   : loaded 2 times (x 115B)
Class org.jetbrains.org.objectweb.asm.RecordComponentVisitor                          : loaded 2 times (x 79B)
Class com.google.common.collect.SetMultimap                                           : loaded 2 times (x 72B)
Class com.google.common.collect.ImmutableSet$Builder                                  : loaded 2 times (x 87B)
Class com.google.common.cache.LocalCache$EntryFactory$4                               : loaded 2 times (x 85B)
Class com.google.common.base.CharMatcher$InRange                                      : loaded 2 times (x 113B)
Class org.jetbrains.kotlin.fir.analysis.checkers.declaration.FirContextualPropertyWithBackingFieldChecker: loaded 2 times (x 79B)
Class org.jetbrains.kotlin.fir.expressions.FirBlock                                   : loaded 2 times (x 123B)
Class org.jetbrains.kotlin.fir.analysis.checkers.declaration.FirModifierChecker       : loaded 2 times (x 79B)
Class org.jetbrains.kotlin.com.fasterxml.aalto.WFCException                           : loaded 2 times (x 87B)
Class org.jetbrains.kotlin.fir.resolve.providers.impl.FirCloneableSymbolProvider      : loaded 2 times (x 83B)
Class org.jetbrains.kotlin.fir.deserialization.LibraryPathFilter                      : loaded 2 times (x 74B)
Class org.jetbrains.kotlin.builtins.functions.FunctionTypeKind$KFunction              : loaded 2 times (x 79B)
Class org.jetbrains.kotlin.resolve.calls.checkers.UnitConversionCallChecker           : loaded 2 times (x 76B)
Class org.jetbrains.kotlin.psi.stubs.elements.KtAnnotationEntryElementType            : loaded 2 times (x 106B)
Class org.jetbrains.kotlin.container.ComponentStorageState                            : loaded 2 times (x 81B)
Class org.jetbrains.kotlin.fir.scopes.impl.FirDynamicMembersStorage$special$$inlined$createCache$2: loaded 2 times (x 77B)
Class org.jetbrains.kotlin.fir.types.ConeTypeProjection                               : loaded 2 times (x 74B)
Class org.jetbrains.kotlin.fir.types.impl.FirImplicitBuiltinTypeRef                   : loaded 2 times (x 109B)
Class org.jetbrains.kotlin.resolve.JvmCompilerDeserializationConfiguration$1          : loaded 2 times (x 127B)
Class [Lorg.jetbrains.kotlin.com.intellij.lang.jvm.JvmAnnotation;                     : loaded 2 times (x 71B)
Class org.jetbrains.kotlin.cli.jvm.compiler.jarfs.FastJarVirtualFile                  : loaded 2 times (x 156B)
Class org.jetbrains.kotlin.com.intellij.openapi.util.Couple                           : loaded 2 times (x 74B)
Class org.jetbrains.kotlin.cli.jvm.compiler.ClasspathRootsResolver                    : loaded 2 times (x 74B)
Class org.jetbrains.kotlin.resolve.extensions.SyntheticResolveExtension$Companion     : loaded 2 times (x 74B)
Class org.jetbrains.kotlin.com.intellij.psi.JavaElementVisitor                        : loaded 2 times (x 206B)
Class org.jetbrains.kotlin.com.intellij.core.CoreLanguageLevelProjectExtension        : loaded 2 times (x 76B)
Class org.jetbrains.kotlin.com.intellij.psi.impl.source.PsiImmediateClassType         : loaded 2 times (x 121B)
Class org.jetbrains.kotlin.com.intellij.psi.PsiClassType$Stub                         : loaded 2 times (x 121B)
Class org.jetbrains.kotlin.com.intellij.psi.search.GlobalSearchScope$FilesScope       : loaded 2 times (x 107B)
Class org.jetbrains.kotlin.com.intellij.psi.PsiFileFactory                            : loaded 2 times (x 84B)
Class org.jetbrains.kotlin.com.intellij.psi.impl.PsiToDocumentSynchronizer            : loaded 2 times (x 86B)
Class org.jetbrains.kotlin.kotlinx.collections.immutable.implementations.immutableMap.PersistentHashMap$Companion: loaded 2 times (x 73B)
Class org.jetbrains.kotlin.resolve.calls.inference.components.PostponedArgumentInputTypesResolver: loaded 2 times (x 74B)
Class org.jetbrains.kotlin.com.intellij.psi.PsiSubstitutorFactory                     : loaded 2 times (x 76B)
Class org.jetbrains.kotlin.com.intellij.openapi.extensions.LoadingOrder$Orderable     : loaded 2 times (x 72B)
Class org.jetbrains.kotlin.kotlinx.collections.immutable.implementations.immutableSet.PersistentHashSet: loaded 2 times (x 206B)
Class [Lorg.jetbrains.kotlin.com.intellij.util.containers.ConcurrentLongObjectMap$LongEntry;: loaded 2 times (x 71B)
Class org.jetbrains.kotlin.com.intellij.util.ConcurrentLongObjectHashMap$Node         : loaded 2 times (x 79B)
Class org.jetbrains.kotlin.com.intellij.pom.Navigatable                               : loaded 2 times (x 72B)
Class org.jetbrains.kotlin.com.intellij.openapi.vfs.impl.VirtualFileManagerImpl$LoggingListener: loaded 2 times (x 95B)
Class org.jetbrains.kotlin.com.intellij.util.keyFMap.DebugFMap                        : loaded 2 times (x 82B)
Class org.jetbrains.kotlin.cli.jvm.compiler.legacy.pipeline.JvmCompilerPipelineKt     : loaded 2 times (x 73B)
Class org.jetbrains.kotlin.backend.jvm.lower.JvmExpectDeclarationRemover              : loaded 2 times (x 352B)
Class org.jetbrains.kotlin.backend.jvm.lower.JvmMultiFieldValueClassLowering          : loaded 2 times (x 369B)
Class org.jetbrains.kotlin.backend.jvm.JvmLoweringPhasesKt$jvmFilePhases$16           : loaded 2 times (x 127B)
Class org.jetbrains.kotlin.com.intellij.core.CoreJavaFileManager                      : loaded 2 times (x 88B)
Class org.jetbrains.kotlin.utils.WrappedValues$WrappedProcessCanceledException        : loaded 2 times (x 84B)
Class org.jetbrains.kotlin.config.AnalysisFlag$Delegates$WarningLevelMap              : loaded 2 times (x 73B)
Class org.jetbrains.kotlin.cli.pipeline.PipelinePhaseKt                               : loaded 2 times (x 73B)
Class org.jetbrains.kotlin.com.google.common.collect.ImmutableEnumMap                 : loaded 2 times (x 128B)
Class kotlin.reflect.jvm.internal.impl.builtins.functions.FunctionClassKind           : loaded 2 times (x 81B)
Class kotlin.reflect.jvm.internal.KCallableImpl$_parameters$1                         : loaded 2 times (x 81B)
Class org.jetbrains.kotlin.progress.ProgressIndicatorAndCompilationCanceledStatus     : loaded 2 times (x 73B)
Class kotlin.concurrent.LocksKt                                                       : loaded 2 times (x 73B)
Class org.jetbrains.org.objectweb.asm.MethodTooLargeException                         : loaded 2 times (x 84B)
Class com.google.common.io.ByteStreams$1                                              : loaded 2 times (x 87B)
Class com.google.common.cache.LocalCache$EntryFactory$5                               : loaded 2 times (x 85B)
Class org.jetbrains.kotlin.fir.analysis.checkers.declaration.FirOptionalExpectationDeclarationChecker: loaded 2 times (x 79B)
Class org.jetbrains.kotlin.fir.scopes.FirOverrideCheckerKt                            : loaded 2 times (x 73B)
Class org.jetbrains.kotlin.container.ClassTraversalCache                              : loaded 2 times (x 73B)
Class org.jetbrains.kotlin.psi.stubs.KotlinPlaceHolderStub                            : loaded 2 times (x 72B)
Class org.jetbrains.kotlin.psi.stubs.KotlinCallableStubBase                           : loaded 2 times (x 72B)
Class org.jetbrains.kotlin.resolve.checkers.ExpectActualClassifiersAreInBetaChecker   : loaded 2 times (x 76B)
Class org.jetbrains.kotlin.container.ComponentContainer                               : loaded 2 times (x 72B)
Class org.jetbrains.kotlin.fir.scopes.impl.FirDynamicMembersStorage$special$$inlined$createCache$3: loaded 2 times (x 77B)
Class org.jetbrains.kotlin.fir.analysis.checkers.FirPrimaryConstructorSuperTypeCheckerPlatformComponent: loaded 2 times (x 74B)
Class org.jetbrains.kotlin.load.java.structure.JavaAnnotationOwner                    : loaded 2 times (x 72B)
Class org.jetbrains.kotlin.util.ArrayMapImpl$Companion                                : loaded 2 times (x 73B)
Class org.jetbrains.kotlin.types.KotlinType                                           : loaded 2 times (x 85B)
Class org.jetbrains.kotlin.com.intellij.openapi.vfs.VfsUtilCore                       : loaded 2 times (x 73B)
Class org.jetbrains.kotlin.com.intellij.openapi.util.io.FileUtil$1                    : loaded 2 times (x 79B)
Class org.jetbrains.kotlin.com.intellij.openapi.util.io.FileUtilRt$SymlinkResolver    : loaded 2 times (x 72B)
Class org.jetbrains.kotlin.fir.extensions.FirAnalysisHandlerExtension$Companion       : loaded 2 times (x 74B)
Class org.jetbrains.kotlin.resolve.extensions.AssignResolutionAltererExtension$Companion: loaded 2 times (x 74B)
Class org.jetbrains.kotlin.com.intellij.psi.impl.source.JavaDummyHolderFactory        : loaded 2 times (x 89B)
Class org.jetbrains.kotlin.com.intellij.util.containers.HashSetInterner               : loaded 2 times (x 77B)
Class org.jetbrains.kotlin.com.intellij.psi.impl.GeneratedMarkerVisitor               : loaded 2 times (x 79B)
Class org.jetbrains.kotlin.com.intellij.openapi.vfs.VirtualFileFilter$1               : loaded 2 times (x 77B)
Class org.jetbrains.kotlin.com.fasterxml.aalto.in.PName1                              : loaded 2 times (x 81B)
Class org.jetbrains.kotlin.com.fasterxml.aalto.UncheckedStreamException               : loaded 2 times (x 84B)
Class org.jetbrains.kotlin.com.intellij.platform.diagnostic.telemetry.TelemetryManager$Companion: loaded 2 times (x 73B)
Class org.jetbrains.kotlin.kotlinx.collections.immutable.implementations.immutableList.UtilsKt: loaded 2 times (x 73B)
Class org.jetbrains.kotlin.cli.jvm.compiler.CliCompilerUtilsKt                        : loaded 2 times (x 73B)
Class org.jetbrains.kotlin.backend.jvm.lower.ApiVersionIsAtLeastEvaluationLowering    : loaded 2 times (x 258B)
Class org.jetbrains.kotlin.backend.jvm.lower.ReplaceNumberToCharCallSitesLowering     : loaded 2 times (x 346B)
Class org.jetbrains.kotlin.backend.jvm.JvmLoweringPhasesKt$jvmFilePhases$17           : loaded 2 times (x 127B)
Class org.jetbrains.kotlin.config.JVMAssertionsMode$Companion                         : loaded 2 times (x 73B)
Class kotlin.reflect.jvm.internal.KClassImpl$Data$simpleName$2                        : loaded 2 times (x 81B)
Class [Lorg.jetbrains.kotlin.com.intellij.lang.jvm.JvmModifiersOwner;                 : loaded 2 times (x 71B)
Class org.jetbrains.kotlin.resolve.jvm.modules.JavaModuleInfo$Exports                 : loaded 2 times (x 74B)
Class kotlin.jvm.internal.ByteCompanionObject                                         : loaded 2 times (x 73B)
Class org.jetbrains.kotlin.metadata.ProtoBuf$1                                        : loaded 2 times (x 73B)
Class org.jetbrains.org.objectweb.asm.CurrentFrame                                    : loaded 2 times (x 75B)
Class org.jetbrains.kotlin.resolve.checkers.SealedInheritorInSameModuleChecker        : loaded 2 times (x 76B)
Class com.google.common.cache.LocalCache$EntryFactory$6                               : loaded 2 times (x 85B)
Class org.gradle.internal.installation.CurrentGradleInstallationLocator               : loaded 2 times (x 73B)
Class org.jetbrains.kotlin.fir.analysis.checkers.declaration.FirOptInAnnotationClassChecker: loaded 2 times (x 79B)
Class org.jetbrains.kotlin.fir.analysis.checkers.declaration.FirContextParametersDeclarationChecker: loaded 2 times (x 79B)
Class org.jetbrains.kotlin.com.intellij.psi.impl.source.SubstrateRef$StubRef          : loaded 2 times (x 79B)
Class org.jetbrains.kotlin.fir.analysis.checkers.FirIdentityLessPlatformDeterminer$Default: loaded 2 times (x 74B)
Class org.jetbrains.kotlin.resolve.BindingTrace                                       : loaded 2 times (x 72B)
Class [Lorg.jetbrains.kotlin.psi.KtCollectionLiteralExpression;                       : loaded 2 times (x 71B)
Class [Lorg.jetbrains.kotlin.psi.KtValueArgumentName;                                 : loaded 2 times (x 71B)
Class [Lorg.jetbrains.kotlin.psi.KtIntersectionType;                                  : loaded 2 times (x 71B)
Class org.jetbrains.kotlin.psi.stubs.KotlinAnnotationUseSiteTargetStub                : loaded 2 times (x 72B)
Class org.jetbrains.kotlin.psi.stubs.elements.KtModifierListElementType               : loaded 2 times (x 105B)
Class org.jetbrains.kotlin.psi.stubs.elements.KtParameterElementType                  : loaded 2 times (x 106B)
Class org.jetbrains.kotlin.resolve.checkers.TrailingCommaDeclarationChecker           : loaded 2 times (x 76B)
Class org.jetbrains.kotlin.metadata.builtins.BuiltInsProtoBuf                         : loaded 2 times (x 73B)
Class org.jetbrains.kotlin.util.AttributeArrayOwner                                   : loaded 2 times (x 84B)
Class org.jetbrains.kotlin.cli.jvm.index.JvmDependenciesDynamicCompoundIndex          : loaded 2 times (x 79B)
Class [Lorg.jetbrains.kotlin.cli.jvm.modules.CoreJrtVirtualFile;                      : loaded 2 times (x 71B)
Class org.jetbrains.kotlin.com.intellij.psi.impl.IsConstantExpressionVisitor          : loaded 2 times (x 207B)
Class org.jetbrains.kotlin.cli.jvm.compiler.KotlinCliJavaFileManagerImpl$Companion    : loaded 2 times (x 73B)
Class org.jetbrains.kotlin.com.intellij.psi.PsiPolyVariantReference                   : loaded 2 times (x 72B)
Class org.jetbrains.kotlin.com.intellij.psi.impl.PsiElementFactoryImpl                : loaded 2 times (x 261B)
Class org.jetbrains.kotlin.com.intellij.util.LocalTimeCounter                         : loaded 2 times (x 73B)
Class org.jetbrains.kotlin.com.intellij.openapi.vfs.VirtualFileFilter$2               : loaded 2 times (x 77B)
Class org.jetbrains.kotlin.com.fasterxml.aalto.in.PName2                              : loaded 2 times (x 81B)
Class [Lorg.jetbrains.kotlin.psi.KtAnonymousInitializer;                              : loaded 2 times (x 71B)
Class [Lorg.jetbrains.kotlin.psi.KtUserType;                                          : loaded 2 times (x 71B)
Class org.jetbrains.kotlin.com.intellij.psi.PsiTypeParameterListOwner                 : loaded 2 times (x 72B)
Class org.jetbrains.kotlin.com.intellij.psi.PsiLiteralValue                           : loaded 2 times (x 72B)
Class org.jetbrains.kotlin.com.intellij.lexer.DummyLexer                              : loaded 2 times (x 86B)
Class org.jetbrains.kotlin.com.intellij.util.containers.Stack                         : loaded 2 times (x 215B)
Class org.jetbrains.kotlin.com.intellij.openapi.editor.impl.event.DocumentEventImpl   : loaded 2 times (x 87B)
Class org.jetbrains.kotlin.com.intellij.util.keyFMap.EmptyFMap                        : loaded 2 times (x 81B)
Class org.jetbrains.kotlin.backend.jvm.lower.JvmInlineCallableReferenceToLambdaWithDefaultsPhase: loaded 2 times (x 263B)
Class org.jetbrains.kotlin.backend.jvm.lower.SerializeIrPhase                         : loaded 2 times (x 82B)
Class org.jetbrains.kotlin.backend.jvm.JvmLoweringPhasesKt$jvmFilePhases$18           : loaded 2 times (x 127B)
Class org.jetbrains.kotlin.compiler.plugin.PluginCliOptionProcessingException         : loaded 2 times (x 84B)
Class org.jetbrains.kotlin.com.google.common.collect.Platform                         : loaded 2 times (x 73B)
Class org.jetbrains.kotlin.com.google.common.collect.AbstractMapBasedMultimap$WrappedCollection: loaded 2 times (x 126B)
Class org.jetbrains.kotlin.cli.common.messages.GroupingMessageCollector               : loaded 2 times (x 83B)
Class org.jetbrains.kotlin.cli.pipeline.jvm.JvmCliPipeline                            : loaded 2 times (x 78B)
Class [Lorg.jetbrains.kotlin.psi.ValueArgument;                                       : loaded 2 times (x 71B)
Class org.jetbrains.kotlin.psi.KtScriptInitializer                                    : loaded 2 times (x 718B)
Class org.jetbrains.kotlin.metadata.ProtoBuf$VersionRequirement$Level$1               : loaded 2 times (x 76B)
Class kotlin.coroutines.jvm.internal.SpillingKt                                       : loaded 2 times (x 73B)
Class com.google.common.collect.Maps$KeySet                                           : loaded 2 times (x 139B)
Class com.google.common.collect.ImmutableSet$EmptySetBuilderImpl                      : loaded 2 times (x 78B)
Class com.google.common.cache.LocalCache$EntryFactory$7                               : loaded 2 times (x 85B)
Class org.gradle.internal.service.DefaultServiceLocator                               : loaded 2 times (x 85B)
Class org.jetbrains.kotlin.descriptors.DeclarationDescriptorNonRoot                   : loaded 2 times (x 72B)
Class org.jetbrains.kotlin.fir.analysis.checkers.declaration.FirFunInterfaceDeclarationChecker$ForExpectClass: loaded 2 times (x 80B)
Class org.jetbrains.kotlin.fir.analysis.checkers.declaration.FirAnyDeprecationChecker : loaded 2 times (x 79B)
Class org.jetbrains.kotlin.fir.FirNameConflictsTrackerComponent                       : loaded 2 times (x 74B)
Class org.jetbrains.kotlin.fir.analysis.checkers.type.TypeCheckers$Companion$EMPTY$1  : loaded 2 times (x 78B)
Class org.jetbrains.kotlin.fir.resolve.providers.impl.FirCachingCompositeSymbolProvider: loaded 2 times (x 83B)
Class org.jetbrains.kotlin.fir.declarations.FirCallableDeclaration                    : loaded 2 times (x 141B)
Class org.jetbrains.kotlin.resolve.checkers.DeprecatedClassifierUsageChecker          : loaded 2 times (x 76B)
Class [Lorg.jetbrains.kotlin.psi.KtNameReferenceExpression;                           : loaded 2 times (x 71B)
Class org.jetbrains.kotlin.psi.KtSecondaryConstructor                                 : loaded 2 times (x 1276B)
Class [Lorg.jetbrains.kotlin.psi.KtTypeParameterListOwner;                            : loaded 2 times (x 71B)
Class org.jetbrains.kotlin.resolve.calls.checkers.DeprecatedCallChecker               : loaded 2 times (x 76B)
Class org.jetbrains.kotlin.resolve.PlatformConfiguratorBase                           : loaded 2 times (x 82B)
Class org.jetbrains.kotlin.fir.scopes.FirContainingNamesAwareScope                    : loaded 2 times (x 83B)
Class org.jetbrains.kotlin.fir.scopes.impl.FirJvmEnumEntriesSupport                   : loaded 2 times (x 75B)
Class [Lorg.jetbrains.kotlin.fir.extensions.FirExtensionRegistrarAdapter;             : loaded 2 times (x 71B)
Class org.jetbrains.kotlin.load.kotlin.PackagePartProvider                            : loaded 2 times (x 72B)
Class org.jetbrains.kotlin.io.vavr.collection.HashArrayMappedTrieModule$LeafNode      : loaded 2 times (x 111B)
Class org.jetbrains.kotlin.fir.extensions.FirReplSnippetResolveExtension              : loaded 2 times (x 80B)
Class org.jetbrains.kotlin.fir.extensions.FirAssignExpressionAltererExtension         : loaded 2 times (x 78B)
Class org.jetbrains.kotlin.fir.declarations.DeprecationsProvider                      : loaded 2 times (x 74B)
Class org.jetbrains.kotlin.extensions.TypeAttributeTranslatorExtension$Companion      : loaded 2 times (x 74B)
Class org.jetbrains.kotlin.extensions.TypeAttributeTranslatorExtension                : loaded 2 times (x 72B)
Class org.jetbrains.kotlin.extensions.ProcessSourcesBeforeCompilingExtension$Companion: loaded 2 times (x 74B)
Class org.jetbrains.kotlin.extensions.PreprocessedVirtualFileFactoryExtension         : loaded 2 times (x 72B)
Class org.jetbrains.kotlin.com.intellij.core.CoreJavaCodeStyleManager$1CancelException: loaded 2 times (x 84B)
Class org.jetbrains.kotlin.com.intellij.lang.jvm.JvmAnnotation                        : loaded 2 times (x 72B)
Class org.jetbrains.kotlin.com.intellij.lang.jvm.facade.JvmElementProvider            : loaded 2 times (x 72B)
Class org.jetbrains.kotlin.psi.stubs.elements.KtFileElementType                       : loaded 2 times (x 113B)
Class org.jetbrains.kotlin.com.fasterxml.aalto.in.PName3                              : loaded 2 times (x 81B)
Class org.jetbrains.kotlin.com.fasterxml.aalto.in.MergedStream                        : loaded 2 times (x 94B)
Class org.jetbrains.kotlin.com.intellij.ide.plugins.DataLoader                        : loaded 2 times (x 72B)
Class org.jetbrains.kotlin.fir.java.enhancement.FirEnhancedSymbolsStorage$special$$inlined$createCache$1: loaded 2 times (x 77B)
Class org.jetbrains.kotlin.com.intellij.ide.plugins.PluginXmlPathResolver$Companion   : loaded 2 times (x 73B)
Class org.jetbrains.kotlin.com.intellij.util.io.DataOutputStream                      : loaded 2 times (x 106B)
Class org.jetbrains.kotlin.kotlinx.collections.immutable.implementations.immutableSet.TrieNode: loaded 2 times (x 74B)
Class org.jetbrains.kotlin.com.intellij.lang.PsiBuilder                               : loaded 2 times (x 72B)
Class org.jetbrains.kotlin.com.intellij.openapi.extensions.PluginAware                : loaded 2 times (x 72B)
Class org.jetbrains.kotlin.com.intellij.openapi.vfs.VirtualFilePropertyEvent          : loaded 2 times (x 82B)
Class org.jetbrains.kotlin.cli.jvm.compiler.KotlinCoreApplicationEnvironmentMode$Production: loaded 2 times (x 73B)
Class org.jetbrains.kotlin.backend.jvm.lower.JvmIrValidationAfterLoweringPhase        : loaded 2 times (x 79B)
Class org.jetbrains.kotlin.backend.jvm.lower.JvmInlineClassLowering                   : loaded 2 times (x 369B)
Class org.jetbrains.kotlin.backend.jvm.JvmLoweringPhasesKt$jvmFilePhases$19           : loaded 2 times (x 127B)
Class org.jetbrains.kotlin.backend.common.BodyLoweringPass                            : loaded 2 times (x 72B)
Class org.jetbrains.kotlin.compiler.plugin.CliOptionsKt                               : loaded 2 times (x 73B)
Class [Lorg.jetbrains.kotlin.storage.LockBasedStorageManager$NotValue;                : loaded 2 times (x 71B)
Class org.jetbrains.kotlin.it.unimi.dsi.fastutil.ints.Int2ObjectMap$FastEntrySet      : loaded 2 times (x 72B)
Class org.jetbrains.kotlin.cli.pipeline.PerformanceNotifications$TranslationToIrFinished: loaded 2 times (x 79B)
Class org.jetbrains.kotlin.resolve.checkers.OptInNames                                : loaded 2 times (x 73B)
Class org.jetbrains.kotlin.fir.analysis.checkers.declaration.ContractSyntaxV2PropertyChecker: loaded 2 times (x 79B)
Class org.jetbrains.kotlin.fir.declarations.FirDeclarationOrigin$Source               : loaded 2 times (x 74B)
Class org.gradle.internal.classloader.ClassLoaderVisitor                              : loaded 2 times (x 78B)
Class org.jetbrains.org.objectweb.asm.SymbolTable                                     : loaded 2 times (x 74B)
Class com.google.common.collect.Maps$EntrySet                                         : loaded 2 times (x 138B)
Class com.google.common.collect.ImmutableSet$SetBuilderImpl                           : loaded 2 times (x 78B)
Class com.google.common.cache.LocalCache$EntryFactory$8                               : loaded 2 times (x 85B)
Class org.gradle.internal.installation.CurrentGradleInstallation                      : loaded 2 times (x 75B)
Class org.jetbrains.kotlin.fir.analysis.checkers.declaration.FirInlineClassDeclarationChecker: loaded 2 times (x 79B)
Class org.jetbrains.kotlin.fir.analysis.checkers.declaration.FirDelegateFieldTypeMismatchChecker: loaded 2 times (x 79B)
Class org.jetbrains.kotlin.fir.analysis.checkers.declaration.FirFunctionParameterChecker: loaded 2 times (x 79B)
Class org.jetbrains.kotlin.fir.resolve.transformers.mpp.FirExpectActualMatchingContextImpl$Factory: loaded 2 times (x 76B)
Class org.jetbrains.kotlin.name.CallableId$Companion                                  : loaded 2 times (x 73B)
Class org.jetbrains.kotlin.diagnostics.UnboundDiagnostic                              : loaded 2 times (x 72B)
Class org.jetbrains.kotlin.psi.KtBreakExpression                                      : loaded 2 times (x 439B)
Class [Lorg.jetbrains.kotlin.psi.KtFunctionTypeReceiver;                              : loaded 2 times (x 71B)
Class org.jetbrains.kotlin.psi.KtNullableType                                         : loaded 2 times (x 512B)
Class org.jetbrains.kotlin.psi.stubs.KotlinTypeAliasStub                              : loaded 2 times (x 72B)
Class [Lorg.jetbrains.kotlin.psi.KtProperty;                                          : loaded 2 times (x 71B)
Class org.jetbrains.kotlin.mpp.ClassifierSymbolMarker                                 : loaded 2 times (x 72B)
Class org.jetbrains.kotlin.types.model.SimpleTypeMarker                               : loaded 2 times (x 72B)
Class org.jetbrains.kotlin.fir.resolve.providers.impl.FirExtensionSyntheticFunctionInterfaceProvider: loaded 2 times (x 86B)
Class com.google.common.base.CharMatcher$None                                         : loaded 2 times (x 114B)
Class [Lcom.google.common.collect.AbstractIterator$State;                             : loaded 2 times (x 71B)
Class kotlin.text.MatcherMatchResult$groupValues$1                                    : loaded 2 times (x 200B)
Class org.jetbrains.kotlin.fir.symbols.FirLazyResolveForbiddenException               : loaded 2 times (x 84B)
Class [Lorg.jetbrains.kotlin.it.unimi.dsi.fastutil.e;                                 : loaded 2 times (x 71B)
Class org.jetbrains.kotlin.load.java.structure.JavaNamedElement                       : loaded 2 times (x 72B)
Class org.jetbrains.kotlin.cli.common.extensions.ShellExtension$Companion             : loaded 2 times (x 74B)
Class org.jetbrains.kotlin.extensions.CompilerConfigurationExtension                  : loaded 2 times (x 72B)
Class org.jetbrains.kotlin.com.intellij.psi.impl.source.resolve.PsiResolveHelperImpl$1: loaded 2 times (x 114B)
Class [Lorg.jetbrains.kotlin.com.intellij.psi.PsiType;                                : loaded 2 times (x 71B)
Class org.jetbrains.kotlin.com.intellij.psi.search.impl.VirtualFileEnumerationAware   : loaded 2 times (x 72B)
Class org.jetbrains.kotlin.com.intellij.psi.impl.PsiCachedValuesFactory               : loaded 2 times (x 80B)
Class org.jetbrains.kotlin.com.intellij.openapi.util.StackOverflowPreventedException  : loaded 2 times (x 84B)
Class org.jetbrains.kotlin.com.intellij.openapi.vfs.VirtualFileFilter                 : loaded 2 times (x 72B)
Class org.jetbrains.kotlin.metadata.jvm.deserialization.JvmNameResolver               : loaded 2 times (x 82B)
Class org.jetbrains.kotlin.fir.scopes.FirLookupDefaultStarImportsInSourcesSettingHolder$Companion: loaded 2 times (x 73B)
Class kotlin.reflect.jvm.internal.pcollections.IntTreePMap                            : loaded 2 times (x 74B)
Class org.jetbrains.kotlin.resolve.checkers.InlineParameterChecker                    : loaded 2 times (x 76B)
Class org.jetbrains.kotlin.com.intellij.psi.PsiVariable                               : loaded 2 times (x 72B)
Class [Lorg.jetbrains.kotlin.com.intellij.openapi.util.UserDataHolderBase;            : loaded 2 times (x 71B)
Class org.jetbrains.kotlin.com.intellij.psi.stubs.StubTreeLoader                      : loaded 2 times (x 83B)
Class org.jetbrains.kotlin.com.intellij.openapi.editor.event.DocumentEvent            : loaded 2 times (x 84B)
Class org.jetbrains.kotlin.com.intellij.openapi.extensions.ExtensionNotApplicableException: loaded 2 times (x 84B)
Class org.jetbrains.kotlin.backend.jvm.lower.InterfaceLowering                        : loaded 2 times (x 351B)
Class org.jetbrains.kotlin.it.unimi.dsi.fastutil.e                                    : loaded 2 times (x 72B)
Class org.jetbrains.kotlin.lexer.KtTokens                                             : loaded 2 times (x 72B)
Class org.jetbrains.kotlin.util.PerformanceManagerImpl$Companion                      : loaded 2 times (x 73B)
Class org.jetbrains.org.objectweb.asm.ModuleWriter                                    : loaded 2 times (x 83B)
Class com.google.common.collect.ImmutableList$SubList                                 : loaded 2 times (x 211B)
Class com.google.common.cache.CacheLoader$1                                           : loaded 2 times (x 77B)
Class com.google.common.collect.ForwardingObject                                      : loaded 2 times (x 74B)
Class org.gradle.util.internal.GUtil                                                  : loaded 2 times (x 73B)
Class org.jetbrains.kotlin.fir.declarations.FirPropertyAccessor                       : loaded 2 times (x 223B)
Class org.jetbrains.kotlin.fir.analysis.checkers.declaration.FirUpperBoundViolatedDeclarationChecker: loaded 2 times (x 79B)
Class org.jetbrains.kotlin.resolve.calls.checkers.UselessElvisCallChecker             : loaded 2 times (x 76B)
Class org.jetbrains.kotlin.kdoc.lexer.KDocTokens$1                                    : loaded 2 times (x 86B)
Class org.jetbrains.kotlin.psi.KtModifierListOwnerStub                                : loaded 2 times (x 583B)
Class org.jetbrains.kotlin.fir.scopes.impl.FirIntersectionOverrideStorage             : loaded 2 times (x 74B)
Class org.jetbrains.kotlin.fir.types.TypeComponentsKt                                 : loaded 2 times (x 73B)
Class org.jetbrains.kotlin.types.model.TypeSystemOptimizationContext                  : loaded 2 times (x 72B)
Class org.jetbrains.kotlin.fir.extensions.FirPredicateBasedProvider                   : loaded 2 times (x 78B)
Class org.jetbrains.kotlin.fir.FirExceptionHandler                                    : loaded 2 times (x 75B)
Class org.jetbrains.kotlin.fir.session.FirJvmSessionFactory                           : loaded 2 times (x 79B)
Class kotlin.reflect.jvm.internal.KDeclarationContainerImpl$Data$moduleData$2         : loaded 2 times (x 81B)
Class org.jetbrains.kotlin.psi.KtFile                                                 : loaded 2 times (x 946B)
Class [Lorg.jetbrains.kotlin.cli.jvm.index.JavaRoot$RootType;                         : loaded 2 times (x 71B)
Class org.jetbrains.kotlin.com.intellij.psi.impl.source.DummyHolder                   : loaded 2 times (x 726B)
Class org.jetbrains.kotlin.com.intellij.util.containers.ConcurrentWeakKeySoftValueHashMap$KeyReference: loaded 2 times (x 72B)
Class org.jetbrains.kotlin.com.intellij.psi.JavaRecursiveElementWalkingVisitor        : loaded 2 times (x 209B)
Class org.jetbrains.kotlin.com.intellij.psi.impl.source.resolve.PsiResolveHelperImpl$2: loaded 2 times (x 114B)
Class org.jetbrains.kotlin.cli.pipeline.PipelinePhase                                 : loaded 2 times (x 84B)
Class org.jetbrains.kotlin.config.LanguageVersionSettings                             : loaded 2 times (x 72B)
Class org.jetbrains.kotlin.com.intellij.psi.meta.MetaDataContributor                  : loaded 2 times (x 72B)
Class org.jetbrains.kotlin.kotlinx.collections.immutable.PersistentList               : loaded 2 times (x 72B)
Class org.jetbrains.kotlin.backend.jvm.JvmLoweringPhasesKt$jvmLoweringPhases$10       : loaded 2 times (x 127B)
Class org.jetbrains.kotlin.cli.jvm.JvmArgumentsKt                                     : loaded 2 times (x 73B)
Class org.jetbrains.kotlin.psi.stubs.elements.KtImportDirectiveElementType            : loaded 2 times (x 105B)
Class org.jetbrains.kotlin.storage.LockBasedStorageManager$ExceptionHandlingStrategy$1: loaded 2 times (x 76B)
Class org.jetbrains.kotlin.storage.MemoizedFunctionToNullable                         : loaded 2 times (x 72B)
Class org.jetbrains.kotlin.cli.pipeline.jvm.JvmFir2IrPipelinePhase                    : loaded 2 times (x 84B)
Class org.jetbrains.kotlin.platform.TargetPlatformVersion                             : loaded 2 times (x 72B)
Class org.jetbrains.kotlin.psi.stubs.KotlinImportAliasStub                            : loaded 2 times (x 72B)
Class org.jetbrains.kotlin.psi.stubs.KotlinEnumEntrySuperclassReferenceExpressionStub : loaded 2 times (x 72B)
Class org.jetbrains.kotlin.com.intellij.psi.StubBuilder                               : loaded 2 times (x 72B)
Class org.jetbrains.kotlin.metadata.jvm.JvmProtoBuf$StringTableTypes$Record           : loaded 2 times (x 121B)
Class com.google.common.io.ByteSource                                                 : loaded 2 times (x 86B)
Class com.google.common.cache.AbstractCache$StatsCounter                              : loaded 2 times (x 72B)
Class org.jetbrains.kotlin.fir.analysis.checkers.declaration.FirPropertyFieldTypeChecker: loaded 2 times (x 79B)
Class org.jetbrains.kotlin.fir.analysis.checkers.declaration.FirConflictsDeclarationChecker: loaded 2 times (x 79B)
Class org.jetbrains.kotlin.load.java.JavaClassFinder                                  : loaded 2 times (x 72B)
Class org.jetbrains.kotlin.fir.declarations.builder.FirTypeParametersOwnerBuilder     : loaded 2 times (x 72B)
Class org.jetbrains.kotlin.psi.KtLiteralStringTemplateEntry                           : loaded 2 times (x 446B)
Class org.jetbrains.kotlin.metadata.builtins.BuiltInsBinaryVersion                    : loaded 2 times (x 76B)
Class org.jetbrains.kotlin.fir.java.FirSyntheticPropertiesStorage$special$$inlined$createCache$1: loaded 2 times (x 77B)
Class org.jetbrains.kotlin.resolve.calls.checkers.InfixCallChecker                    : loaded 2 times (x 76B)
Class [Lorg.jetbrains.kotlin.psi.KtStringTemplateExpression;                          : loaded 2 times (x 71B)
Class org.jetbrains.kotlin.psi.KtTypeCodeFragmentType                                 : loaded 2 times (x 86B)
Class org.jetbrains.kotlin.kdoc.lexer.KDocTokens$2                                    : loaded 2 times (x 86B)
Class org.jetbrains.kotlin.resolve.calls.checkers.InlineCheckerWrapper                : loaded 2 times (x 77B)
Class org.jetbrains.kotlin.resolve.checkers.DeprecatedSinceKotlinAnnotationChecker    : loaded 2 times (x 76B)
Class org.jetbrains.kotlin.psi.KtNamedFunction                                        : loaded 2 times (x 1347B)
Class org.jetbrains.kotlin.resolve.checkers.LocalVariableTypeParametersChecker        : loaded 2 times (x 76B)
Class org.jetbrains.kotlin.psi.KtNamedDeclaration                                     : loaded 2 times (x 72B)
Class [Lorg.jetbrains.kotlin.psi.KtLiteralStringTemplateEntry;                        : loaded 2 times (x 71B)
Class org.jetbrains.kotlin.config.JVMConfigurationKeys                                : loaded 2 times (x 73B)
Class org.jetbrains.kotlin.ir.visitors.IrVisitorVoid                                  : loaded 2 times (x 337B)
Class org.jetbrains.kotlin.backend.common.lower.InitializersLoweringBase              : loaded 2 times (x 75B)
Class org.jetbrains.kotlin.backend.jvm.JvmLoweringPhasesKt$jvmFilePhases$84           : loaded 2 times (x 127B)
Class org.jetbrains.kotlin.load.kotlin.MetadataFinderFactory                          : loaded 2 times (x 72B)
Class org.jetbrains.kotlin.com.intellij.util.text.ImmutableCharSequence               : loaded 2 times (x 94B)
Class org.jetbrains.kotlin.com.intellij.openapi.util.Pair                             : loaded 2 times (x 74B)
Class org.jetbrains.kotlin.resolve.jvm.KotlinJavaPsiFacade$KotlinPsiElementFinderWrapperImpl: loaded 2 times (x 84B)
Class org.jetbrains.kotlin.com.intellij.ide.plugins.PluginEnabler$Headless            : loaded 2 times (x 72B)
Class org.jetbrains.kotlin.com.intellij.psi.PsiElementFactory                         : loaded 2 times (x 72B)
Class org.jetbrains.kotlin.com.intellij.testFramework.LightVirtualFileBase$MyVirtualFileSystem: loaded 2 times (x 103B)
Class org.jetbrains.kotlin.diagnostics.Diagnostic                                     : loaded 2 times (x 72B)
Class org.jetbrains.kotlin.com.intellij.util.containers.DisposableWrapperList         : loaded 2 times (x 201B)
Class [Lorg.jetbrains.kotlin.com.intellij.util.messages.Topic$BroadcastDirection;     : loaded 2 times (x 71B)
Class org.jetbrains.kotlin.com.intellij.psi.stubs.BinaryFileStubBuilder$CompositeBinaryFileStubBuilder: loaded 2 times (x 72B)
Class org.jetbrains.kotlin.com.intellij.openapi.util.UserDataHolderBase               : loaded 2 times (x 97B)
Class org.jetbrains.kotlin.backend.jvm.JvmLoweringPhasesKt$jvmLoweringPhases$11       : loaded 2 times (x 127B)
Class org.jetbrains.kotlin.backend.jvm.lower.StaticDefaultFunctionLowering            : loaded 2 times (x 346B)
Class org.jetbrains.kotlin.backend.common.IrElementTransformerVoidWithContext         : loaded 2 times (x 347B)
Class org.jetbrains.kotlin.com.intellij.openapi.application.PathManager               : loaded 2 times (x 73B)
Class org.jetbrains.kotlin.cli.pipeline.AbstractConfigurationPhase$setupCommonConfiguration$1: loaded 2 times (x 127B)
Class org.jetbrains.kotlin.com.intellij.openapi.vfs.VirtualFileCopyEvent              : loaded 2 times (x 79B)
Class org.jetbrains.kotlin.com.intellij.openapi.progress.Task$Modal                   : loaded 2 times (x 86B)
Class com.google.common.reflect.Types$TypeVariableImpl                                : loaded 2 times (x 74B)
Class com.google.common.collect.Iterators$MergingIterator                             : loaded 2 times (x 83B)
Class com.google.common.collect.RegularImmutableSet                                   : loaded 2 times (x 150B)
Class ijJvmDebugger1_7m8voghulc6ov9uw2bkrkvfgf$_run_closure1$_closure2                : loaded 2 times (x 141B)
Class org.gradle.internal.installation.GradleInstallation                             : loaded 2 times (x 77B)
Class org.jetbrains.kotlin.fir.java.FirJavaVisibilityChecker                          : loaded 2 times (x 75B)
Class org.jetbrains.kotlin.fir.analysis.checkers.declaration.FirMethodOfAnyImplementedInInterfaceChecker: loaded 2 times (x 79B)
Class org.jetbrains.kotlin.fir.analysis.checkers.declaration.FirFunctionReturnChecker : loaded 2 times (x 79B)
Class org.jetbrains.kotlin.fir.analysis.checkers.type.ComposedTypeCheckers            : loaded 2 times (x 78B)
Class org.jetbrains.kotlin.fir.analysis.checkers.declaration.DeclarationCheckers$Companion$EMPTY$1: loaded 2 times (x 98B)
Class [Lorg.jetbrains.kotlin.fir.FirSessionComponent;                                 : loaded 2 times (x 71B)
Class org.jetbrains.kotlin.container.ContainerKt                                      : loaded 2 times (x 73B)
Class org.jetbrains.kotlin.resolve.calls.checkers.ResultTypeWithNullableOperatorsChecker: loaded 2 times (x 76B)
Class org.jetbrains.kotlin.psi.KtContainerNodeForControlStructureBody                 : loaded 2 times (x 378B)
Class org.jetbrains.kotlin.psi.KtDeclarationImpl                                      : loaded 2 times (x 647B)
Class org.jetbrains.kotlin.psi.KtBlockStringTemplateEntry                             : loaded 2 times (x 447B)
Class org.jetbrains.kotlin.psi.stubs.KotlinClassLiteralExpressionStub                 : loaded 2 times (x 72B)
Class org.jetbrains.kotlin.fir.scopes.impl.FirSynthesizedStorage$special$$inlined$createCache$1: loaded 2 times (x 77B)
Class org.jetbrains.kotlin.fir.resolve.FirDefaultParametersResolver                   : loaded 2 times (x 73B)
Class org.jetbrains.kotlin.types.TypeCheckerState                                     : loaded 2 times (x 78B)
Class org.jetbrains.kotlin.resolve.calls.inference.components.ResultTypeResolver      : loaded 2 times (x 74B)
Class org.jetbrains.kotlin.fir.FirElementWithResolveState                             : loaded 2 times (x 91B)
Class kotlin.reflect.jvm.internal.KPackageImpl$data$1                                 : loaded 2 times (x 81B)
Class org.jetbrains.kotlin.fir.types.impl.FirImplicitCharTypeRef                      : loaded 2 times (x 109B)
Class org.jetbrains.kotlin.fir.types.impl.FirImplicitUIntTypeRef                      : loaded 2 times (x 109B)
Class org.jetbrains.kotlin.platform.jvm.JvmPlatforms$CompatJvmPlatform                : loaded 2 times (x 126B)
Class org.jetbrains.kotlin.resolve.JvmCompilerDeserializationConfiguration            : loaded 2 times (x 87B)
Class org.jetbrains.kotlin.fir.scopes.jvm.JvmMappedScope$FirMappedSymbolStorage$special$$inlined$createCache$1: loaded 2 times (x 77B)
Class org.jetbrains.kotlin.resolve.jvm.modules.JavaModule$Automatic                   : loaded 2 times (x 82B)
Class org.jetbrains.kotlin.cli.jvm.modules.JavaModuleGraph$module$1                   : loaded 2 times (x 127B)
Class [Lorg.jetbrains.kotlin.com.intellij.psi.PsiCheckedRenameElement;                : loaded 2 times (x 71B)
Class [Lorg.jetbrains.kotlin.com.intellij.psi.PsiNamedElement;                        : loaded 2 times (x 71B)
Class org.jetbrains.kotlin.load.java.structure.impl.source.JavaFixedElementSourceFactory: loaded 2 times (x 81B)
Class org.jetbrains.kotlin.resolve.AdditionalAnnotationChecker                        : loaded 2 times (x 72B)
Class org.jetbrains.kotlin.cli.jvm.compiler.CliLightClassGenerationSupport            : loaded 2 times (x 79B)
Class org.jetbrains.kotlin.asJava.LightClassGenerationSupport                         : loaded 2 times (x 78B)
Class org.jetbrains.kotlin.com.intellij.core.CoreJavaCodeStyleManager                 : loaded 2 times (x 99B)
Class kotlinx.coroutines.internal.ThreadContextKt$updateState$1                       : loaded 2 times (x 80B)
Class org.jetbrains.kotlin.com.intellij.openapi.progress.impl.CoreProgressManager$CheckCanceledBehavior: loaded 2 times (x 81B)
Class org.jetbrains.kotlin.com.intellij.psi.stubs.CoreStubTreeLoader                  : loaded 2 times (x 83B)
Class org.jetbrains.kotlin.com.intellij.util.containers.ConcurrentFactoryMap$2        : loaded 2 times (x 150B)
Class org.jetbrains.kotlin.backend.jvm.JvmLoweringPhasesKt$jvmLoweringPhases$12       : loaded 2 times (x 127B)
Class org.jetbrains.kotlin.backend.jvm.lower.JvmLocalClassPopupLowering               : loaded 2 times (x 89B)
Class org.jetbrains.kotlin.config.LanguageFeature$State                               : loaded 2 times (x 84B)
Class org.jetbrains.kotlin.cli.pipeline.AbstractConfigurationPhase                    : loaded 2 times (x 87B)
Class org.jetbrains.kotlin.it.unimi.dsi.fastutil.objects.Object2ObjectMap             : loaded 2 times (x 72B)
Class org.jetbrains.kotlin.cli.pipeline.PipelineStepException                         : loaded 2 times (x 84B)
Class kotlin.collections.ReversedList                                                 : loaded 2 times (x 209B)
Class org.jetbrains.kotlin.metadata.deserialization.ProtoTypeTableUtilKt              : loaded 2 times (x 73B)
Class kotlin.collections.CollectionsKt__IteratorsJVMKt$iterator$1                     : loaded 2 times (x 81B)
Class com.google.common.base.Splitter$Strategy                                        : loaded 2 times (x 72B)
Class com.google.common.collect.Iterables                                             : loaded 2 times (x 73B)
Class [Lorg.jetbrains.kotlin.com.intellij.openapi.progress.impl.CoreProgressManager$CheckCanceledBehavior;: loaded 2 times (x 71B)
Class org.jetbrains.kotlin.container.DefaultImplementation                            : loaded 2 times (x 72B)
Class org.jetbrains.kotlin.psi.KtUnaryExpression                                      : loaded 2 times (x 504B)
Class org.jetbrains.kotlin.resolve.PlatformConfiguratorBaseKt                         : loaded 2 times (x 73B)
Class org.jetbrains.kotlin.fir.scopes.jvm.JvmMappedScope$FirMappedSymbolStorage       : loaded 2 times (x 74B)
Class org.jetbrains.kotlin.fir.declarations.impl.FirResolvedDeclarationStatusImpl$Companion: loaded 2 times (x 73B)
Class org.jetbrains.kotlin.cli.jvm.compiler.ClasspathRootsResolver$Companion          : loaded 2 times (x 73B)
Class org.jetbrains.kotlin.cli.jvm.modules.CliJavaModuleFinder                        : loaded 2 times (x 77B)
Class org.jetbrains.kotlin.com.intellij.DynamicBundle$1                               : loaded 2 times (x 80B)
Class org.jetbrains.kotlin.com.intellij.psi.PsiCaseLabelElement                       : loaded 2 times (x 72B)
Class org.jetbrains.kotlin.com.intellij.util.containers.ConcurrentFactoryMap$3        : loaded 2 times (x 150B)
Class com.google.common.base.CommonPattern                                            : loaded 2 times (x 76B)
Class [Lorg.jetbrains.kotlin.com.intellij.psi.tree.IElementType;                      : loaded 2 times (x 71B)
Class org.jetbrains.kotlin.com.intellij.psi.compiled.ClassFileDecompilers$Decompiler  : loaded 2 times (x 72B)
Class org.jetbrains.kotlin.com.intellij.psi.impl.file.PsiPackageImplementationHelper  : loaded 2 times (x 79B)
Class org.jetbrains.kotlin.fir.analysis.checkers.declaration.DeclarationCheckers      : loaded 2 times (x 98B)
Class org.jetbrains.kotlin.com.intellij.openapi.fileTypes.PlainTextParserDefinition   : loaded 2 times (x 97B)
Class org.jetbrains.kotlin.com.intellij.psi.impl.source.tree.PlainTextASTFactory      : loaded 2 times (x 76B)
Class org.jetbrains.kotlin.com.intellij.util.containers.ConcurrentLongObjectMap       : loaded 2 times (x 72B)
Class org.jetbrains.kotlin.io.opentelemetry.api.trace.TracerProvider                  : loaded 2 times (x 72B)
Class org.jetbrains.kotlin.com.intellij.core.CoreApplicationEnvironment$1             : loaded 2 times (x 326B)
Class org.jetbrains.kotlin.backend.jvm.JvmLoweringPhasesKt$jvmFilePhases$68           : loaded 2 times (x 127B)
Class org.jetbrains.kotlin.backend.jvm.JvmLoweringPhasesKt$jvmLoweringPhases$13       : loaded 2 times (x 127B)
Class org.jetbrains.kotlin.backend.jvm.lower.RecordEnclosingMethodsLowering           : loaded 2 times (x 82B)
Class org.jetbrains.kotlin.backend.common.lower.DefaultParameterCleaner               : loaded 2 times (x 90B)
Class org.jetbrains.kotlin.backend.jvm.lower.RemapObjectFieldAccesses                 : loaded 2 times (x 346B)
Class org.jetbrains.kotlin.com.intellij.util.containers.IntKeyWeakValueHashMap$MyReference: loaded 2 times (x 82B)
Class kotlin.reflect.jvm.internal.impl.builtins.functions.FunctionClassKind$Companion : loaded 2 times (x 73B)
Class org.jetbrains.kotlin.descriptors.EffectiveVisibility$PrivateInClass             : loaded 2 times (x 77B)
Class kotlin.collections.ReversedList$listIterator$1                                  : loaded 2 times (x 96B)
Class org.jetbrains.kotlin.metadata.jvm.JvmProtoBuf$StringTableTypes$Record$Operation : loaded 2 times (x 84B)

---------------  S Y S T E M  ---------------

OS:
 Windows 11 , 64 bit Build 26100 (10.0.26100.9278)
OS uptime: 0 days 0:19 hours

CPU: total 8 (initial active 8) (4 cores per cpu, 2 threads per core) family 6 model 58 stepping 9 microcode 0x21, cx8, cmov, fxsr, ht, mmx, sse, sse2, sse3, ssse3, sse4.1, sse4.2, popcnt, tsc, tscinvbit, avx, aes, erms, clmul, vzeroupper, clflush, rdtscp, f16c
Processor Information for the first 8 processors :
  Max Mhz: 3401, Current Mhz: 3401, Mhz Limit: 3401

Memory: 4k page, system-wide physical 8116M (311M free)
TotalPageFile size 10164M (AvailPageFile size 10M)
current process WorkingSet (physical memory assigned to process): 1629M, peak: 1632M
current process commit charge ("private bytes"): 1781M, peak: 1804M

vm_info: OpenJDK 64-Bit Server VM (25.0.3+-15898627-b508.16) for windows-amd64 JRE (25.0.3+-15898627-b508.16), built on 2026-07-20T17:54:23Z with MS VC++ 16.10 / 16.11 (VS2019)

END.
