#
# There is insufficient memory for the Java Runtime Environment to continue.
# Native memory allocation (malloc) failed to allocate 1059992 bytes. Error detail: Chunk::new
# Possible reasons:
#   The system is out of physical RAM or swap space
#   This process is running with CompressedOops enabled, and the Java Heap may be blocking the growth of the native heap
# Possible solutions:
#   Reduce memory load on the system
#   Increase physical memory or swap space
#   Check if swap backing store is full
#   Decrease Java heap size (-Xmx/-Xms)
#   Decrease number of Java threads
#   Decrease Java thread stack sizes (-Xss)
#   Set larger code cache with -XX:ReservedCodeCacheSize=
#   JVM is running with Zero Based Compressed Oops mode in which the Java heap is
#     placed in the first 32GB address space. The Java Heap base address is the
#     maximum limit for the native heap growth. Please use -XX:HeapBaseMinAddress
#     to set the Java Heap base and to place the Java Heap above 32GB virtual address.
# This output file may be truncated or incomplete.
#
#  Out of Memory Error (arena.cpp:186), pid=2136, tid=10692
#
# JRE version: OpenJDK Runtime Environment (25.0.3) (build 25.0.3+-15898627-b508.16)
# Java VM: OpenJDK 64-Bit Server VM (25.0.3+-15898627-b508.16, mixed mode, tiered, compressed oops, compressed class ptrs, g1 gc, windows-amd64)
# No core dump will be written. Minidumps are not enabled by default on client versions of Windows
#

---------------  S U M M A R Y ------------

Command Line: --add-opens=java.base/java.lang=ALL-UNNAMED --add-opens=java.base/java.lang.invoke=ALL-UNNAMED --add-opens=java.base/java.util=ALL-UNNAMED --add-opens=java.prefs/java.util.prefs=ALL-UNNAMED --add-exports=jdk.compiler/com.sun.tools.javac.api=ALL-UNNAMED --add-exports=jdk.compiler/com.sun.tools.javac.util=ALL-UNNAMED --add-opens=java.base/java.nio.charset=ALL-UNNAMED --add-opens=java.base/java.net=ALL-UNNAMED --add-opens=java.base/java.util.concurrent=ALL-UNNAMED --add-opens=java.base/java.util.concurrent.atomic=ALL-UNNAMED --add-opens=java.xml/javax.xml.namespace=ALL-UNNAMED --add-opens=java.base/java.time=ALL-UNNAMED --enable-native-access=ALL-UNNAMED -Xmx4g -Dfile.encoding=UTF-8 -Duser.country=RU -Duser.language=ru -Duser.variant -javaagent:C:\Users\Maxim\.gradle\wrapper\dists\gradle-9.6.0-bin\42k10rwplmzkhuboz9kdazi7s\gradle-9.6.0\lib\agents\gradle-instrumentation-agent-9.6.0.jar org.gradle.launcher.daemon.bootstrap.GradleDaemon 9.6.0

Host: Intel(R) Core(TM) i7-3770 CPU @ 3.40GHz, 8 cores, 7G,  Windows 11 , 64 bit Build 26100 (10.0.26100.9278)
Time: Sat Oct 10 20:01:01 2026 elapsed time: 63.649305 seconds (0d 0h 1m 3s)

---------------  T H R E A D  ---------------

Current thread (0x0000024428041790):  JavaThread "C2 CompilerThread0" daemon [_thread_in_native, id=10692, stack(0x000000958e000000,0x000000958e100000) (1024K)]


Current CompileTask:
C2:63650 18189       4       com.esotericsoftware.kryo.io.Output::writeString (247 bytes)

Stack: [0x000000958e000000,0x000000958e100000]
Native frames: (J=compiled Java code, j=interpreted, Vv=VM code, C=native code)
V  [jvm.dll+0x7bf039]  (no source info available)
V  [jvm.dll+0x78912d]  (no source info available)
V  [jvm.dll+0xa0e615]  (no source info available)
V  [jvm.dll+0xa10c94]  (no source info available)
V  [jvm.dll+0xa11393]  (no source info available)
V  [jvm.dll+0x30a116]  (no source info available)
V  [jvm.dll+0x10eda9]  (no source info available)
V  [jvm.dll+0x10f0d2]  (no source info available)
V  [jvm.dll+0x1a9b77]  (no source info available)
V  [jvm.dll+0x3bf612]  (no source info available)
V  [jvm.dll+0x7c48b7]  (no source info available)
V  [jvm.dll+0x2ce466]  (no source info available)
V  [jvm.dll+0x2cd641]  (no source info available)
V  [jvm.dll+0x24334a]  (no source info available)
V  [jvm.dll+0x2dd025]  (no source info available)
V  [jvm.dll+0x2db226]  (no source info available)
V  [jvm.dll+0x49c12e]  (no source info available)
V  [jvm.dll+0x9ad738]  (no source info available)
V  [jvm.dll+0x7bd585]  (no source info available)
C  [ucrtbase.dll+0x2cd30]  (no source info available)
C  [KERNEL32.DLL+0x2ccb7]  (no source info available)
C  [ntdll.dll+0xacaec]  (no source info available)

Lock stack of current Java thread (top to bottom):


---------------  P R O C E S S  ---------------

Threads class SMR info:
_java_thread_list=0x00000244342555d0, length=51, elements={
0x000002440dc91480, 0x0000024428027ad0, 0x000002442802c8e0, 0x000002442802e730,
0x0000024428059eb0, 0x000002442805aa70, 0x000002442805cd10, 0x000002442805d4d0,
0x0000024428041790, 0x0000024428198720, 0x00000244284dbc80, 0x000002442dc895e0,
0x000002442e90c8c0, 0x000002442f058da0, 0x000002442f2b1660, 0x0000024428b940b0,
0x0000024428b95ff0, 0x000002442f23aa80, 0x000002442f23a2b0, 0x000002442f2373d0,
0x000002442f238370, 0x000002442f239310, 0x000002442f23c1f0, 0x000002442f23d190,
0x000002442fb9d7d0, 0x000002442fb9b890, 0x000002442fb9c830, 0x000002442fb9a8f0,
0x000002442fb9e770, 0x000002442fb9c060, 0x000002442fb9fee0, 0x000002442fddcfe0,
0x000002442fdddf80, 0x000002442fddc040, 0x000002442fddb870, 0x000002442fddfec0,
0x000002442fde0e60, 0x0000024430e60a30, 0x0000024430e60260, 0x0000024430e5eaf0,
0x0000024430e61200, 0x0000024432fe47e0, 0x0000024432fe6ef0, 0x0000024432fe6720,
0x0000024432fe4fb0, 0x0000024432fead70, 0x0000024430d949b0, 0x0000024430d97890,
0x0000024428769f70, 0x0000024433fbb090, 0x0000024433fbc030
}

Java Threads: ( => current thread )
  0x000002440dc91480 JavaThread "main"                              [_thread_blocked, id=9608, stack(0x000000958d100000,0x000000958d200000) (1024K)]
  0x0000024428027ad0 JavaThread "Common-Cleaner"             daemon [_thread_blocked, id=12704, stack(0x000000958d900000,0x000000958da00000) (1024K)]
  0x000002442802c8e0 JavaThread "Reference Handler"          daemon [_thread_blocked, id=288, stack(0x000000958da00000,0x000000958db00000) (1024K)]
  0x000002442802e730 JavaThread "Finalizer"                  daemon [_thread_blocked, id=9872, stack(0x000000958db00000,0x000000958dc00000) (1024K)]
  0x0000024428059eb0 JavaThread "Signal Dispatcher"          daemon [_thread_blocked, id=13132, stack(0x000000958dc00000,0x000000958dd00000) (1024K)]
  0x000002442805aa70 JavaThread "Attach Listener"            daemon [_thread_blocked, id=6952, stack(0x000000958dd00000,0x000000958de00000) (1024K)]
  0x000002442805cd10 JavaThread "Service Thread"             daemon [_thread_blocked, id=1356, stack(0x000000958de00000,0x000000958df00000) (1024K)]
  0x000002442805d4d0 JavaThread "Monitor Deflation Thread"   daemon [_thread_blocked, id=11528, stack(0x000000958df00000,0x000000958e000000) (1024K)]
=>0x0000024428041790 JavaThread "C2 CompilerThread0"         daemon [_thread_in_native, id=10692, stack(0x000000958e000000,0x000000958e100000) (1024K)]
  0x0000024428198720 JavaThread "C1 CompilerThread0"         daemon [_thread_blocked, id=716, stack(0x000000958e100000,0x000000958e200000) (1024K)]
  0x00000244284dbc80 JavaThread "Notification Thread"        daemon [_thread_blocked, id=13016, stack(0x000000958e200000,0x000000958e300000) (1024K)]
  0x000002442dc895e0 JavaThread "Daemon health stats"               [_thread_blocked, id=12156, stack(0x000000958e900000,0x000000958ea00000) (1024K)]
  0x000002442e90c8c0 JavaThread "Incoming local TCP Connector on port 51249"        [_thread_in_native, id=4148, stack(0x000000958ec00000,0x000000958ed00000) (1024K)]
  0x000002442f058da0 JavaThread "Daemon periodic checks"            [_thread_blocked, id=4700, stack(0x000000958ed00000,0x000000958ee00000) (1024K)]
  0x000002442f2b1660 JavaThread "Daemon"                            [_thread_blocked, id=3640, stack(0x000000958ef00000,0x000000958f000000) (1024K)]
  0x0000024428b940b0 JavaThread "Handler for socket connection from /127.0.0.1:51249 to /127.0.0.1:51250"        [_thread_in_native, id=7148, stack(0x000000958f000000,0x000000958f100000) (1024K)]
  0x0000024428b95ff0 JavaThread "Cancel handler"                    [_thread_blocked, id=7924, stack(0x000000958f100000,0x000000958f200000) (1024K)]
  0x000002442f23aa80 JavaThread "Daemon worker"                     [_thread_in_Java, id=6768, stack(0x000000958f200000,0x000000958f300000) (1024K)]
  0x000002442f23a2b0 JavaThread "Asynchronous log dispatcher for DefaultDaemonConnection: socket connection from /127.0.0.1:51249 to /127.0.0.1:51250"        [_thread_blocked, id=7964, stack(0x000000958f300000,0x000000958f400000) (1024K)]
  0x000002442f2373d0 JavaThread "Stdin handler"                     [_thread_blocked, id=6216, stack(0x000000958f400000,0x000000958f500000) (1024K)]
  0x000002442f238370 JavaThread "Daemon client event forwarder"        [_thread_blocked, id=9260, stack(0x000000958f500000,0x000000958f600000) (1024K)]
  0x000002442f239310 JavaThread "Cache worker for journal cache (C:\Users\Maxim\.gradle\caches\journal-1)"        [_thread_blocked, id=9200, stack(0x000000958f600000,0x000000958f700000) (1024K)]
  0x000002442f23c1f0 JavaThread "File lock request listener"        [_thread_in_native, id=1036, stack(0x000000958f700000,0x000000958f800000) (1024K)]
  0x000002442f23d190 JavaThread "Cache worker for file hash cache (C:\Users\Maxim\.gradle\caches\9.6.0\fileHashes)"        [_thread_blocked, id=11436, stack(0x000000958f800000,0x000000958f900000) (1024K)]
  0x000002442fb9d7d0 JavaThread "Cache worker for file hash cache (E:\Android Studio Projects\Habit-Tracker\.gradle\9.6.0\fileHashes)"        [_thread_blocked, id=3860, stack(0x000000958f900000,0x000000958fa00000) (1024K)]
  0x000002442fb9b890 JavaThread "Cache worker for checksums cache (E:\Android Studio Projects\Habit-Tracker\.gradle\9.6.0\checksums)"        [_thread_blocked, id=3656, stack(0x000000958fa00000,0x000000958fb00000) (1024K)]
  0x000002442fb9c830 JavaThread "Cache worker for Build Output Cleanup Cache (E:\Android Studio Projects\Habit-Tracker\.gradle\buildOutputCleanup)"        [_thread_blocked, id=12988, stack(0x000000958fb00000,0x000000958fc00000) (1024K)]
  0x000002442fb9a8f0 JavaThread "Cache worker for file content cache (C:\Users\Maxim\.gradle\caches\9.6.0\fileContent)"        [_thread_blocked, id=5620, stack(0x000000958fc00000,0x000000958fd00000) (1024K)]
  0x000002442fb9e770 JavaThread "File watcher server"        daemon [_thread_in_native, id=12244, stack(0x000000958fd00000,0x000000958fe00000) (1024K)]
  0x000002442fb9c060 JavaThread "File watcher consumer"      daemon [_thread_blocked, id=4268, stack(0x000000958fe00000,0x000000958ff00000) (1024K)]
  0x000002442fb9fee0 JavaThread "Cache worker for cache directory md-supplier (C:\Users\Maxim\.gradle\caches\9.6.0\md-supplier)"        [_thread_blocked, id=12740, stack(0x000000958ff00000,0x0000009590000000) (1024K)]
  0x000002442fddcfe0 JavaThread "Cache worker for cache directory md-rule (C:\Users\Maxim\.gradle\caches\9.6.0\md-rule)"        [_thread_blocked, id=4844, stack(0x0000009590000000,0x0000009590100000) (1024K)]
  0x000002442fdddf80 JavaThread "jar transforms"                    [_thread_blocked, id=8444, stack(0x0000009590100000,0x0000009590200000) (1024K)]
  0x000002442fddc040 JavaThread "jar transforms Thread 2"           [_thread_blocked, id=12264, stack(0x0000009590200000,0x0000009590300000) (1024K)]
  0x000002442fddb870 JavaThread "jar transforms Thread 3"           [_thread_blocked, id=4188, stack(0x0000009590300000,0x0000009590400000) (1024K)]
  0x000002442fddfec0 JavaThread "jar transforms Thread 4"           [_thread_blocked, id=8432, stack(0x0000009590400000,0x0000009590500000) (1024K)]
  0x000002442fde0e60 JavaThread "jar transforms Thread 5"           [_thread_blocked, id=3572, stack(0x0000009590500000,0x0000009590600000) (1024K)]
  0x0000024430e60a30 JavaThread "Build operations"                  [_thread_blocked, id=2368, stack(0x0000009590600000,0x0000009590700000) (1024K)]
  0x0000024430e60260 JavaThread "Build operations Thread 2"         [_thread_blocked, id=6228, stack(0x0000009590700000,0x0000009590800000) (1024K)]
  0x0000024430e5eaf0 JavaThread "Build operations Thread 3"         [_thread_blocked, id=2940, stack(0x0000009590800000,0x0000009590900000) (1024K)]
  0x0000024430e61200 JavaThread "Build operations Thread 4"         [_thread_blocked, id=11328, stack(0x0000009590900000,0x0000009590a00000) (1024K)]
  0x0000024432fe47e0 JavaThread "jar transforms Thread 6"           [_thread_blocked, id=12932, stack(0x0000009590a00000,0x0000009590b00000) (1024K)]
  0x0000024432fe6ef0 JavaThread "jar transforms Thread 7"           [_thread_blocked, id=2188, stack(0x0000009590b00000,0x0000009590c00000) (1024K)]
  0x0000024432fe6720 JavaThread "jar transforms Thread 8"           [_thread_blocked, id=2460, stack(0x0000009590c00000,0x0000009590d00000) (1024K)]
  0x0000024432fe4fb0 JavaThread "Configuration cache report writer"        [_thread_blocked, id=1440, stack(0x0000009590d00000,0x0000009590e00000) (1024K)]
  0x0000024432fead70 JavaThread "Unconstrained build operations"        [_thread_blocked, id=8644, stack(0x0000009590e00000,0x0000009590f00000) (1024K)]
  0x0000024430d949b0 JavaThread "Unconstrained build operations Thread 2"        [_thread_blocked, id=6256, stack(0x0000009590f00000,0x0000009591000000) (1024K)]
  0x0000024430d97890 JavaThread "File lock release action executor"        [_thread_blocked, id=11600, stack(0x000000958e300000,0x000000958e400000) (1024K)]
  0x0000024428769f70 JavaThread "pool-1-thread-1"                   [_thread_blocked, id=11752, stack(0x0000009591100000,0x0000009591200000) (1024K)]
  0x0000024433fbb090 JavaThread "build event listener"              [_thread_blocked, id=12584, stack(0x000000958ce00000,0x000000958cf00000) (1024K)]
  0x0000024433fbc030 JavaThread "Memory manager"                    [_thread_blocked, id=12692, stack(0x000000958cf00000,0x000000958d000000) (1024K)]
Total: 51

Other Threads:
  0x0000024427ff5200 VMThread "VM Thread"                           [id=6972, stack(0x000000958d800000,0x000000958d900000) (1024K)]
  0x0000024427fb40d0 WatcherThread "VM Periodic Task Thread"        [id=4760, stack(0x000000958d700000,0x000000958d800000) (1024K)]
  0x000002440dd00500 WorkerThread "GC Thread#0"                     [id=6760, stack(0x000000958d200000,0x000000958d300000) (1024K)]
  0x000002442d7945c0 WorkerThread "GC Thread#1"                     [id=1476, stack(0x000000958e400000,0x000000958e500000) (1024K)]
  0x000002442d7949f0 WorkerThread "GC Thread#2"                     [id=5532, stack(0x000000958e500000,0x000000958e600000) (1024K)]
  0x000002442d854250 WorkerThread "GC Thread#3"                     [id=4448, stack(0x000000958e600000,0x000000958e700000) (1024K)]
  0x000002442d854a90 WorkerThread "GC Thread#4"                     [id=3060, stack(0x000000958e700000,0x000000958e800000) (1024K)]
  0x000002442d854ec0 WorkerThread "GC Thread#5"                     [id=12976, stack(0x000000958e800000,0x000000958e900000) (1024K)]
  0x000002442e0a44d0 WorkerThread "GC Thread#6"                     [id=4856, stack(0x000000958ea00000,0x000000958eb00000) (1024K)]
  0x000002442e0a4920 WorkerThread "GC Thread#7"                     [id=7668, stack(0x000000958eb00000,0x000000958ec00000) (1024K)]
  0x000002440b8ddfe0 ConcurrentGCThread "G1 Main Marker"            [id=8556, stack(0x000000958d300000,0x000000958d400000) (1024K)]
  0x000002440b8deb80 WorkerThread "G1 Conc#0"                       [id=3952, stack(0x000000958d400000,0x000000958d500000) (1024K)]
  0x000002442e0a1560 WorkerThread "G1 Conc#1"                       [id=1652, stack(0x000000958ee00000,0x000000958ef00000) (1024K)]
  0x0000024427e6a500 ConcurrentGCThread "G1 Refine#0"               [id=11520, stack(0x000000958d500000,0x000000958d600000) (1024K)]
  0x0000024427e6b110 ConcurrentGCThread "G1 Service"                [id=7376, stack(0x000000958d600000,0x000000958d700000) (1024K)]
Total: 15

Threads with active compile tasks:
C2 CompilerThread0  63786 18189       4       com.esotericsoftware.kryo.io.Output::writeString (247 bytes)
Total: 1

VM state: not at safepoint (normal execution)

VM Mutex/Monitor currently owned by a thread: None

Heap address: 0x0000000700000000, size: 4096 MB, Compressed Oops mode: Zero based, Oop shift amount: 3

CDS archive(s) not mapped
Compressed class space mapped at: 0x000000008d000000-0x00000000cd000000, reserved size: 1073741824
UseCompressedClassPointers 1, UseCompactObjectHeaders 0
Narrow klass pointer bits 32, Max shift 3
Narrow klass base: 0x0000000000000000, Narrow klass shift: 0
Encoding Range: [0x0000000000000000 - 0x0000000100000000), (4294967296 bytes)
Klass Range:    [0x000000008d000000 - 0x00000000cd000000), (1073741824 bytes)
Klass ID Range:  [2365587456 - 3439329273) (1073741817)
No protection zone.

GC Precious Log:
 CardTable entry size: 512
 Card Set container configuration: InlinePtr #cards 4 size 8 Array Of Cards #cards 16 size 48 Howl #buckets 8 coarsen threshold 3686 Howl Bitmap #cards 512 size 80 coarsen threshold 460 Card regions per heap region 1 cards per card region 4096
 CPUs: 8 total, 8 available
 Memory: 8116M
 Large Page Support: Disabled
 NUMA Support: Disabled
 Compressed Oops: Enabled (Zero based)
 Heap Region Size: 2M
 Heap Min Capacity: 8M
 Heap Initial Capacity: 128M
 Heap Max Capacity: 4G
 Pre-touch: Disabled
 Parallel Workers: 8
 Concurrent Workers: 2
 Concurrent Refinement Workers: 8
 Periodic GC: Disabled

Heap:
 garbage-first heap   total reserved 4194304K, committed 411648K, used 317845K [0x0000000700000000, 0x0000000800000000)
  region size 2048K, 81 young (165888K), 9 survivors (18432K)

Heap Regions: E=young(eden), S=young(survivor), O=old, HS=humongous(starts), HC=humongous(continues), CS=collection set, F=free, TAMS=top-at-mark-start, PB=parsable bottom
|   0|0x0000000700000000, 0x0000000700200000, 0x0000000700200000|100%|HS|  |TAMS 0x0000000700000000| PB 0x0000000700000000| Complete |  0
|   1|0x0000000700200000, 0x0000000700400000, 0x0000000700400000|100%|HC|  |TAMS 0x0000000700200000| PB 0x0000000700200000| Complete |  0
|   2|0x0000000700400000, 0x0000000700600000, 0x0000000700600000|100%| O|  |TAMS 0x0000000700400000| PB 0x0000000700400000| Untracked |  0
|   3|0x0000000700600000, 0x0000000700800000, 0x0000000700800000|100%| O|  |TAMS 0x0000000700600000| PB 0x0000000700600000| Untracked |  0
|   4|0x0000000700800000, 0x0000000700a00000, 0x0000000700a00000|100%| O|  |TAMS 0x0000000700800000| PB 0x0000000700800000| Untracked |  0
|   5|0x0000000700a00000, 0x0000000700c00000, 0x0000000700c00000|100%| O|  |TAMS 0x0000000700a00000| PB 0x0000000700a00000| Untracked |  0
|   6|0x0000000700c00000, 0x0000000700e00000, 0x0000000700e00000|100%| O|  |TAMS 0x0000000700c00000| PB 0x0000000700c00000| Untracked |  0
|   7|0x0000000700e00000, 0x0000000701000000, 0x0000000701000000|100%| O|  |TAMS 0x0000000700e00000| PB 0x0000000700e00000| Untracked |  0
|   8|0x0000000701000000, 0x0000000701200000, 0x0000000701200000|100%| O|  |TAMS 0x0000000701000000| PB 0x0000000701000000| Untracked |  0
|   9|0x0000000701200000, 0x0000000701400000, 0x0000000701400000|100%| O|  |TAMS 0x0000000701200000| PB 0x0000000701200000| Untracked |  0
|  10|0x0000000701400000, 0x0000000701600000, 0x0000000701600000|100%| O|  |TAMS 0x0000000701400000| PB 0x0000000701400000| Untracked |  0
|  11|0x0000000701600000, 0x0000000701800000, 0x0000000701800000|100%| O|  |TAMS 0x0000000701600000| PB 0x0000000701600000| Untracked |  0
|  12|0x0000000701800000, 0x0000000701a00000, 0x0000000701a00000|100%| O|  |TAMS 0x0000000701800000| PB 0x0000000701800000| Untracked |  0
|  13|0x0000000701a00000, 0x0000000701c00000, 0x0000000701c00000|100%| O|  |TAMS 0x0000000701a00000| PB 0x0000000701a00000| Untracked |  0
|  14|0x0000000701c00000, 0x0000000701e00000, 0x0000000701e00000|100%| O|  |TAMS 0x0000000701c00000| PB 0x0000000701c00000| Untracked |  0
|  15|0x0000000701e00000, 0x0000000702000000, 0x0000000702000000|100%| O|  |TAMS 0x0000000701e00000| PB 0x0000000701e00000| Untracked |  0
|  16|0x0000000702000000, 0x0000000702200000, 0x0000000702200000|100%| O|  |TAMS 0x0000000702000000| PB 0x0000000702000000| Untracked |  0
|  17|0x0000000702200000, 0x0000000702400000, 0x0000000702400000|100%| O|  |TAMS 0x0000000702200000| PB 0x0000000702200000| Untracked |  0
|  18|0x0000000702400000, 0x0000000702600000, 0x0000000702600000|100%| O|  |TAMS 0x0000000702400000| PB 0x0000000702400000| Untracked |  0
|  19|0x0000000702600000, 0x0000000702800000, 0x0000000702800000|100%| O|  |TAMS 0x0000000702600000| PB 0x0000000702600000| Untracked |  0
|  20|0x0000000702800000, 0x0000000702a00000, 0x0000000702a00000|100%| O|  |TAMS 0x0000000702800000| PB 0x0000000702800000| Untracked |  0
|  21|0x0000000702a00000, 0x0000000702c00000, 0x0000000702c00000|100%| O|  |TAMS 0x0000000702a00000| PB 0x0000000702a00000| Untracked |  0
|  22|0x0000000702c00000, 0x0000000702e00000, 0x0000000702e00000|100%| O|  |TAMS 0x0000000702c00000| PB 0x0000000702c00000| Untracked |  0
|  23|0x0000000702e00000, 0x0000000703000000, 0x0000000703000000|100%| O|  |TAMS 0x0000000702e00000| PB 0x0000000702e00000| Untracked |  0
|  24|0x0000000703000000, 0x0000000703200000, 0x0000000703200000|100%| O|  |TAMS 0x0000000703000000| PB 0x0000000703000000| Untracked |  0
|  25|0x0000000703200000, 0x0000000703400000, 0x0000000703400000|100%| O|  |TAMS 0x0000000703200000| PB 0x0000000703200000| Untracked |  0
|  26|0x0000000703400000, 0x0000000703600000, 0x0000000703600000|100%| O|  |TAMS 0x0000000703400000| PB 0x0000000703400000| Untracked |  0
|  27|0x0000000703600000, 0x0000000703800000, 0x0000000703800000|100%| O|  |TAMS 0x0000000703600000| PB 0x0000000703600000| Untracked |  0
|  28|0x0000000703800000, 0x0000000703a00000, 0x0000000703a00000|100%| O|  |TAMS 0x0000000703800000| PB 0x0000000703800000| Untracked |  0
|  29|0x0000000703a00000, 0x0000000703a1c3c0, 0x0000000703c00000|  5%| O|Cm|TAMS 0x0000000703a00000| PB 0x0000000703a00000| Complete |  0
|  30|0x0000000703c00000, 0x0000000703e00000, 0x0000000703e00000|100%| O|  |TAMS 0x0000000703c00000| PB 0x0000000703c00000| Untracked |  0
|  31|0x0000000703e00000, 0x0000000704000000, 0x0000000704000000|100%| O|  |TAMS 0x0000000703e00000| PB 0x0000000703e00000| Untracked |  0
|  32|0x0000000704000000, 0x0000000704200000, 0x0000000704200000|100%| O|  |TAMS 0x0000000704000000| PB 0x0000000704000000| Untracked |  0
|  33|0x0000000704200000, 0x0000000704400000, 0x0000000704400000|100%| O|  |TAMS 0x0000000704200000| PB 0x0000000704200000| Untracked |  0
|  34|0x0000000704400000, 0x0000000704600000, 0x0000000704600000|100%| O|  |TAMS 0x0000000704400000| PB 0x0000000704400000| Untracked |  0
|  35|0x0000000704600000, 0x0000000704800000, 0x0000000704800000|100%| O|  |TAMS 0x0000000704600000| PB 0x0000000704600000| Untracked |  0
|  36|0x0000000704800000, 0x0000000704a00000, 0x0000000704a00000|100%| O|  |TAMS 0x0000000704800000| PB 0x0000000704800000| Untracked |  0
|  37|0x0000000704a00000, 0x0000000704c00000, 0x0000000704c00000|100%| O|  |TAMS 0x0000000704a00000| PB 0x0000000704a00000| Untracked |  0
|  38|0x0000000704c00000, 0x0000000704e00000, 0x0000000704e00000|100%| O|  |TAMS 0x0000000704c00000| PB 0x0000000704c00000| Untracked |  0
|  39|0x0000000704e00000, 0x0000000705000000, 0x0000000705000000|100%| O|  |TAMS 0x0000000704e00000| PB 0x0000000704e00000| Untracked |  0
|  40|0x0000000705000000, 0x0000000705200000, 0x0000000705200000|100%| O|  |TAMS 0x0000000705000000| PB 0x0000000705000000| Untracked |  0
|  41|0x0000000705200000, 0x0000000705400000, 0x0000000705400000|100%| O|  |TAMS 0x0000000705200000| PB 0x0000000705200000| Untracked |  0
|  42|0x0000000705400000, 0x0000000705600000, 0x0000000705600000|100%| O|  |TAMS 0x0000000705400000| PB 0x0000000705400000| Untracked |  0
|  43|0x0000000705600000, 0x0000000705800000, 0x0000000705800000|100%| O|  |TAMS 0x0000000705600000| PB 0x0000000705600000| Untracked |  0
|  44|0x0000000705800000, 0x0000000705a00000, 0x0000000705a00000|100%| O|  |TAMS 0x0000000705800000| PB 0x0000000705800000| Untracked |  0
|  45|0x0000000705a00000, 0x0000000705c00000, 0x0000000705c00000|100%| O|  |TAMS 0x0000000705a00000| PB 0x0000000705a00000| Untracked |  0
|  46|0x0000000705c00000, 0x0000000705e00000, 0x0000000705e00000|100%| O|  |TAMS 0x0000000705c00000| PB 0x0000000705c00000| Untracked |  0
|  47|0x0000000705e00000, 0x0000000706000000, 0x0000000706000000|100%| O|  |TAMS 0x0000000705e00000| PB 0x0000000705e00000| Untracked |  0
|  48|0x0000000706000000, 0x0000000706200000, 0x0000000706200000|100%| O|  |TAMS 0x0000000706000000| PB 0x0000000706000000| Untracked |  0
|  49|0x0000000706200000, 0x0000000706400000, 0x0000000706400000|100%| O|  |TAMS 0x0000000706200000| PB 0x0000000706200000| Untracked |  0
|  50|0x0000000706400000, 0x0000000706600000, 0x0000000706600000|100%| O|  |TAMS 0x0000000706400000| PB 0x0000000706400000| Untracked |  0
|  51|0x0000000706600000, 0x0000000706800000, 0x0000000706800000|100%| O|  |TAMS 0x0000000706600000| PB 0x0000000706600000| Untracked |  0
|  52|0x0000000706800000, 0x0000000706a00000, 0x0000000706a00000|100%| O|  |TAMS 0x0000000706800000| PB 0x0000000706800000| Untracked |  0
|  53|0x0000000706a00000, 0x0000000706c00000, 0x0000000706c00000|100%| O|  |TAMS 0x0000000706a00000| PB 0x0000000706a00000| Untracked |  0
|  54|0x0000000706c00000, 0x0000000706e00000, 0x0000000706e00000|100%| O|  |TAMS 0x0000000706c00000| PB 0x0000000706c00000| Untracked |  0
|  55|0x0000000706e00000, 0x0000000707000000, 0x0000000707000000|100%| O|  |TAMS 0x0000000706e00000| PB 0x0000000706e00000| Untracked |  0
|  56|0x0000000707000000, 0x00000007070a0e48, 0x0000000707200000| 31%| O|  |TAMS 0x0000000707000000| PB 0x0000000707000000| Untracked |  0
|  57|0x0000000707200000, 0x0000000707400000, 0x0000000707400000|100%|HS|  |TAMS 0x0000000707200000| PB 0x0000000707200000| Complete |  0
|  58|0x0000000707400000, 0x0000000707400000, 0x0000000707600000|  0%| F|  |TAMS 0x0000000707400000| PB 0x0000000707400000| Untracked |  0
|  59|0x0000000707600000, 0x0000000707600000, 0x0000000707800000|  0%| F|  |TAMS 0x0000000707600000| PB 0x0000000707600000| Untracked |  0
|  60|0x0000000707800000, 0x0000000707800000, 0x0000000707a00000|  0%| F|  |TAMS 0x0000000707800000| PB 0x0000000707800000| Untracked |  0
|  61|0x0000000707a00000, 0x0000000707a00000, 0x0000000707c00000|  0%| F|  |TAMS 0x0000000707a00000| PB 0x0000000707a00000| Untracked |  0
|  62|0x0000000707c00000, 0x0000000707c00000, 0x0000000707e00000|  0%| F|  |TAMS 0x0000000707c00000| PB 0x0000000707c00000| Untracked |  0
|  63|0x0000000707e00000, 0x0000000707e00000, 0x0000000708000000|  0%| F|  |TAMS 0x0000000707e00000| PB 0x0000000707e00000| Untracked |  0
|  64|0x0000000708000000, 0x00000007081a85d8, 0x0000000708200000| 82%| S|CS|TAMS 0x0000000708000000| PB 0x0000000708000000| Complete |  0
|  65|0x0000000708200000, 0x0000000708400000, 0x0000000708400000|100%| O|  |TAMS 0x0000000708200000| PB 0x0000000708200000| Untracked |  0
|  66|0x0000000708400000, 0x0000000708600000, 0x0000000708600000|100%| O|  |TAMS 0x0000000708400000| PB 0x0000000708400000| Untracked |  0
|  67|0x0000000708600000, 0x0000000708800000, 0x0000000708800000|100%| O|  |TAMS 0x0000000708600000| PB 0x0000000708600000| Untracked |  0
|  68|0x0000000708800000, 0x0000000708a00000, 0x0000000708a00000|100%| O|  |TAMS 0x0000000708800000| PB 0x0000000708800000| Untracked |  0
|  69|0x0000000708a00000, 0x0000000708c00000, 0x0000000708c00000|100%| O|  |TAMS 0x0000000708a00000| PB 0x0000000708a00000| Untracked |  0
|  70|0x0000000708c00000, 0x0000000708e00000, 0x0000000708e00000|100%| O|  |TAMS 0x0000000708c00000| PB 0x0000000708c00000| Untracked |  0
|  71|0x0000000708e00000, 0x0000000709000000, 0x0000000709000000|100%| O|  |TAMS 0x0000000708e00000| PB 0x0000000708e00000| Untracked |  0
|  72|0x0000000709000000, 0x0000000709200000, 0x0000000709200000|100%| O|  |TAMS 0x0000000709000000| PB 0x0000000709000000| Untracked |  0
|  73|0x0000000709200000, 0x0000000709400000, 0x0000000709400000|100%| O|  |TAMS 0x0000000709200000| PB 0x0000000709200000| Untracked |  0
|  74|0x0000000709400000, 0x0000000709600000, 0x0000000709600000|100%| O|  |TAMS 0x0000000709400000| PB 0x0000000709400000| Untracked |  0
|  75|0x0000000709600000, 0x0000000709800000, 0x0000000709800000|100%| O|  |TAMS 0x0000000709600000| PB 0x0000000709600000| Untracked |  0
|  76|0x0000000709800000, 0x0000000709a00000, 0x0000000709a00000|100%| O|  |TAMS 0x0000000709800000| PB 0x0000000709800000| Untracked |  0
|  77|0x0000000709a00000, 0x0000000709c00000, 0x0000000709c00000|100%| O|  |TAMS 0x0000000709a00000| PB 0x0000000709a00000| Untracked |  0
|  78|0x0000000709c00000, 0x0000000709e00000, 0x0000000709e00000|100%| O|  |TAMS 0x0000000709c00000| PB 0x0000000709c00000| Untracked |  0
|  79|0x0000000709e00000, 0x000000070a000000, 0x000000070a000000|100%| O|Cm|TAMS 0x0000000709e00000| PB 0x0000000709e00000| Complete |  0
|  80|0x000000070a000000, 0x000000070a200000, 0x000000070a200000|100%| S|CS|TAMS 0x000000070a000000| PB 0x000000070a000000| Complete |  0
|  81|0x000000070a200000, 0x000000070a400000, 0x000000070a400000|100%| S|CS|TAMS 0x000000070a200000| PB 0x000000070a200000| Complete |  0
|  82|0x000000070a400000, 0x000000070a600000, 0x000000070a600000|100%| S|CS|TAMS 0x000000070a400000| PB 0x000000070a400000| Complete |  0
|  83|0x000000070a600000, 0x000000070a600000, 0x000000070a800000|  0%| F|  |TAMS 0x000000070a600000| PB 0x000000070a600000| Untracked |  0
|  84|0x000000070a800000, 0x000000070a800000, 0x000000070aa00000|  0%| F|  |TAMS 0x000000070a800000| PB 0x000000070a800000| Untracked |  0
|  85|0x000000070aa00000, 0x000000070aa00000, 0x000000070ac00000|  0%| F|  |TAMS 0x000000070aa00000| PB 0x000000070aa00000| Untracked |  0
|  86|0x000000070ac00000, 0x000000070ac00000, 0x000000070ae00000|  0%| F|  |TAMS 0x000000070ac00000| PB 0x000000070ac00000| Untracked |  0
|  87|0x000000070ae00000, 0x000000070ae00000, 0x000000070b000000|  0%| F|  |TAMS 0x000000070ae00000| PB 0x000000070ae00000| Untracked |  0
|  88|0x000000070b000000, 0x000000070b000000, 0x000000070b200000|  0%| F|  |TAMS 0x000000070b000000| PB 0x000000070b000000| Untracked |  0
|  89|0x000000070b200000, 0x000000070b200000, 0x000000070b400000|  0%| F|  |TAMS 0x000000070b200000| PB 0x000000070b200000| Untracked |  0
|  90|0x000000070b400000, 0x000000070b600000, 0x000000070b600000|100%| S|CS|TAMS 0x000000070b400000| PB 0x000000070b400000| Complete |  0
|  91|0x000000070b600000, 0x000000070b800000, 0x000000070b800000|100%| S|CS|TAMS 0x000000070b600000| PB 0x000000070b600000| Complete |  0
|  92|0x000000070b800000, 0x000000070ba00000, 0x000000070ba00000|100%| S|CS|TAMS 0x000000070b800000| PB 0x000000070b800000| Complete |  0
|  93|0x000000070ba00000, 0x000000070bc00000, 0x000000070bc00000|100%| S|CS|TAMS 0x000000070ba00000| PB 0x000000070ba00000| Complete |  0
|  94|0x000000070bc00000, 0x000000070be00000, 0x000000070be00000|100%| S|CS|TAMS 0x000000070bc00000| PB 0x000000070bc00000| Complete |  0
|  95|0x000000070be00000, 0x000000070be00000, 0x000000070c000000|  0%| F|  |TAMS 0x000000070be00000| PB 0x000000070be00000| Untracked |  0
|  96|0x000000070c000000, 0x000000070c000000, 0x000000070c200000|  0%| F|  |TAMS 0x000000070c000000| PB 0x000000070c000000| Untracked |  0
|  97|0x000000070c200000, 0x000000070c200000, 0x000000070c400000|  0%| F|  |TAMS 0x000000070c200000| PB 0x000000070c200000| Untracked |  0
|  98|0x000000070c400000, 0x000000070c400000, 0x000000070c600000|  0%| F|  |TAMS 0x000000070c400000| PB 0x000000070c400000| Untracked |  0
|  99|0x000000070c600000, 0x000000070c600000, 0x000000070c800000|  0%| F|  |TAMS 0x000000070c600000| PB 0x000000070c600000| Untracked |  0
| 100|0x000000070c800000, 0x000000070c800000, 0x000000070ca00000|  0%| F|  |TAMS 0x000000070c800000| PB 0x000000070c800000| Untracked |  0
| 101|0x000000070ca00000, 0x000000070ca00000, 0x000000070cc00000|  0%| F|  |TAMS 0x000000070ca00000| PB 0x000000070ca00000| Untracked |  0
| 102|0x000000070cc00000, 0x000000070cc00000, 0x000000070ce00000|  0%| F|  |TAMS 0x000000070cc00000| PB 0x000000070cc00000| Untracked |  0
| 103|0x000000070ce00000, 0x000000070ce00000, 0x000000070d000000|  0%| F|  |TAMS 0x000000070ce00000| PB 0x000000070ce00000| Untracked |  0
| 104|0x000000070d000000, 0x000000070d000000, 0x000000070d200000|  0%| F|  |TAMS 0x000000070d000000| PB 0x000000070d000000| Untracked |  0
| 105|0x000000070d200000, 0x000000070d200000, 0x000000070d400000|  0%| F|  |TAMS 0x000000070d200000| PB 0x000000070d200000| Untracked |  0
| 106|0x000000070d400000, 0x000000070d400000, 0x000000070d600000|  0%| F|  |TAMS 0x000000070d400000| PB 0x000000070d400000| Untracked |  0
| 107|0x000000070d600000, 0x000000070d600000, 0x000000070d800000|  0%| F|  |TAMS 0x000000070d600000| PB 0x000000070d600000| Untracked |  0
| 108|0x000000070d800000, 0x000000070d800000, 0x000000070da00000|  0%| F|  |TAMS 0x000000070d800000| PB 0x000000070d800000| Untracked |  0
| 109|0x000000070da00000, 0x000000070da00000, 0x000000070dc00000|  0%| F|  |TAMS 0x000000070da00000| PB 0x000000070da00000| Untracked |  0
| 110|0x000000070dc00000, 0x000000070dc00000, 0x000000070de00000|  0%| F|  |TAMS 0x000000070dc00000| PB 0x000000070dc00000| Untracked |  0
| 111|0x000000070de00000, 0x000000070de00000, 0x000000070e000000|  0%| F|  |TAMS 0x000000070de00000| PB 0x000000070de00000| Untracked |  0
| 112|0x000000070e000000, 0x000000070e000000, 0x000000070e200000|  0%| F|  |TAMS 0x000000070e000000| PB 0x000000070e000000| Untracked |  0
| 113|0x000000070e200000, 0x000000070e200000, 0x000000070e400000|  0%| F|  |TAMS 0x000000070e200000| PB 0x000000070e200000| Untracked |  0
| 114|0x000000070e400000, 0x000000070e400000, 0x000000070e600000|  0%| F|  |TAMS 0x000000070e400000| PB 0x000000070e400000| Untracked |  0
| 115|0x000000070e600000, 0x000000070e600000, 0x000000070e800000|  0%| F|  |TAMS 0x000000070e600000| PB 0x000000070e600000| Untracked |  0
| 116|0x000000070e800000, 0x000000070e800000, 0x000000070ea00000|  0%| F|  |TAMS 0x000000070e800000| PB 0x000000070e800000| Untracked |  0
| 117|0x000000070ea00000, 0x000000070ea00000, 0x000000070ec00000|  0%| F|  |TAMS 0x000000070ea00000| PB 0x000000070ea00000| Untracked |  0
| 118|0x000000070ec00000, 0x000000070ec00000, 0x000000070ee00000|  0%| F|  |TAMS 0x000000070ec00000| PB 0x000000070ec00000| Untracked |  0
| 119|0x000000070ee00000, 0x000000070ee00000, 0x000000070f000000|  0%| F|  |TAMS 0x000000070ee00000| PB 0x000000070ee00000| Untracked |  0
| 120|0x000000070f000000, 0x000000070f000000, 0x000000070f200000|  0%| F|  |TAMS 0x000000070f000000| PB 0x000000070f000000| Untracked |  0
| 121|0x000000070f200000, 0x000000070f200000, 0x000000070f400000|  0%| F|  |TAMS 0x000000070f200000| PB 0x000000070f200000| Untracked |  0
| 122|0x000000070f400000, 0x000000070f400000, 0x000000070f600000|  0%| F|  |TAMS 0x000000070f400000| PB 0x000000070f400000| Untracked |  0
| 123|0x000000070f600000, 0x000000070f600000, 0x000000070f800000|  0%| F|  |TAMS 0x000000070f600000| PB 0x000000070f600000| Untracked |  0
| 124|0x000000070f800000, 0x000000070f800000, 0x000000070fa00000|  0%| F|  |TAMS 0x000000070f800000| PB 0x000000070f800000| Untracked |  0
| 125|0x000000070fa00000, 0x000000070fc00000, 0x000000070fc00000|100%| E|  |TAMS 0x000000070fa00000| PB 0x000000070fa00000| Complete |  0
| 126|0x000000070fc00000, 0x000000070fe00000, 0x000000070fe00000|100%| E|CS|TAMS 0x000000070fc00000| PB 0x000000070fc00000| Complete |  0
| 127|0x000000070fe00000, 0x0000000710000000, 0x0000000710000000|100%| E|CS|TAMS 0x000000070fe00000| PB 0x000000070fe00000| Complete |  0
| 128|0x0000000710000000, 0x0000000710200000, 0x0000000710200000|100%| E|CS|TAMS 0x0000000710000000| PB 0x0000000710000000| Complete |  0
| 129|0x0000000710200000, 0x0000000710400000, 0x0000000710400000|100%| E|CS|TAMS 0x0000000710200000| PB 0x0000000710200000| Complete |  0
| 130|0x0000000710400000, 0x0000000710600000, 0x0000000710600000|100%| E|CS|TAMS 0x0000000710400000| PB 0x0000000710400000| Complete |  0
| 131|0x0000000710600000, 0x0000000710800000, 0x0000000710800000|100%| E|CS|TAMS 0x0000000710600000| PB 0x0000000710600000| Complete |  0
| 132|0x0000000710800000, 0x0000000710a00000, 0x0000000710a00000|100%| E|CS|TAMS 0x0000000710800000| PB 0x0000000710800000| Complete |  0
| 133|0x0000000710a00000, 0x0000000710c00000, 0x0000000710c00000|100%| E|CS|TAMS 0x0000000710a00000| PB 0x0000000710a00000| Complete |  0
| 134|0x0000000710c00000, 0x0000000710e00000, 0x0000000710e00000|100%| E|CS|TAMS 0x0000000710c00000| PB 0x0000000710c00000| Complete |  0
| 135|0x0000000710e00000, 0x0000000711000000, 0x0000000711000000|100%| E|CS|TAMS 0x0000000710e00000| PB 0x0000000710e00000| Complete |  0
| 136|0x0000000711000000, 0x0000000711200000, 0x0000000711200000|100%| E|CS|TAMS 0x0000000711000000| PB 0x0000000711000000| Complete |  0
| 137|0x0000000711200000, 0x0000000711400000, 0x0000000711400000|100%| E|CS|TAMS 0x0000000711200000| PB 0x0000000711200000| Complete |  0
| 138|0x0000000711400000, 0x0000000711600000, 0x0000000711600000|100%| E|CS|TAMS 0x0000000711400000| PB 0x0000000711400000| Complete |  0
| 139|0x0000000711600000, 0x0000000711800000, 0x0000000711800000|100%| E|CS|TAMS 0x0000000711600000| PB 0x0000000711600000| Complete |  0
| 140|0x0000000711800000, 0x0000000711a00000, 0x0000000711a00000|100%| E|CS|TAMS 0x0000000711800000| PB 0x0000000711800000| Complete |  0
| 141|0x0000000711a00000, 0x0000000711c00000, 0x0000000711c00000|100%| E|CS|TAMS 0x0000000711a00000| PB 0x0000000711a00000| Complete |  0
| 142|0x0000000711c00000, 0x0000000711e00000, 0x0000000711e00000|100%| E|CS|TAMS 0x0000000711c00000| PB 0x0000000711c00000| Complete |  0
| 143|0x0000000711e00000, 0x0000000712000000, 0x0000000712000000|100%| E|CS|TAMS 0x0000000711e00000| PB 0x0000000711e00000| Complete |  0
| 144|0x0000000712000000, 0x0000000712200000, 0x0000000712200000|100%| E|CS|TAMS 0x0000000712000000| PB 0x0000000712000000| Complete |  0
| 145|0x0000000712200000, 0x0000000712400000, 0x0000000712400000|100%| E|CS|TAMS 0x0000000712200000| PB 0x0000000712200000| Complete |  0
| 146|0x0000000712400000, 0x0000000712600000, 0x0000000712600000|100%| E|CS|TAMS 0x0000000712400000| PB 0x0000000712400000| Complete |  0
| 147|0x0000000712600000, 0x0000000712800000, 0x0000000712800000|100%| E|CS|TAMS 0x0000000712600000| PB 0x0000000712600000| Complete |  0
| 148|0x0000000712800000, 0x0000000712a00000, 0x0000000712a00000|100%| E|CS|TAMS 0x0000000712800000| PB 0x0000000712800000| Complete |  0
| 149|0x0000000712a00000, 0x0000000712c00000, 0x0000000712c00000|100%| E|CS|TAMS 0x0000000712a00000| PB 0x0000000712a00000| Complete |  0
| 150|0x0000000712c00000, 0x0000000712e00000, 0x0000000712e00000|100%| E|CS|TAMS 0x0000000712c00000| PB 0x0000000712c00000| Complete |  0
| 151|0x0000000712e00000, 0x0000000713000000, 0x0000000713000000|100%| E|CS|TAMS 0x0000000712e00000| PB 0x0000000712e00000| Complete |  0
| 152|0x0000000713000000, 0x0000000713200000, 0x0000000713200000|100%| E|CS|TAMS 0x0000000713000000| PB 0x0000000713000000| Complete |  0
| 153|0x0000000713200000, 0x0000000713400000, 0x0000000713400000|100%| E|CS|TAMS 0x0000000713200000| PB 0x0000000713200000| Complete |  0
| 154|0x0000000713400000, 0x0000000713600000, 0x0000000713600000|100%| E|CS|TAMS 0x0000000713400000| PB 0x0000000713400000| Complete |  0
| 155|0x0000000713600000, 0x0000000713800000, 0x0000000713800000|100%| E|CS|TAMS 0x0000000713600000| PB 0x0000000713600000| Complete |  0
| 156|0x0000000713800000, 0x0000000713a00000, 0x0000000713a00000|100%| E|CS|TAMS 0x0000000713800000| PB 0x0000000713800000| Complete |  0
| 157|0x0000000713a00000, 0x0000000713c00000, 0x0000000713c00000|100%| E|CS|TAMS 0x0000000713a00000| PB 0x0000000713a00000| Complete |  0
| 158|0x0000000713c00000, 0x0000000713e00000, 0x0000000713e00000|100%| E|CS|TAMS 0x0000000713c00000| PB 0x0000000713c00000| Complete |  0
| 159|0x0000000713e00000, 0x0000000714000000, 0x0000000714000000|100%| E|CS|TAMS 0x0000000713e00000| PB 0x0000000713e00000| Complete |  0
| 160|0x0000000714000000, 0x0000000714200000, 0x0000000714200000|100%| E|CS|TAMS 0x0000000714000000| PB 0x0000000714000000| Complete |  0
| 161|0x0000000714200000, 0x0000000714400000, 0x0000000714400000|100%| E|CS|TAMS 0x0000000714200000| PB 0x0000000714200000| Complete |  0
| 162|0x0000000714400000, 0x0000000714600000, 0x0000000714600000|100%| E|CS|TAMS 0x0000000714400000| PB 0x0000000714400000| Complete |  0
| 163|0x0000000714600000, 0x0000000714800000, 0x0000000714800000|100%| E|CS|TAMS 0x0000000714600000| PB 0x0000000714600000| Complete |  0
| 164|0x0000000714800000, 0x0000000714a00000, 0x0000000714a00000|100%| E|CS|TAMS 0x0000000714800000| PB 0x0000000714800000| Complete |  0
| 165|0x0000000714a00000, 0x0000000714c00000, 0x0000000714c00000|100%| E|CS|TAMS 0x0000000714a00000| PB 0x0000000714a00000| Complete |  0
| 166|0x0000000714c00000, 0x0000000714e00000, 0x0000000714e00000|100%| E|CS|TAMS 0x0000000714c00000| PB 0x0000000714c00000| Complete |  0
| 167|0x0000000714e00000, 0x0000000715000000, 0x0000000715000000|100%| E|CS|TAMS 0x0000000714e00000| PB 0x0000000714e00000| Complete |  0
| 168|0x0000000715000000, 0x0000000715200000, 0x0000000715200000|100%| E|CS|TAMS 0x0000000715000000| PB 0x0000000715000000| Complete |  0
| 169|0x0000000715200000, 0x0000000715400000, 0x0000000715400000|100%| E|CS|TAMS 0x0000000715200000| PB 0x0000000715200000| Complete |  0
| 170|0x0000000715400000, 0x0000000715600000, 0x0000000715600000|100%| E|CS|TAMS 0x0000000715400000| PB 0x0000000715400000| Complete |  0
| 171|0x0000000715600000, 0x0000000715800000, 0x0000000715800000|100%| E|CS|TAMS 0x0000000715600000| PB 0x0000000715600000| Complete |  0
| 172|0x0000000715800000, 0x0000000715a00000, 0x0000000715a00000|100%| E|CS|TAMS 0x0000000715800000| PB 0x0000000715800000| Complete |  0
| 173|0x0000000715a00000, 0x0000000715c00000, 0x0000000715c00000|100%| E|CS|TAMS 0x0000000715a00000| PB 0x0000000715a00000| Complete |  0
| 174|0x0000000715c00000, 0x0000000715e00000, 0x0000000715e00000|100%| E|CS|TAMS 0x0000000715c00000| PB 0x0000000715c00000| Complete |  0
| 175|0x0000000715e00000, 0x0000000716000000, 0x0000000716000000|100%| E|CS|TAMS 0x0000000715e00000| PB 0x0000000715e00000| Complete |  0
| 176|0x0000000716000000, 0x0000000716200000, 0x0000000716200000|100%| E|CS|TAMS 0x0000000716000000| PB 0x0000000716000000| Complete |  0
| 177|0x0000000716200000, 0x0000000716400000, 0x0000000716400000|100%| E|CS|TAMS 0x0000000716200000| PB 0x0000000716200000| Complete |  0
| 184|0x0000000717000000, 0x0000000717200000, 0x0000000717200000|100%| E|CS|TAMS 0x0000000717000000| PB 0x0000000717000000| Complete |  0
| 185|0x0000000717200000, 0x0000000717400000, 0x0000000717400000|100%| E|CS|TAMS 0x0000000717200000| PB 0x0000000717200000| Complete |  0
| 186|0x0000000717400000, 0x0000000717600000, 0x0000000717600000|100%| E|CS|TAMS 0x0000000717400000| PB 0x0000000717400000| Complete |  0
| 187|0x0000000717600000, 0x0000000717800000, 0x0000000717800000|100%| E|CS|TAMS 0x0000000717600000| PB 0x0000000717600000| Complete |  0
| 188|0x0000000717800000, 0x0000000717a00000, 0x0000000717a00000|100%| E|CS|TAMS 0x0000000717800000| PB 0x0000000717800000| Complete |  0
| 189|0x0000000717a00000, 0x0000000717c00000, 0x0000000717c00000|100%| E|CS|TAMS 0x0000000717a00000| PB 0x0000000717a00000| Complete |  0
| 190|0x0000000717c00000, 0x0000000717e00000, 0x0000000717e00000|100%| E|CS|TAMS 0x0000000717c00000| PB 0x0000000717c00000| Complete |  0
| 191|0x0000000717e00000, 0x0000000718000000, 0x0000000718000000|100%| E|CS|TAMS 0x0000000717e00000| PB 0x0000000717e00000| Complete |  0
| 192|0x0000000718000000, 0x0000000718200000, 0x0000000718200000|100%| E|CS|TAMS 0x0000000718000000| PB 0x0000000718000000| Complete |  0
| 193|0x0000000718200000, 0x0000000718400000, 0x0000000718400000|100%| E|CS|TAMS 0x0000000718200000| PB 0x0000000718200000| Complete |  0
| 194|0x0000000718400000, 0x0000000718600000, 0x0000000718600000|100%| E|CS|TAMS 0x0000000718400000| PB 0x0000000718400000| Complete |  0
| 195|0x0000000718600000, 0x0000000718800000, 0x0000000718800000|100%| E|CS|TAMS 0x0000000718600000| PB 0x0000000718600000| Complete |  0
| 196|0x0000000718800000, 0x0000000718a00000, 0x0000000718a00000|100%| E|CS|TAMS 0x0000000718800000| PB 0x0000000718800000| Complete |  0
| 197|0x0000000718a00000, 0x0000000718c00000, 0x0000000718c00000|100%| E|CS|TAMS 0x0000000718a00000| PB 0x0000000718a00000| Complete |  0
| 198|0x0000000718c00000, 0x0000000718e00000, 0x0000000718e00000|100%| E|CS|TAMS 0x0000000718c00000| PB 0x0000000718c00000| Complete |  0
| 199|0x0000000718e00000, 0x0000000719000000, 0x0000000719000000|100%| E|CS|TAMS 0x0000000718e00000| PB 0x0000000718e00000| Complete |  0
| 200|0x0000000719000000, 0x0000000719200000, 0x0000000719200000|100%| E|CS|TAMS 0x0000000719000000| PB 0x0000000719000000| Complete |  0
|2042|0x00000007ff400000, 0x00000007ff600000, 0x00000007ff600000|100%| O|  |TAMS 0x00000007ff400000| PB 0x00000007ff400000| Untracked |  0
|2043|0x00000007ff600000, 0x00000007ff800000, 0x00000007ff800000|100%| O|  |TAMS 0x00000007ff600000| PB 0x00000007ff600000| Untracked |  0
|2044|0x00000007ff800000, 0x00000007ffa00000, 0x00000007ffa00000|100%| O|  |TAMS 0x00000007ff800000| PB 0x00000007ff800000| Untracked |  0
|2045|0x00000007ffa00000, 0x00000007ffc00000, 0x00000007ffc00000|100%| E|CS|TAMS 0x00000007ffa00000| PB 0x00000007ffa00000| Complete |  0
|2046|0x00000007ffc00000, 0x00000007ffe00000, 0x00000007ffe00000|100%| E|CS|TAMS 0x00000007ffc00000| PB 0x00000007ffc00000| Complete |  0
|2047|0x00000007ffe00000, 0x0000000800000000, 0x0000000800000000|100%| O|  |TAMS 0x00000007ffe00000| PB 0x00000007ffe00000| Untracked |  0

Card table byte_map: [0x0000024420de0000,0x00000244215e0000] _byte_map_base: 0x000002441d5e0000

Marking Bits: (CMBitMap*) 0x000002440dd014a0
 Bits: [0x00000244215e0000, 0x00000244255e0000)

Polling page: 0x000002440ba80000

Metaspace:
Metaspace        used 158772K, committed 161088K, reserved 1245184K
 class space     used 21841K, committed 22912K, reserved 1048576K

Usage:
  Non-class:    133.72 MB used.
      Class:     21.33 MB used.
       Both:    155.05 MB used.

Virtual space:
  Non-class space:      192.00 MB reserved,     134.94 MB ( 70%) committed,  3 nodes.
      Class space:        1.00 GB reserved,      22.38 MB (  2%) committed,  1 nodes.
             Both:        1.19 GB reserved,     157.31 MB ( 13%) committed. 

Chunk freelists:
   Non-Class:  9.04 MB
       Class:  9.46 MB
        Both:  18.50 MB

MaxMetaspaceSize: unlimited
CompressedClassSpaceSize: 1.00 GB
Initial GC threshold: 21.00 MB
Current GC threshold: 242.94 MB
CDS: off
 - commit_granule_bytes: 65536.
 - commit_granule_words: 8192.
 - virtual_space_node_default_size: 8388608.
 - enlarge_chunks_in_place: 1.
UseCompressedClassPointers 1, UseCompactObjectHeaders 0
Narrow klass pointer bits 32, Max shift 3
Narrow klass base: 0x0000000000000000, Narrow klass shift: 0
Encoding Range: [0x0000000000000000 - 0x0000000100000000), (4294967296 bytes)
Klass Range:    [0x000000008d000000 - 0x00000000cd000000), (1073741824 bytes)
Klass ID Range:  [2365587456 - 3439329273) (1073741817)
No protection zone.


Internal statistics:

num_allocs_failed_limit: 12.
num_arena_births: 4290.
num_arena_deaths: 10.
num_vsnodes_births: 4.
num_vsnodes_deaths: 0.
num_space_committed: 2517.
num_space_uncommitted: 0.
num_chunks_returned_to_freelist: 27.
num_chunks_taken_from_freelist: 10156.
num_chunk_merges: 12.
num_chunk_splits: 7223.
num_chunks_enlarged: 5206.
num_inconsistent_stats: 0.

CodeHeap 'non-profiled nmethods': size=120064Kb used=7665Kb max_used=7665Kb free=112398Kb
 bounds [0x0000024418c60000, 0x00000244193e0000, 0x00000244201a0000]
CodeHeap 'profiled nmethods': size=120064Kb used=20008Kb max_used=20008Kb free=100055Kb
 bounds [0x0000024411180000, 0x0000024412510000, 0x00000244186c0000]
CodeHeap 'non-nmethods': size=5760Kb used=2340Kb max_used=2524Kb free=3419Kb
 bounds [0x00000244186c0000, 0x0000024418950000, 0x0000024418c60000]
CodeCache: size=245888Kb, used=30013Kb, max_used=30197Kb, free=215872Kb
 total_blobs=15845, nmethods=14662, adapters=1083, full_count=0
Compilation: enabled, stopped_count=0, restarted_count=0

Compilation events (20 events):
Event: 63.600 Thread 0x0000024428198720 18235       1       com.android.build.gradle.options.BooleanOption::getPropertyName (5 bytes)
Event: 63.600 Thread 0x0000024428198720 nmethod 18235 0x00000244193d8788 code [0x00000244193d8880, 0x00000244193d8948]
Event: 63.608 Thread 0x0000024428041790 nmethod 18185 0x00000244193d8a88 code [0x00000244193d8b80, 0x00000244193db118]
Event: 63.608 Thread 0x0000024428041790 18242   !   4       java.nio.charset.CharsetEncoder::encode (273 bytes)
Event: 63.612 Thread 0x0000024428041790 nmethod 18242 0x00000244193db188 code [0x00000244193db280, 0x00000244193db5f0]
Event: 63.612 Thread 0x0000024428041790 18243       4       com.fasterxml.jackson.core.json.WriterBasedJsonGenerator::_writeString2 (138 bytes)
Event: 63.621 Thread 0x0000024428041790 nmethod 18243 0x00000244193db608 code [0x00000244193db700, 0x00000244193dbc20]
Event: 63.621 Thread 0x0000024428041790 18205 %     4       java.lang.StringCoding::implEncodeAsciiArray @ 3 (47 bytes)
Event: 63.629 Thread 0x0000024428198720 18254       3       java.util.Collections$EmptyMap::values (4 bytes)
Event: 63.629 Thread 0x0000024428198720 nmethod 18254 0x00000244124fec88 code [0x00000244124fed80, 0x00000244124feee8]
Event: 63.629 Thread 0x0000024428198720 18255       3       org.gradle.internal.instantiation.generator.AsmBackedClassGenerator$ClassBuilderImpl::access$2700 (4 bytes)
Event: 63.629 Thread 0x0000024428198720 nmethod 18255 0x00000244124fef88 code [0x00000244124ff080, 0x00000244124ff170]
Event: 63.630 Thread 0x0000024428041790 nmethod 18205% 0x00000244193dbc88 code [0x00000244193dbd80, 0x00000244193dc1b8]
Event: 63.630 Thread 0x0000024428041790 18189       4       com.esotericsoftware.kryo.io.Output::writeString (247 bytes)
Event: 63.637 Thread 0x0000024428198720 18256   !   3       com.google.common.cache.LocalCache$Segment::get (210 bytes)
Event: 63.639 Thread 0x0000024428198720 nmethod 18256 0x00000244124ff288 code [0x00000244124ff380, 0x0000024412500c88]
Event: 63.639 Thread 0x0000024428198720 18257       3       org.gradle.tooling.internal.provider.runner.ClientForwardingBuildOperationListener::started (48 bytes)
Event: 63.639 Thread 0x0000024428198720 nmethod 18257 0x0000024412500d08 code [0x0000024412500e00, 0x0000024412501878]
Event: 63.639 Thread 0x0000024428198720 18258       3       com.google.common.collect.AbstractSetMultimap::<init> (6 bytes)
Event: 63.639 Thread 0x0000024428198720 nmethod 18258 0x0000024412501908 code [0x0000024412501a00, 0x0000024412501e98]

GC Heap Usage History (20 events):
Event: 49.456 {heap Before GC invocations=65 (full 0):
 garbage-first heap   total reserved 4194304K, committed 348160K, used 299470K [0x0000000700000000, 0x0000000800000000)
  region size 2048K, 102 young (208896K), 3 survivors (6144K)
}
Event: 49.465 {heap After GC invocations=66 (full 0):
 garbage-first heap   total reserved 4194304K, committed 348160K, used 103409K [0x0000000700000000, 0x0000000800000000)
  region size 2048K, 7 young (14336K), 7 survivors (14336K)
}
Event: 49.941 {heap Before GC invocations=67 (full 0):
 garbage-first heap   total reserved 4194304K, committed 348160K, used 297969K [0x0000000700000000, 0x0000000800000000)
  region size 2048K, 102 young (208896K), 7 survivors (14336K)
}
Event: 49.951 {heap After GC invocations=68 (full 0):
 garbage-first heap   total reserved 4194304K, committed 348160K, used 103829K [0x0000000700000000, 0x0000000800000000)
  region size 2048K, 7 young (14336K), 7 survivors (14336K)
}
Event: 50.516 {heap Before GC invocations=68 (full 0):
 garbage-first heap   total reserved 4194304K, committed 348160K, used 298389K [0x0000000700000000, 0x0000000800000000)
  region size 2048K, 102 young (208896K), 7 survivors (14336K)
}
Event: 50.525 {heap After GC invocations=69 (full 0):
 garbage-first heap   total reserved 4194304K, committed 348160K, used 96184K [0x0000000700000000, 0x0000000800000000)
  region size 2048K, 4 young (8192K), 4 survivors (8192K)
}
Event: 50.996 {heap Before GC invocations=69 (full 0):
 garbage-first heap   total reserved 4194304K, committed 348160K, used 294840K [0x0000000700000000, 0x0000000800000000)
  region size 2048K, 102 young (208896K), 4 survivors (8192K)
}
Event: 51.005 {heap After GC invocations=70 (full 0):
 garbage-first heap   total reserved 4194304K, committed 417792K, used 99941K [0x0000000700000000, 0x0000000800000000)
  region size 2048K, 5 young (10240K), 5 survivors (10240K)
}
Event: 51.437 {heap Before GC invocations=71 (full 0):
 garbage-first heap   total reserved 4194304K, committed 335872K, used 290405K [0x0000000700000000, 0x0000000800000000)
  region size 2048K, 98 young (200704K), 5 survivors (10240K)
}
Event: 51.444 {heap After GC invocations=72 (full 0):
 garbage-first heap   total reserved 4194304K, committed 335872K, used 96913K [0x0000000700000000, 0x0000000800000000)
  region size 2048K, 4 young (8192K), 4 survivors (8192K)
}
Event: 51.859 {heap Before GC invocations=72 (full 0):
 garbage-first heap   total reserved 4194304K, committed 335872K, used 289425K [0x0000000700000000, 0x0000000800000000)
  region size 2048K, 98 young (200704K), 4 survivors (8192K)
}
Event: 51.869 {heap After GC invocations=73 (full 0):
 garbage-first heap   total reserved 4194304K, committed 335872K, used 98877K [0x0000000700000000, 0x0000000800000000)
  region size 2048K, 5 young (10240K), 5 survivors (10240K)
}
Event: 53.330 {heap Before GC invocations=73 (full 0):
 garbage-first heap   total reserved 4194304K, committed 335872K, used 287293K [0x0000000700000000, 0x0000000800000000)
  region size 2048K, 98 young (200704K), 5 survivors (10240K)
}
Event: 53.339 {heap After GC invocations=74 (full 0):
 garbage-first heap   total reserved 4194304K, committed 335872K, used 97002K [0x0000000700000000, 0x0000000800000000)
  region size 2048K, 4 young (8192K), 4 survivors (8192K)
}
Event: 55.784 {heap Before GC invocations=75 (full 0):
 garbage-first heap   total reserved 4194304K, committed 335872K, used 287466K [0x0000000700000000, 0x0000000800000000)
  region size 2048K, 98 young (200704K), 4 survivors (8192K)
}
Event: 55.818 {heap After GC invocations=76 (full 0):
 garbage-first heap   total reserved 4194304K, committed 342016K, used 137205K [0x0000000700000000, 0x0000000800000000)
  region size 2048K, 13 young (26624K), 13 survivors (26624K)
}
Event: 58.197 {heap Before GC invocations=76 (full 0):
 garbage-first heap   total reserved 4194304K, committed 342016K, used 286709K [0x0000000700000000, 0x0000000800000000)
  region size 2048K, 86 young (176128K), 13 survivors (26624K)
}
Event: 58.231 {heap After GC invocations=77 (full 0):
 garbage-first heap   total reserved 4194304K, committed 342016K, used 152945K [0x0000000700000000, 0x0000000800000000)
  region size 2048K, 7 young (14336K), 7 survivors (14336K)
}
Event: 60.661 {heap Before GC invocations=77 (full 0):
 garbage-first heap   total reserved 4194304K, committed 342016K, used 292209K [0x0000000700000000, 0x0000000800000000)
  region size 2048K, 75 young (153600K), 7 survivors (14336K)
}
Event: 60.685 {heap After GC invocations=78 (full 0):
 garbage-first heap   total reserved 4194304K, committed 411648K, used 170389K [0x0000000700000000, 0x0000000800000000)
  region size 2048K, 9 young (18432K), 9 survivors (18432K)
}

Metaspace Usage History (20 events):
Event: 49.456 {metaspace Before GC invocations=65 (full 0):
 Metaspace       used 90932K, committed 92992K, reserved 1179648K
  class space    used 13055K, committed 13952K, reserved 1048576K
}
Event: 49.465 {metaspace After GC invocations=66 (full 0):
 Metaspace       used 90932K, committed 92992K, reserved 1179648K
  class space    used 13055K, committed 13952K, reserved 1048576K
}
Event: 49.941 {metaspace Before GC invocations=67 (full 0):
 Metaspace       used 90932K, committed 92992K, reserved 1179648K
  class space    used 13055K, committed 13952K, reserved 1048576K
}
Event: 49.951 {metaspace After GC invocations=68 (full 0):
 Metaspace       used 90932K, committed 92992K, reserved 1179648K
  class space    used 13055K, committed 13952K, reserved 1048576K
}
Event: 50.516 {metaspace Before GC invocations=68 (full 0):
 Metaspace       used 90954K, committed 92992K, reserved 1179648K
  class space    used 13056K, committed 13952K, reserved 1048576K
}
Event: 50.525 {metaspace After GC invocations=69 (full 0):
 Metaspace       used 90954K, committed 92992K, reserved 1179648K
  class space    used 13056K, committed 13952K, reserved 1048576K
}
Event: 50.996 {metaspace Before GC invocations=69 (full 0):
 Metaspace       used 90954K, committed 92992K, reserved 1179648K
  class space    used 13056K, committed 13952K, reserved 1048576K
}
Event: 51.005 {metaspace After GC invocations=70 (full 0):
 Metaspace       used 90954K, committed 92992K, reserved 1179648K
  class space    used 13056K, committed 13952K, reserved 1048576K
}
Event: 51.437 {metaspace Before GC invocations=71 (full 0):
 Metaspace       used 90960K, committed 92992K, reserved 1179648K
  class space    used 13056K, committed 13952K, reserved 1048576K
}
Event: 51.444 {metaspace After GC invocations=72 (full 0):
 Metaspace       used 90960K, committed 92992K, reserved 1179648K
  class space    used 13056K, committed 13952K, reserved 1048576K
}
Event: 51.859 {metaspace Before GC invocations=72 (full 0):
 Metaspace       used 90968K, committed 92992K, reserved 1179648K
  class space    used 13056K, committed 13952K, reserved 1048576K
}
Event: 51.869 {metaspace After GC invocations=73 (full 0):
 Metaspace       used 90968K, committed 92992K, reserved 1179648K
  class space    used 13056K, committed 13952K, reserved 1048576K
}
Event: 53.330 {metaspace Before GC invocations=73 (full 0):
 Metaspace       used 99966K, committed 102144K, reserved 1179648K
  class space    used 14754K, committed 15744K, reserved 1048576K
}
Event: 53.339 {metaspace After GC invocations=74 (full 0):
 Metaspace       used 99966K, committed 102144K, reserved 1179648K
  class space    used 14754K, committed 15744K, reserved 1048576K
}
Event: 55.784 {metaspace Before GC invocations=75 (full 0):
 Metaspace       used 113942K, committed 116032K, reserved 1179648K
  class space    used 16453K, committed 17408K, reserved 1048576K
}
Event: 55.818 {metaspace After GC invocations=76 (full 0):
 Metaspace       used 113942K, committed 116032K, reserved 1179648K
  class space    used 16453K, committed 17408K, reserved 1048576K
}
Event: 58.197 {metaspace Before GC invocations=76 (full 0):
 Metaspace       used 131937K, committed 134080K, reserved 1179648K
  class space    used 18502K, committed 19456K, reserved 1048576K
}
Event: 58.231 {metaspace After GC invocations=77 (full 0):
 Metaspace       used 131937K, committed 134080K, reserved 1179648K
  class space    used 18502K, committed 19456K, reserved 1048576K
}
Event: 60.661 {metaspace Before GC invocations=77 (full 0):
 Metaspace       used 146327K, committed 148480K, reserved 1179648K
  class space    used 20212K, committed 21184K, reserved 1048576K
}
Event: 60.685 {metaspace After GC invocations=78 (full 0):
 Metaspace       used 146327K, committed 148480K, reserved 1179648K
  class space    used 20212K, committed 21184K, reserved 1048576K
}

Dll operation events (3 events):
Event: 0.015 Loaded shared library C:\Program Files\Android\Android Studio\jbr\bin\java.dll
Event: 0.020 Loaded shared library C:\Program Files\Android\Android Studio\jbr\bin\zip.dll
Event: 0.696 Loaded shared library C:\Program Files\Android\Android Studio\jbr\bin\verify.dll

Deoptimization events (20 events):
Event: 63.578 Thread 0x0000024432fe4fb0 Uncommon trap: trap_request=0xffffffde fr.pc=0x0000024418f52b4c relative=0x00000000000000cc
Event: 63.578 Thread 0x0000024432fe4fb0 Uncommon trap: reason=class_check action=maybe_recompile pc=0x0000024418f52b4c method=org.gradle.internal.hash.HashingOutputStream.write([BII)V @ 19 c2
Event: 63.578 Thread 0x0000024432fe4fb0 DEOPT PACKING pc=0x0000024418f52b4c sp=0x0000009590dfdda0
Event: 63.578 Thread 0x0000024432fe4fb0 DEOPT UNPACKING pc=0x00000244187d4682 sp=0x0000009590dfdd28 mode 2
Event: 63.580 Thread 0x0000024432fe4fb0 Uncommon trap: trap_request=0xffffffde fr.pc=0x0000024418f52b4c relative=0x00000000000000cc
Event: 63.580 Thread 0x0000024432fe4fb0 Uncommon trap: reason=class_check action=maybe_recompile pc=0x0000024418f52b4c method=org.gradle.internal.hash.HashingOutputStream.write([BII)V @ 19 c2
Event: 63.580 Thread 0x0000024432fe4fb0 DEOPT PACKING pc=0x0000024418f52b4c sp=0x0000009590dfde50
Event: 63.580 Thread 0x0000024432fe4fb0 DEOPT UNPACKING pc=0x00000244187d4682 sp=0x0000009590dfddd8 mode 2
Event: 63.586 Thread 0x0000024432fe4fb0 Uncommon trap: trap_request=0xffffffde fr.pc=0x0000024418f52b4c relative=0x00000000000000cc
Event: 63.586 Thread 0x0000024432fe4fb0 Uncommon trap: reason=class_check action=maybe_recompile pc=0x0000024418f52b4c method=org.gradle.internal.hash.HashingOutputStream.write([BII)V @ 19 c2
Event: 63.586 Thread 0x0000024432fe4fb0 DEOPT PACKING pc=0x0000024418f52b4c sp=0x0000009590dfddc0
Event: 63.586 Thread 0x0000024432fe4fb0 DEOPT UNPACKING pc=0x00000244187d4682 sp=0x0000009590dfdd48 mode 2
Event: 63.601 Thread 0x000002442f23aa80 Uncommon trap: trap_request=0xffffffde fr.pc=0x0000024418dc38c8 relative=0x0000000000000048
Event: 63.601 Thread 0x000002442f23aa80 Uncommon trap: reason=class_check action=maybe_recompile pc=0x0000024418dc38c8 method=java.lang.StringConcatHelper.stringOf(Ljava/lang/Object;)Ljava/lang/String; @ 5 c2
Event: 63.601 Thread 0x000002442f23aa80 DEOPT PACKING pc=0x0000024418dc38c8 sp=0x000000958f2f6e10
Event: 63.601 Thread 0x000002442f23aa80 DEOPT UNPACKING pc=0x00000244187d4682 sp=0x000000958f2f6da8 mode 2
Event: 63.601 Thread 0x000002442f23aa80 Uncommon trap: trap_request=0xffffffde fr.pc=0x0000024418dc38c8 relative=0x0000000000000048
Event: 63.601 Thread 0x000002442f23aa80 Uncommon trap: reason=class_check action=maybe_recompile pc=0x0000024418dc38c8 method=java.lang.StringConcatHelper.stringOf(Ljava/lang/Object;)Ljava/lang/String; @ 5 c2
Event: 63.601 Thread 0x000002442f23aa80 DEOPT PACKING pc=0x0000024418dc38c8 sp=0x000000958f2f6e10
Event: 63.601 Thread 0x000002442f23aa80 DEOPT UNPACKING pc=0x00000244187d4682 sp=0x000000958f2f6da8 mode 2

Classes loaded (20 events):
Event: 63.314 Loading class java/lang/management/RuntimeMXBean
Event: 63.314 Loading class java/lang/management/RuntimeMXBean done
Event: 63.315 Loading class java/awt/GraphicsEnvironment
Event: 63.315 Loading class java/awt/GraphicsEnvironment done
Event: 63.316 Loading class java/lang/management/ClassLoadingMXBean
Event: 63.316 Loading class java/lang/management/ClassLoadingMXBean done
Event: 63.317 Loading class java/lang/management/ThreadMXBean
Event: 63.317 Loading class java/lang/management/ThreadMXBean done
Event: 63.318 Loading class java/util/stream/ReduceOps$2
Event: 63.318 Loading class java/util/stream/ReduceOps$2 done
Event: 63.318 Loading class java/util/stream/ReduceOps$2ReducingSink
Event: 63.318 Loading class java/util/stream/ReduceOps$2ReducingSink done
Event: 63.318 Loading class sun/management/ClassLoadingImpl
Event: 63.318 Loading class sun/management/ClassLoadingImpl done
Event: 63.348 Loading class com/sun/management/internal/HotSpotThreadImpl
Event: 63.348 Loading class com/sun/management/ThreadMXBean
Event: 63.348 Loading class com/sun/management/ThreadMXBean done
Event: 63.348 Loading class sun/management/ThreadImpl
Event: 63.349 Loading class sun/management/ThreadImpl done
Event: 63.349 Loading class com/sun/management/internal/HotSpotThreadImpl done

Classes unloaded (5 events):
Event: 24.830 Thread 0x0000024427ff5200 Unloading class 0x000000008dcc4000 'java/lang/invoke/LambdaForm$DMH+0x000000008dcc4000'
Event: 24.830 Thread 0x0000024427ff5200 Unloading class 0x000000008dc6c400 'java/lang/invoke/LambdaForm$MH+0x000000008dc6c400'
Event: 36.911 Thread 0x0000024427ff5200 Unloading class 0x000000008dd28400 'java/lang/invoke/LambdaForm$DMH+0x000000008dd28400'
Event: 36.911 Thread 0x0000024427ff5200 Unloading class 0x000000008dd28c00 'java/lang/invoke/LambdaForm$DMH+0x000000008dd28c00'
Event: 36.911 Thread 0x0000024427ff5200 Unloading class 0x000000008dd28800 'java/lang/invoke/LambdaForm$DMH+0x000000008dd28800'

Classes redefined (0 events):
No events

Internal exceptions (20 events):
Event: 63.552 Thread 0x000002442f23aa80 Exception <a 'sun/nio/fs/WindowsException'{0x00000007106945f8}> (0x00000007106945f8) 
thrown [s\src\hotspot\share\prims\jni.cpp, line 535]
Event: 63.553 Thread 0x000002442f23aa80 Exception <a 'sun/nio/fs/WindowsException'{0x00000007106a1098}> (0x00000007106a1098) 
thrown [s\src\hotspot\share\prims\jni.cpp, line 535]
Event: 63.554 Thread 0x000002442f23aa80 Exception <a 'sun/nio/fs/WindowsException'{0x00000007106acfb0}> (0x00000007106acfb0) 
thrown [s\src\hotspot\share\prims\jni.cpp, line 535]
Event: 63.555 Thread 0x000002442f23aa80 Exception <a 'sun/nio/fs/WindowsException'{0x00000007106ba4c0}> (0x00000007106ba4c0) 
thrown [s\src\hotspot\share\prims\jni.cpp, line 535]
Event: 63.556 Thread 0x000002442f23aa80 Exception <a 'sun/nio/fs/WindowsException'{0x00000007106c96c8}> (0x00000007106c96c8) 
thrown [s\src\hotspot\share\prims\jni.cpp, line 535]
Event: 63.557 Thread 0x000002442f23aa80 Exception <a 'sun/nio/fs/WindowsException'{0x00000007106d6ff0}> (0x00000007106d6ff0) 
thrown [s\src\hotspot\share\prims\jni.cpp, line 535]
Event: 63.560 Thread 0x000002442f23aa80 Exception <a 'sun/nio/fs/WindowsException'{0x00000007107007a8}> (0x00000007107007a8) 
thrown [s\src\hotspot\share\prims\jni.cpp, line 535]
Event: 63.561 Thread 0x000002442f23aa80 Exception <a 'sun/nio/fs/WindowsException'{0x0000000710719650}> (0x0000000710719650) 
thrown [s\src\hotspot\share\prims\jni.cpp, line 535]
Event: 63.562 Thread 0x000002442f23aa80 Exception <a 'sun/nio/fs/WindowsException'{0x00000007107270c8}> (0x00000007107270c8) 
thrown [s\src\hotspot\share\prims\jni.cpp, line 535]
Event: 63.563 Thread 0x000002442f23aa80 Exception <a 'sun/nio/fs/WindowsException'{0x00000007107335b0}> (0x00000007107335b0) 
thrown [s\src\hotspot\share\prims\jni.cpp, line 535]
Event: 63.566 Thread 0x000002442f23aa80 Exception <a 'sun/nio/fs/WindowsException'{0x000000071073f680}> (0x000000071073f680) 
thrown [s\src\hotspot\share\prims\jni.cpp, line 535]
Event: 63.568 Thread 0x000002442f23aa80 Exception <a 'sun/nio/fs/WindowsException'{0x000000071074c888}> (0x000000071074c888) 
thrown [s\src\hotspot\share\prims\jni.cpp, line 535]
Event: 63.570 Thread 0x000002442f23aa80 Exception <a 'sun/nio/fs/WindowsException'{0x000000071075c0d8}> (0x000000071075c0d8) 
thrown [s\src\hotspot\share\prims\jni.cpp, line 535]
Event: 63.572 Thread 0x000002442f23aa80 Exception <a 'sun/nio/fs/WindowsException'{0x0000000710767878}> (0x0000000710767878) 
thrown [s\src\hotspot\share\prims\jni.cpp, line 535]
Event: 63.573 Thread 0x000002442f23aa80 Exception <a 'sun/nio/fs/WindowsException'{0x00000007107737b8}> (0x00000007107737b8) 
thrown [s\src\hotspot\share\prims\jni.cpp, line 535]
Event: 63.595 Thread 0x000002442f23aa80 Exception <a 'sun/nio/fs/WindowsException'{0x0000000710447ac0}> (0x0000000710447ac0) 
thrown [s\src\hotspot\share\prims\jni.cpp, line 535]
Event: 63.597 Thread 0x000002442f23aa80 Exception <a 'sun/nio/fs/WindowsException'{0x0000000710459580}> (0x0000000710459580) 
thrown [s\src\hotspot\share\prims\jni.cpp, line 535]
Event: 63.600 Thread 0x000002442f23aa80 Exception <a 'sun/nio/fs/WindowsException'{0x0000000710475610}> (0x0000000710475610) 
thrown [s\src\hotspot\share\prims\jni.cpp, line 535]
Event: 63.601 Thread 0x000002442f23aa80 Exception <a 'sun/nio/fs/WindowsException'{0x0000000710481fd8}> (0x0000000710481fd8) 
thrown [s\src\hotspot\share\prims\jni.cpp, line 535]
Event: 63.602 Thread 0x000002442f23aa80 Exception <a 'sun/nio/fs/WindowsException'{0x00000007104905d0}> (0x00000007104905d0) 
thrown [s\src\hotspot\share\prims\jni.cpp, line 535]

VM Operations (20 events):
Event: 60.999 Executing non-safepoint VM operation: HandshakeAllThreads (Deoptimize)
Event: 61.000 Executing non-safepoint VM operation: HandshakeAllThreads (Deoptimize) done
Event: 61.598 Executing non-safepoint VM operation: HandshakeAllThreads (Deoptimize)
Event: 61.598 Executing non-safepoint VM operation: HandshakeAllThreads (Deoptimize) done
Event: 61.601 Executing non-safepoint VM operation: HandshakeAllThreads (Deoptimize)
Event: 61.601 Executing non-safepoint VM operation: HandshakeAllThreads (Deoptimize) done
Event: 61.620 Executing non-safepoint VM operation: HandshakeAllThreads (Deoptimize)
Event: 61.620 Executing non-safepoint VM operation: HandshakeAllThreads (Deoptimize) done
Event: 61.644 Executing non-safepoint VM operation: HandshakeAllThreads (Deoptimize)
Event: 61.644 Executing non-safepoint VM operation: HandshakeAllThreads (Deoptimize) done
Event: 61.660 Executing non-safepoint VM operation: HandshakeAllThreads (Deoptimize)
Event: 61.660 Executing non-safepoint VM operation: HandshakeAllThreads (Deoptimize) done
Event: 61.664 Executing non-safepoint VM operation: HandshakeAllThreads (Deoptimize)
Event: 61.665 Executing non-safepoint VM operation: HandshakeAllThreads (Deoptimize) done
Event: 61.669 Executing non-safepoint VM operation: HandshakeAllThreads (Deoptimize)
Event: 61.669 Executing non-safepoint VM operation: HandshakeAllThreads (Deoptimize) done
Event: 62.828 Executing non-safepoint VM operation: HandshakeAllThreads (Deoptimize)
Event: 62.829 Executing non-safepoint VM operation: HandshakeAllThreads (Deoptimize) done
Event: 63.068 Executing non-safepoint VM operation: HandshakeAllThreads (Deoptimize)
Event: 63.068 Executing non-safepoint VM operation: HandshakeAllThreads (Deoptimize) done

Memory protections (0 events):
No events

Nmethod flushes (20 events):
Event: 60.908 Thread 0x0000024427ff5200 flushing  nmethod 0x0000024411ce8008
Event: 60.908 Thread 0x0000024427ff5200 flushing  nmethod 0x0000024411cf1708
Event: 60.908 Thread 0x0000024427ff5200 flushing  nmethod 0x0000024411d57888
Event: 60.908 Thread 0x0000024427ff5200 flushing  nmethod 0x0000024411dd7a08
Event: 60.908 Thread 0x0000024427ff5200 flushing  nmethod 0x0000024411ddd108
Event: 60.908 Thread 0x0000024427ff5200 flushing  nmethod 0x0000024411ebda88
Event: 60.908 Thread 0x0000024427ff5200 flushing  nmethod 0x0000024411edff08
Event: 60.908 Thread 0x0000024427ff5200 flushing  nmethod 0x0000024411f67088
Event: 60.908 Thread 0x0000024427ff5200 flushing  nmethod 0x0000024411fde508
Event: 60.908 Thread 0x0000024427ff5200 flushing  nmethod 0x000002441204d388
Event: 60.908 Thread 0x0000024427ff5200 flushing  nmethod 0x000002441204da08
Event: 60.908 Thread 0x0000024427ff5200 flushing  nmethod 0x000002441204eb08
Event: 60.908 Thread 0x0000024427ff5200 flushing  nmethod 0x0000024412085988
Event: 60.908 Thread 0x0000024427ff5200 flushing  nmethod 0x00000244120cff08
Event: 60.908 Thread 0x0000024427ff5200 flushing  nmethod 0x00000244120fd788
Event: 60.908 Thread 0x0000024427ff5200 flushing  nmethod 0x0000024412146408
Event: 60.908 Thread 0x0000024427ff5200 flushing  nmethod 0x0000024412149488
Event: 60.908 Thread 0x0000024427ff5200 flushing  nmethod 0x00000244121bcc08
Event: 60.908 Thread 0x0000024427ff5200 flushing  nmethod 0x00000244121c8588
Event: 60.908 Thread 0x0000024427ff5200 flushing  nmethod 0x000002441153d608

Events (20 events):
Event: 5.258 Thread 0x000002442f23aa80 Thread added: 0x000002442fddcfe0
Event: 5.410 Thread 0x000002442f23aa80 Thread added: 0x000002442fdddf80
Event: 5.438 Thread 0x000002442f23aa80 Thread added: 0x000002442fddc040
Event: 5.966 Thread 0x000002442f23aa80 Thread added: 0x000002442fddb870
Event: 5.990 Thread 0x000002442f23aa80 Thread added: 0x000002442fddfec0
Event: 6.070 Thread 0x000002442f23aa80 Thread added: 0x000002442fde0e60
Event: 6.748 Thread 0x000002442f23aa80 Thread added: 0x0000024430e60a30
Event: 6.750 Thread 0x000002442f23aa80 Thread added: 0x0000024430e60260
Event: 6.752 Thread 0x000002442f23aa80 Thread added: 0x0000024430e5eaf0
Event: 6.801 Thread 0x000002442f23aa80 Thread added: 0x0000024430e61200
Event: 6.915 Thread 0x000002442f23aa80 Thread added: 0x0000024432fe47e0
Event: 6.981 Thread 0x000002442f23aa80 Thread added: 0x0000024432fe6ef0
Event: 7.051 Thread 0x000002442f23aa80 Thread added: 0x0000024432fe6720
Event: 8.176 Thread 0x000002442f23aa80 Thread added: 0x0000024432fe4fb0
Event: 9.383 Thread 0x000002442f23aa80 Thread added: 0x0000024432fead70
Event: 9.383 Thread 0x000002442f23aa80 Thread added: 0x0000024430d949b0
Event: 10.008 Thread 0x0000024428197f10 Thread exited: 0x0000024428197f10
Event: 17.543 Thread 0x000002442f23c1f0 Thread added: 0x0000024430d97890
Event: 46.749 Thread 0x000002442f23aa80 Thread added: 0x0000024428769f70
Event: 63.071 Thread 0x000002442f23aa80 Thread added: 0x0000024433fbb090


Dynamic libraries:
0x00007ff652a80000 - 0x00007ff652a8a000 	C:\Program Files\Android\Android Studio\jbr\bin\java.exe
0x00007ffd26440000 - 0x00007ffd266a7000 	C:\Windows\SYSTEM32\ntdll.dll
0x00007ffd25230000 - 0x00007ffd252fa000 	C:\Windows\System32\KERNEL32.DLL
0x00007ffd23840000 - 0x00007ffd23c42000 	C:\Windows\System32\KERNELBASE.dll
0x00007ffd23e80000 - 0x00007ffd23fcc000 	C:\Windows\System32\ucrtbase.dll
0x00007ffd1d7b0000 - 0x00007ffd1d7c6000 	C:\Program Files\Android\Android Studio\jbr\bin\jli.dll
0x00007ffcac2f0000 - 0x00007ffcac30b000 	C:\Program Files\Android\Android Studio\jbr\bin\VCRUNTIME140.dll
0x00007ffd24400000 - 0x00007ffd245cf000 	C:\Windows\System32\USER32.dll
0x00007ffd00df0000 - 0x00007ffd01080000 	C:\Windows\WinSxS\amd64_microsoft.windows.common-controls_6595b64144ccf1df_6.0.26100.9278_none_3e0d1ba8e3303201\COMCTL32.dll
0x00007ffd23e50000 - 0x00007ffd23e77000 	C:\Windows\System32\win32u.dll
0x00007ffd25650000 - 0x00007ffd2567b000 	C:\Windows\System32\GDI32.dll
0x00007ffd23650000 - 0x00007ffd23779000 	C:\Windows\System32\gdi32full.dll
0x00007ffd23d10000 - 0x00007ffd23db3000 	C:\Windows\System32\msvcp_win.dll
0x00007ffd25680000 - 0x00007ffd25729000 	C:\Windows\System32\msvcrt.dll
0x00007ffd263c0000 - 0x00007ffd263f1000 	C:\Windows\System32\IMM32.DLL
0x00007ffcf8990000 - 0x00007ffcf899c000 	C:\Program Files\Android\Android Studio\jbr\bin\vcruntime140_1.dll
0x00007ffca94b0000 - 0x00007ffca953d000 	C:\Program Files\Android\Android Studio\jbr\bin\msvcp140.dll
0x00007ffcac310000 - 0x00007ffcad1ed000 	C:\Program Files\Android\Android Studio\jbr\bin\server\jvm.dll
0x00007ffd24b50000 - 0x00007ffd24c0c000 	C:\Windows\System32\ADVAPI32.dll
0x00007ffd255a0000 - 0x00007ffd25649000 	C:\Windows\System32\sechost.dll
0x00007ffd25380000 - 0x00007ffd25498000 	C:\Windows\System32\RPCRT4.dll
0x00007ffd24170000 - 0x00007ffd241f0000 	C:\Windows\System32\WS2_32.dll
0x00007ffd23400000 - 0x00007ffd2345e000 	C:\Windows\SYSTEM32\POWRPROF.dll
0x00007ffd0f350000 - 0x00007ffd0f386000 	C:\Windows\SYSTEM32\WINMM.dll
0x00007ffd1c460000 - 0x00007ffd1c46b000 	C:\Windows\SYSTEM32\VERSION.dll
0x00007ffd232d0000 - 0x00007ffd232e5000 	C:\Windows\SYSTEM32\UMPDC.dll
0x00007ffd22320000 - 0x00007ffd2233b000 	C:\Windows\SYSTEM32\kernel.appcore.dll
0x00007ffcc0d30000 - 0x00007ffcc0d3a000 	C:\Program Files\Android\Android Studio\jbr\bin\jimage.dll
0x00007ffd0f390000 - 0x00007ffd0f5d2000 	C:\Windows\SYSTEM32\DBGHELP.DLL
0x00007ffd24db0000 - 0x00007ffd25134000 	C:\Windows\System32\combase.dll
0x00007ffd25150000 - 0x00007ffd25229000 	C:\Windows\System32\OLEAUT32.dll
0x00007ffd0dfc0000 - 0x00007ffd0dffb000 	C:\Windows\SYSTEM32\dbgcore.DLL
0x00007ffd23c50000 - 0x00007ffd23cfc000 	C:\Windows\System32\bcryptPrimitives.dll
0x00007ffd1d7a0000 - 0x00007ffd1d7ae000 	C:\Program Files\Android\Android Studio\jbr\bin\instrument.dll
0x00007ffcac2d0000 - 0x00007ffcac2ee000 	C:\Program Files\Android\Android Studio\jbr\bin\java.dll
0x00007ffd25730000 - 0x00007ffd258c9000 	C:\Windows\System32\ole32.dll
0x00007ffd25bd0000 - 0x00007ffd26368000 	C:\Windows\System32\SHELL32.dll
0x00007ffcac2b0000 - 0x00007ffcac2c6000 	C:\Program Files\Android\Android Studio\jbr\bin\zip.dll
0x00007ffd210f0000 - 0x00007ffd2199e000 	C:\Windows\SYSTEM32\windows.storage.dll
0x00007ffd24c20000 - 0x00007ffd24d1b000 	C:\Windows\System32\SHCORE.dll
0x00007ffd25980000 - 0x00007ffd259e6000 	C:\Windows\System32\shlwapi.dll
0x00007ffd23570000 - 0x00007ffd23599000 	C:\Windows\SYSTEM32\profapi.dll
0x00007ffd005b0000 - 0x00007ffd005c0000 	C:\Program Files\Android\Android Studio\jbr\bin\net.dll
0x00007ffd228e0000 - 0x00007ffd2294c000 	C:\Windows\system32\mswsock.dll
0x00007ffd00350000 - 0x00007ffd00366000 	C:\Program Files\Android\Android Studio\jbr\bin\nio.dll
0x00007ffca6580000 - 0x00007ffca6590000 	C:\Program Files\Android\Android Studio\jbr\bin\verify.dll
0x00007ffd1d730000 - 0x00007ffd1d757000 	C:\Users\Maxim\.gradle\native\660c5614fbf4a5f2a75b1949f50a0caf5cd603558e7d8a26e50b933a0cfb79d1\windows-amd64\native-platform.dll
0x00007ffd00630000 - 0x00007ffd006a7000 	C:\Users\Maxim\.gradle\native\0.2.8\x86_64-windows-gnu\gradle-fileevents.dll
0x00007ffca7870000 - 0x00007ffca7879000 	C:\Program Files\Android\Android Studio\jbr\bin\management.dll
0x00007ffca7860000 - 0x00007ffca786b000 	C:\Program Files\Android\Android Studio\jbr\bin\management_ext.dll
0x00007ffd25140000 - 0x00007ffd25148000 	C:\Windows\System32\PSAPI.DLL
0x00007ffd21cf0000 - 0x00007ffd21d23000 	C:\Windows\SYSTEM32\IPHLPAPI.DLL
0x00007ffd24290000 - 0x00007ffd2429a000 	C:\Windows\System32\NSI.dll
0x00007ffca78d0000 - 0x00007ffca78d9000 	C:\Program Files\Android\Android Studio\jbr\bin\extnet.dll
0x00007ffd22bd0000 - 0x00007ffd22beb000 	C:\Windows\SYSTEM32\CRYPTSP.dll
0x00007ffd22280000 - 0x00007ffd222b9000 	C:\Windows\system32\rsaenh.dll
0x00007ffd22990000 - 0x00007ffd229c4000 	C:\Windows\SYSTEM32\USERENV.dll
0x00007ffd23540000 - 0x00007ffd2356a000 	C:\Windows\SYSTEM32\bcrypt.dll
0x00007ffd22bf0000 - 0x00007ffd22bfc000 	C:\Windows\SYSTEM32\CRYPTBASE.dll
0x00007ffca78e0000 - 0x00007ffca78e8000 	C:\Windows\system32\wshunix.dll
0x00007ffd21d80000 - 0x00007ffd21ed8000 	C:\Windows\SYSTEM32\DNSAPI.dll
0x00007ffd226c0000 - 0x00007ffd226cd000 	C:\Windows\SYSTEM32\DSPARSE.dll
0x00007ffd1ca50000 - 0x00007ffd1ca5b000 	C:\Windows\System32\rasadhlp.dll
0x00007ffd1ada0000 - 0x00007ffd1ae26000 	C:\Windows\System32\fwpuclnt.dll

JVMTI agents:
C:\Users\Maxim\.gradle\wrapper\dists\gradle-9.6.0-bin\42k10rwplmzkhuboz9kdazi7s\gradle-9.6.0\lib\agents\gradle-instrumentation-agent-9.6.0.jar path:C:\Program Files\Android\Android Studio\jbr\bin\instrument.dll, loaded, initialized, instrumentlib options:none

dbghelp: loaded successfully - version: 4.0.5 - missing functions: none
symbol engine: initialized successfully - sym options: 0x614 - pdb path: .;C:\Program Files\Android\Android Studio\jbr\bin;C:\Windows\SYSTEM32;C:\Windows\WinSxS\amd64_microsoft.windows.common-controls_6595b64144ccf1df_6.0.26100.9278_none_3e0d1ba8e3303201;C:\Program Files\Android\Android Studio\jbr\bin\server;C:\Users\Maxim\.gradle\native\660c5614fbf4a5f2a75b1949f50a0caf5cd603558e7d8a26e50b933a0cfb79d1\windows-amd64;C:\Users\Maxim\.gradle\native\0.2.8\x86_64-windows-gnu

VM Arguments:
jvm_args: --add-opens=java.base/java.lang=ALL-UNNAMED --add-opens=java.base/java.lang.invoke=ALL-UNNAMED --add-opens=java.base/java.util=ALL-UNNAMED --add-opens=java.prefs/java.util.prefs=ALL-UNNAMED --add-exports=jdk.compiler/com.sun.tools.javac.api=ALL-UNNAMED --add-exports=jdk.compiler/com.sun.tools.javac.util=ALL-UNNAMED --add-opens=java.base/java.nio.charset=ALL-UNNAMED --add-opens=java.base/java.net=ALL-UNNAMED --add-opens=java.base/java.util.concurrent=ALL-UNNAMED --add-opens=java.base/java.util.concurrent.atomic=ALL-UNNAMED --add-opens=java.xml/javax.xml.namespace=ALL-UNNAMED --add-opens=java.base/java.time=ALL-UNNAMED --enable-native-access=ALL-UNNAMED -Xmx4g -Dfile.encoding=UTF-8 -Duser.country=RU -Duser.language=ru -Duser.variant -javaagent:C:\Users\Maxim\.gradle\wrapper\dists\gradle-9.6.0-bin\42k10rwplmzkhuboz9kdazi7s\gradle-9.6.0\lib\agents\gradle-instrumentation-agent-9.6.0.jar 
java_command: org.gradle.launcher.daemon.bootstrap.GradleDaemon 9.6.0
java_class_path (initial): C:\Users\Maxim\.gradle\wrapper\dists\gradle-9.6.0-bin\42k10rwplmzkhuboz9kdazi7s\gradle-9.6.0\lib\gradle-daemon-main-9.6.0.jar
Launcher Type: SUN_STANDARD

[Global flags]
     intx CICompilerCount                          = 4                                         {product} {ergonomic}
     uint ConcGCThreads                            = 2                                         {product} {ergonomic}
     uint G1ConcRefinementThreads                  = 8                                         {product} {ergonomic}
   size_t G1HeapRegionSize                         = 2097152                                   {product} {ergonomic}
   size_t InitialHeapSize                          = 134217728                                 {product} {ergonomic}
   size_t MarkStackSize                            = 4194304                                   {product} {ergonomic}
   size_t MarkStackSizeMax                         = 536870912                                 {product} {ergonomic}
   size_t MaxHeapSize                              = 4294967296                                {product} {command line}
   size_t MaxNewSize                               = 2575302656                                {product} {ergonomic}
   size_t MinHeapDeltaBytes                        = 2097152                                   {product} {ergonomic}
   size_t MinHeapSize                              = 8388608                                   {product} {ergonomic}
    uintx NonNMethodCodeHeapSize                   = 5898240                                {pd product} {ergonomic}
    uintx NonProfiledCodeHeapSize                  = 122945536                              {pd product} {ergonomic}
    uintx ProfiledCodeHeapSize                     = 122945536                              {pd product} {ergonomic}
    uintx ReservedCodeCacheSize                    = 251789312                              {pd product} {ergonomic}
     bool SegmentedCodeCache                       = true                                      {product} {ergonomic}
   size_t SoftMaxHeapSize                          = 4294967296                             {manageable} {ergonomic}
     bool UseCompressedOops                        = true                           {product lp64_product} {ergonomic}
     bool UseG1GC                                  = true                                      {product} {ergonomic}
     bool UseLargePagesIndividualAllocation        = false                                  {pd product} {ergonomic}

Logging:
Log output configuration:
 #0: stdout all=warning uptime,level,tags foldmultilines=false
 #1: stderr all=off uptime,level,tags foldmultilines=false

Release file:
JAVA_VERSION="25.0.3" 
MODULES="java.base java.compiler java.datatransfer java.xml java.prefs java.desktop java.instrument java.logging java.management java.security.sasl java.naming java.rmi java.management.rmi java.net.http java.scripting java.security.jgss java.transaction.xa java.sql java.sql.rowset java.xml.crypto java.se java.smartcardio jdk.accessibility jdk.internal.jvmstat jdk.attach jdk.charsets jdk.internal.opt jdk.zipfs jdk.compiler jdk.crypto.cryptoki jdk.crypto.ec jdk.dynalink jdk.hotspot.agent jdk.httpserver jdk.internal.ed jdk.internal.le jdk.internal.md jdk.internal.vm.ci jdk.jartool jdk.javadoc jdk.jcmd jdk.jdeps jdk.jdwp.agent jdk.jdi jdk.jfr jdk.jlink jdk.localedata jdk.management jdk.management.agent jdk.management.jfr jdk.naming.dns jdk.naming.rmi jdk.net jdk.sctp jdk.security.auth jdk.security.jgss jdk.unsupported jdk.unsupported.desktop jdk.xml.dom" 
IMPLEMENTOR="JetBrains s.r.o." 
JAVA_RUNTIME_VERSION="25.0.3+-15898627-b508.16" 
LIBC="default" 
OS_ARCH="x86_64" 
OS_NAME="Windows" 
SOURCE=".:git:a8b1dba3234f" 

Environment Variables:
PATH=C:\Windows\system32;C:\Windows;C:\Windows\System32\Wbem;C:\Windows\System32\WindowsPowerShell\v1.0\;C:\Windows\System32\OpenSSH\;C:\Program Files\NVIDIA Corporation\NVIDIA App\NvDLISR;C:\Program Files (x86)\NVIDIA Corporation\PhysX\Common;C:\Program Files\dotnet\;C:\Program Files\Git\cmd;C:\Users\Maxim\AppData\Local\Microsoft\WindowsApps;
USERNAME=Maxim
OS=Windows_NT
PROCESSOR_IDENTIFIER=Intel64 Family 6 Model 58 Stepping 9, GenuineIntel
TMP=C:\Temp
TEMP=C:\Temp




Compilation memory statistics disabled.

Periodic native trim disabled

JNI global refs:
JNI global refs: 24, weak refs: 12

JNI global refs memory usage: 835, weak refs: 833

Process memory usage:
Resident Set Size: 736032K (8% of 8311504K total physical memory with 337220K free physical memory)

OOME stack traces (most recent first):
Classloader memory used:
Loader org.gradle.internal.classloader.VisitableURLClassLoader                         : 103 M
Loader bootstrap                                                                       : 32499 K
Loader org.gradle.initialization.MixInLegacyTypesClassLoader                           : 13451 K
Loader org.gradle.internal.classloader.VisitableURLClassLoader$InstrumentingVisitableURLClassLoader: 5612 K
Loader jdk.internal.jrtfs.JrtFileSystemProvider$JrtFsLoader                            : 318 K
Loader org.gradle.internal.classloader.VisitableURLClassLoader                         : 266 K
Loader jdk.internal.loader.ClassLoaders$PlatformClassLoader                            : 212 K
Loader jdk.internal.loader.ClassLoaders$AppClassLoader                                 : 186 K
Loader org.gradle.groovy.scripts.internal.DefaultScriptCompilationHandler$ScriptClassLoader: 144 K

Classes loaded by more than one classloader:
Class Program                                                                         : loaded 4 times (x 76B)
Class com.google.common.base.Equivalence$Identity                                     : loaded 2 times (x 84B)
Class com.google.common.collect.RegularImmutableMap$KeySet                            : loaded 2 times (x 154B)
Class org.gradle.internal.classloader.FilteringClassLoader                            : loaded 2 times (x 106B)
Class com.google.common.base.CharMatcher$IsEither                                     : loaded 2 times (x 113B)
Class jdk.internal.jimage.BasicImageReader                                            : loaded 2 times (x 97B)
Class org.gradle.internal.classloader.ClassLoaderHierarchy                            : loaded 2 times (x 72B)
Class com.google.common.collect.ImmutableList$1                                       : loaded 2 times (x 99B)
Class com.google.common.util.concurrent.ExecutionError                                : loaded 2 times (x 84B)
Class kotlinx.coroutines.flow.internal.AbstractSharedFlow                             : loaded 2 times (x 76B)
Class kotlinx.coroutines.flow.CancellableFlow                                         : loaded 2 times (x 72B)
Class com.google.common.collect.RegularImmutableMap                                   : loaded 2 times (x 122B)
Class com.google.common.collect.ImmutableMap$MapViewOfValuesAsSingletonSets           : loaded 2 times (x 128B)
Class com.google.common.collect.UnmodifiableListIterator                              : loaded 2 times (x 97B)
Class jdk.internal.jimage.decompressor.StringSharingDecompressorFactory               : loaded 2 times (x 76B)
Class [Lcom.google.common.cache.CacheBuilder$OneWeigher;                              : loaded 2 times (x 71B)
Class com.google.common.base.Suppliers                                                : loaded 2 times (x 73B)
Class org.gradle.internal.classloader.DefaultClassLoaderFactory                       : loaded 2 times (x 84B)
Class [Lcom.google.common.collect.ImmutableMapEntry;                                  : loaded 2 times (x 71B)
Class com.google.common.collect.ImmutableEnumMap                                      : loaded 2 times (x 128B)
Class org.gradle.api.internal.DefaultClassPathProvider                                : loaded 2 times (x 78B)
Class [Lorg.gradle.api.internal.ClassPathProvider;                                    : loaded 2 times (x 71B)
Class org.gradle.api.internal.ClassPathProvider                                       : loaded 2 times (x 72B)
Class com.google.common.cache.LocalCache$LocalLoadingCache                            : loaded 2 times (x 136B)
Class org.gradle.internal.service.UnknownServiceException                             : loaded 2 times (x 85B)
Class com.google.common.cache.LocalCache$Strength$1                                   : loaded 2 times (x 83B)
Class com.google.common.cache.LocalCache$Strength$2                                   : loaded 2 times (x 83B)
Class com.google.common.cache.LocalCache$Strength$3                                   : loaded 2 times (x 83B)
Class com.google.common.collect.MapDifference                                         : loaded 2 times (x 72B)
Class com.google.common.cache.CacheBuilder$NullListener                               : loaded 2 times (x 84B)
Class org.gradle.internal.classpath.TransformedClassPath                              : loaded 2 times (x 98B)
Class org.gradle.internal.classloader.InstrumentingClassLoader                        : loaded 2 times (x 72B)
Class com.google.common.collect.Iterators$ArrayItr                                    : loaded 2 times (x 99B)
Class com.google.common.cache.CacheLoader$FunctionToCacheLoader                       : loaded 2 times (x 77B)
Class com.google.common.collect.ImmutableCollection$Builder                           : loaded 2 times (x 78B)
Class com.google.common.base.MoreObjects                                              : loaded 2 times (x 73B)
Class com.google.common.collect.UnmodifiableIterator                                  : loaded 2 times (x 82B)
Class org.gradle.internal.service.ServiceLocator                                      : loaded 2 times (x 72B)
Class com.google.common.collect.SingletonImmutableBiMap                               : loaded 2 times (x 145B)
Class com.google.common.collect.Iterators$SingletonIterator                           : loaded 2 times (x 83B)
Class com.google.common.cache.LocalCache$1                                            : loaded 2 times (x 91B)
Class com.google.common.collect.AbstractMapEntry                                      : loaded 2 times (x 83B)
Class jdk.internal.jrtfs.JrtFileSystemProvider                                        : loaded 2 times (x 103B)
Class ijJvmDebugger1_7m8voghulc6ov9uw2bkrkvfgf$_run_closure1                          : loaded 2 times (x 140B)
Class com.google.common.cache.LocalCache$2                                            : loaded 2 times (x 144B)
Class com.google.common.collect.RegularImmutableAsList                                : loaded 2 times (x 219B)
Class com.google.common.collect.Iterators                                             : loaded 2 times (x 73B)
Class com.google.common.util.concurrent.UncheckedExecutionException                   : loaded 2 times (x 84B)
Class org.gradle.kotlin.dsl.VersionCatalogAccessorsKt                                 : loaded 2 times (x 73B)
Class jdk.internal.jimage.ImageLocation                                               : loaded 2 times (x 92B)
Class com.google.common.cache.CacheLoader$UnsupportedLoadingOperationException        : loaded 2 times (x 84B)
Class com.google.common.base.CharMatcher$And                                          : loaded 2 times (x 114B)
Class jdk.internal.jimage.ImageBufferCache$1                                          : loaded 2 times (x 84B)
Class com.google.common.collect.IndexedImmutableSet                                   : loaded 2 times (x 154B)
Class com.google.common.collect.ImmutableMap$1                                        : loaded 2 times (x 83B)
Class com.google.common.collect.BiMap                                                 : loaded 2 times (x 72B)
Class jdk.internal.jimage.ImageBufferCache$2                                          : loaded 2 times (x 93B)
Class org.gradle.api.internal.classpath.DefaultModuleRegistry$DefaultModule           : loaded 2 times (x 84B)
Class com.google.common.collect.AbstractIterator                                      : loaded 2 times (x 84B)
Class com.google.common.collect.AbstractIndexedListIterator                           : loaded 2 times (x 98B)
Class ijKotlinCoroutineJvmDebugInit1_eotd0a8s7eifoojdni7n5x9xf$_run_closure1$_closure2: loaded 2 times (x 140B)
Class com.google.common.collect.ImmutableMapEntrySet                                  : loaded 2 times (x 154B)
Class org.gradle.api.internal.classpath.Module                                        : loaded 2 times (x 72B)
Class com.google.common.cache.Weigher                                                 : loaded 2 times (x 72B)
Class kotlinx.coroutines.flow.Flow                                                    : loaded 2 times (x 72B)
Class org.gradle.api.internal.classpath.UnknownModuleException                        : loaded 2 times (x 84B)
Class com.google.common.cache.LocalCache$Strength                                     : loaded 2 times (x 83B)
Class com.google.common.cache.Cache                                                   : loaded 2 times (x 72B)
Class jdk.internal.jimage.ImageHeader                                                 : loaded 2 times (x 73B)
Class com.google.common.collect.ImmutableMap$Builder                                  : loaded 2 times (x 84B)
Class com.google.common.cache.RemovalListener                                         : loaded 2 times (x 72B)
Class org.gradle.api.internal.DefaultClassPathRegistry                                : loaded 2 times (x 78B)
Class org.gradle.internal.classpath.DefaultClassPath$ImmutableUniqueList              : loaded 2 times (x 201B)
Class org.gradle.api.internal.ClassPathRegistry                                       : loaded 2 times (x 72B)
Class jdk.internal.jimage.decompressor.ResourceDecompressor                           : loaded 2 times (x 72B)
Class com.google.common.collect.SingletonImmutableList                                : loaded 2 times (x 209B)
Class com.google.common.cache.CacheBuilder                                            : loaded 2 times (x 74B)
Class com.google.common.base.PairwiseEquivalence                                      : loaded 2 times (x 85B)
Class Settings_gradle$1                                                               : loaded 2 times (x 76B)
Class org.gradle.internal.classpath.ClassPath                                         : loaded 2 times (x 72B)
Class com.google.common.collect.ImmutableList$ReverseImmutableList                    : loaded 2 times (x 211B)
Class org.gradle.api.internal.classpath.DefaultModuleRegistry$DefaultModuleAlias      : loaded 2 times (x 82B)
Class com.google.common.collect.Iterators$1                                           : loaded 2 times (x 83B)
Class com.google.common.base.Suppliers$SupplierOfInstance                             : loaded 2 times (x 81B)
Class jdk.internal.jimage.ImageStringsReader                                          : loaded 2 times (x 82B)
Class com.google.common.collect.SingletonImmutableSet                                 : loaded 2 times (x 148B)
Class com.google.common.cache.LocalCache$ComputingValueReference                      : loaded 2 times (x 98B)
Class com.google.common.collect.ImmutableMap$IteratorBasedImmutableMap                : loaded 2 times (x 128B)
Class com.google.common.cache.LocalCache$Segment                                      : loaded 2 times (x 155B)
Class kotlinx.coroutines.flow.MutableSharedFlow                                       : loaded 2 times (x 72B)
Class jdk.internal.jimage.ImageReader                                                 : loaded 2 times (x 77B)
Class com.google.common.collect.Iterators$4                                           : loaded 2 times (x 84B)
Class com.google.common.cache.CacheLoader                                             : loaded 2 times (x 76B)
Class com.google.common.collect.ImmutableBiMap                                        : loaded 2 times (x 145B)
Class jdk.internal.jimage.ImageReader$SharedImageReader                               : loaded 2 times (x 97B)
Class org.gradle.api.internal.classpath.ModuleRegistry                                : loaded 2 times (x 72B)
Class org.gradle.internal.installation.GradleInstallation$1                           : loaded 2 times (x 77B)
Class com.google.common.collect.Iterators$5                                           : loaded 2 times (x 84B)
Class jdk.internal.jimage.decompressor.ResourceDecompressorFactory                    : loaded 2 times (x 76B)
Class com.google.common.cache.LocalCache$LocalManualCache$1                           : loaded 2 times (x 77B)
Class com.google.common.base.CharMatcher$ForPredicate                                 : loaded 2 times (x 114B)
Class com.google.common.base.CharMatcher$AnyOf                                        : loaded 2 times (x 114B)
Class com.google.common.collect.ImmutableCollection                                   : loaded 2 times (x 127B)
Class jdk.internal.jimage.ImageReader$Node                                            : loaded 2 times (x 86B)
Class org.gradle.api.internal.classpath.DefaultModuleRegistry                         : loaded 2 times (x 86B)
Class com.google.common.cache.ReferenceEntry                                          : loaded 2 times (x 72B)
Class com.google.common.base.Converter                                                : loaded 2 times (x 92B)
Class com.google.common.collect.ImmutableSet$CachingAsList                            : loaded 2 times (x 150B)
Class jdk.internal.jimage.BasicImageReader$1                                          : loaded 2 times (x 79B)
Class ijJvmDebugger1_7m8voghulc6ov9uw2bkrkvfgf                                        : loaded 2 times (x 173B)
Class com.google.common.collect.Iterators$9                                           : loaded 2 times (x 83B)
Class com.google.common.collect.ImmutableAsList                                       : loaded 2 times (x 211B)
Class com.google.common.base.FunctionalEquivalence                                    : loaded 2 times (x 85B)
Class com.google.common.cache.CacheLoader$SupplierToCacheLoader                       : loaded 2 times (x 77B)
Class jdk.internal.jimage.decompressor.Decompressor                                   : loaded 2 times (x 74B)
Class org.gradle.internal.service.ServiceLookupException                              : loaded 2 times (x 84B)
Class [Lcom.google.common.cache.LocalCache$EntryFactory;                              : loaded 2 times (x 71B)
Class org.gradle.internal.classloader.ClassLoaderFactory                              : loaded 2 times (x 72B)
Class com.google.common.cache.LocalCache$LocalManualCache                             : loaded 2 times (x 101B)
Class com.google.common.base.CharMatcher$IsNot                                        : loaded 2 times (x 113B)
Class kotlinx.coroutines.flow.internal.FusibleFlow                                    : loaded 2 times (x 72B)
Class org.gradle.internal.service.CachingServiceLocator                               : loaded 2 times (x 84B)
Class com.google.common.collect.ImmutableMapEntry                                     : loaded 2 times (x 87B)
Class com.google.common.base.Equivalence                                              : loaded 2 times (x 84B)
Class com.google.common.base.Function                                                 : loaded 2 times (x 72B)
Class com.google.common.collect.ImmutableMapEntry$NonTerminalImmutableMapEntry        : loaded 2 times (x 87B)
Class com.google.common.collect.RegularImmutableList                                  : loaded 2 times (x 215B)
Class com.google.common.cache.CacheBuilder$OneWeigher                                 : loaded 2 times (x 84B)
Class jdk.internal.jimage.ImageBufferCache                                            : loaded 2 times (x 73B)
Class jdk.internal.jrtfs.JrtPath                                                      : loaded 2 times (x 124B)
Class org.gradle.internal.classloader.ClasspathUtil                                   : loaded 2 times (x 73B)
Class com.google.common.collect.Maps                                                  : loaded 2 times (x 73B)
Class org.gradle.api.specs.Spec                                                       : loaded 2 times (x 72B)
Class [Lcom.google.common.collect.ImmutableEntry;                                     : loaded 2 times (x 71B)
Class com.google.common.cache.LocalCache$LoadingValueReference                        : loaded 2 times (x 98B)
Class kotlinx.coroutines.internal.Symbol                                              : loaded 2 times (x 74B)
Class jdk.internal.jimage.decompressor.ResourceDecompressorRepository                 : loaded 2 times (x 73B)
Class com.google.common.collect.Maps$8                                                : loaded 2 times (x 84B)
Class jdk.internal.jimage.ImageReader$Directory                                       : loaded 2 times (x 86B)
Class org.gradle.internal.classloader.VisitableURLClassLoader$InstrumentingVisitableURLClassLoader: loaded 2 times (x 124B)
Class [Lcom.google.common.cache.CacheBuilder$NullListener;                            : loaded 2 times (x 71B)
Class org.gradle.internal.classloader.VisitableURLClassLoader$Spec                    : loaded 2 times (x 76B)
Class org.gradle.internal.classpath.DefaultClassPath                                  : loaded 2 times (x 92B)
Class jdk.internal.jimage.decompressor.ZipDecompressorFactory                         : loaded 2 times (x 76B)
Class com.google.common.base.CharMatcher$BitSetMatcher                                : loaded 2 times (x 114B)
Class com.google.common.collect.RegularImmutableMap$Values                            : loaded 2 times (x 209B)
Class com.google.common.collect.ImmutableSet                                          : loaded 2 times (x 147B)
Class org.gradle.internal.classloader.ClassLoaderSpec                                 : loaded 2 times (x 73B)
Class com.google.common.cache.CacheStats                                              : loaded 2 times (x 73B)
Class com.google.common.base.CharMatcher$Or                                           : loaded 2 times (x 114B)
Class Settings_gradle$1$1                                                             : loaded 2 times (x 76B)
Class org.gradle.api.internal.classpath.Module$ModuleAlias                            : loaded 2 times (x 72B)
Class com.google.common.base.Supplier                                                 : loaded 2 times (x 72B)
Class org.gradle.internal.classloader.VisitableURLClassLoader                         : loaded 2 times (x 118B)
Class kotlinx.coroutines.flow.FlowCollector                                           : loaded 2 times (x 72B)
Class Settings_gradle                                                                 : loaded 2 times (x 126B)
Class org.gradle.internal.Cast                                                        : loaded 2 times (x 73B)
Class org.gradle.api.Action                                                           : loaded 2 times (x 72B)
Class com.google.common.base.Ticker                                                   : loaded 2 times (x 74B)
Class com.google.common.base.CharMatcher$FastMatcher                                  : loaded 2 times (x 113B)
Class jdk.internal.jimage.decompressor.ZipDecompressor                                : loaded 2 times (x 77B)
Class [Lcom.google.common.cache.LocalCache$Segment;                                   : loaded 2 times (x 71B)
Class [Lcom.google.common.cache.LocalCache$Strength;                                  : loaded 2 times (x 71B)
Class com.google.common.cache.CacheBuilder$1                                          : loaded 2 times (x 87B)
Class com.google.common.base.Predicate                                                : loaded 2 times (x 72B)
Class com.google.common.collect.ImmutableMap                                          : loaded 2 times (x 122B)
Class org.gradle.internal.classpath.DefaultClassPath$ImmutableUniqueList$Builder      : loaded 2 times (x 77B)
Class com.google.common.cache.LocalCache                                              : loaded 2 times (x 188B)
Class com.google.common.cache.CacheBuilder$2                                          : loaded 2 times (x 81B)
Class com.google.common.base.CharMatcher$NegatedFastMatcher                           : loaded 2 times (x 115B)
Class ijKotlinCoroutineJvmDebugInit1_eotd0a8s7eifoojdni7n5x9xf$_run_closure1          : loaded 2 times (x 140B)
Class com.google.common.cache.CacheBuilder$3                                          : loaded 2 times (x 74B)
Class [Lcom.google.common.collect.AbstractMapEntry;                                   : loaded 2 times (x 71B)
Class com.google.common.collect.ImmutableEntry                                        : loaded 2 times (x 84B)
Class org.gradle.api.GradleException                                                  : loaded 2 times (x 84B)
Class com.google.common.collect.CollectPreconditions                                  : loaded 2 times (x 73B)
Class jdk.internal.jimage.ImageStrings                                                : loaded 2 times (x 72B)
Class com.google.common.collect.SortedMapDifference                                   : loaded 2 times (x 72B)
Class ijKotlinCoroutineJvmDebugInit1_eotd0a8s7eifoojdni7n5x9xf                        : loaded 2 times (x 173B)
Class com.google.common.cache.LocalCache$EntryFactory                                 : loaded 2 times (x 85B)
Class org.gradle.internal.IoActions                                                   : loaded 2 times (x 73B)
Class com.google.common.collect.ImmutableSet$RegularSetBuilderImpl                    : loaded 2 times (x 78B)
Class com.google.common.cache.CacheLoader$InvalidCacheLoadException                   : loaded 2 times (x 84B)
Class com.google.common.cache.LoadingCache                                            : loaded 2 times (x 72B)
Class [Lcom.google.common.cache.Weigher;                                              : loaded 2 times (x 71B)
Class com.google.common.collect.RegularImmutableMap$BucketOverflowException           : loaded 2 times (x 84B)
Class jdk.internal.jrtfs.JrtFileSystem                                                : loaded 2 times (x 104B)
Class jdk.internal.jimage.decompressor.CompressedResourceHeader                       : loaded 2 times (x 73B)
Class com.google.common.collect.RegularImmutableBiMap                                 : loaded 2 times (x 150B)
Class com.google.common.cache.LocalCache$ValueReference                               : loaded 2 times (x 72B)
Class com.google.common.base.CharMatcher$Negated                                      : loaded 2 times (x 115B)
Class com.google.common.base.CharMatcher$Is                                           : loaded 2 times (x 113B)
Class com.google.common.base.Equivalence$Equals                                       : loaded 2 times (x 84B)
Class com.google.common.collect.Hashing                                               : loaded 2 times (x 73B)
Class com.google.common.base.Preconditions                                            : loaded 2 times (x 73B)
Class com.google.common.collect.PeekingIterator                                       : loaded 2 times (x 72B)
Class com.google.common.base.CharMatcher                                              : loaded 2 times (x 113B)
Class com.google.common.cache.LocalCache$EntryFactory$1                               : loaded 2 times (x 85B)
Class [Lcom.google.common.cache.RemovalListener;                                      : loaded 2 times (x 71B)
Class com.google.common.base.CharMatcher$NamedFastMatcher                             : loaded 2 times (x 114B)
Class com.google.common.base.CharMatcher$1                                            : loaded 2 times (x 115B)
Class kotlinx.coroutines.flow.SharedFlow                                              : loaded 2 times (x 72B)
Class com.google.common.cache.LocalCache$EntryFactory$2                               : loaded 2 times (x 85B)
Class com.google.common.cache.LocalCache$EntryFactory$3                               : loaded 2 times (x 85B)
Class com.google.common.base.Ticker$1                                                 : loaded 2 times (x 74B)
Class com.google.common.collect.Maps$BiMapConverter                                   : loaded 2 times (x 92B)
Class com.google.common.collect.ImmutableMapEntrySet$RegularEntrySet                  : loaded 2 times (x 154B)
Class com.google.common.cache.LocalCache$EntryFactory$4                               : loaded 2 times (x 85B)
Class com.google.common.base.CharMatcher$InRange                                      : loaded 2 times (x 113B)
Class com.google.common.cache.LocalCache$EntryFactory$5                               : loaded 2 times (x 85B)
Class com.google.common.cache.LocalCache$EntryFactory$6                               : loaded 2 times (x 85B)
Class Build_gradle                                                                    : loaded 2 times (x 74B)
Class org.gradle.internal.installation.CurrentGradleInstallationLocator               : loaded 2 times (x 73B)
Class com.google.common.cache.LocalCache$EntryFactory$7                               : loaded 2 times (x 85B)
Class com.google.common.collect.ImmutableList                                         : loaded 2 times (x 208B)
Class org.gradle.internal.service.DefaultServiceLocator                               : loaded 2 times (x 85B)
Class com.google.common.collect.ImmutableSet$SetBuilderImpl                           : loaded 2 times (x 78B)
Class com.google.common.cache.LocalCache$EntryFactory$8                               : loaded 2 times (x 85B)
Class org.gradle.internal.installation.CurrentGradleInstallation                      : loaded 2 times (x 75B)
Class com.google.common.collect.ImmutableList$SubList                                 : loaded 2 times (x 211B)
Class com.google.common.cache.CacheLoader$1                                           : loaded 2 times (x 77B)
Class org.gradle.util.internal.GUtil                                                  : loaded 2 times (x 73B)
Class com.google.common.cache.AbstractCache$StatsCounter                              : loaded 2 times (x 72B)
Class com.google.common.collect.Iterators$MergingIterator                             : loaded 2 times (x 83B)
Class com.google.common.collect.RegularImmutableSet                                   : loaded 2 times (x 150B)
Class ijJvmDebugger1_7m8voghulc6ov9uw2bkrkvfgf$_run_closure1$_closure2                : loaded 2 times (x 141B)
Class org.gradle.internal.installation.GradleInstallation                             : loaded 2 times (x 77B)
Class jdk.internal.jimage.decompressor.ResourceDecompressor$StringsProvider           : loaded 2 times (x 72B)

---------------  S Y S T E M  ---------------

OS:
 Windows 11 , 64 bit Build 26100 (10.0.26100.9278)
OS uptime: 0 days 0:13 hours

CPU: total 8 (initial active 8) (4 cores per cpu, 2 threads per core) family 6 model 58 stepping 9 microcode 0x21, cx8, cmov, fxsr, ht, mmx, sse, sse2, sse3, ssse3, sse4.1, sse4.2, popcnt, tsc, tscinvbit, avx, aes, erms, clmul, vzeroupper, clflush, rdtscp, f16c
Processor Information for the first 8 processors :
  Max Mhz: 3401, Current Mhz: 3401, Mhz Limit: 3401

Memory: 4k page, system-wide physical 8116M (326M free)
TotalPageFile size 10164M (AvailPageFile size 9M)
current process WorkingSet (physical memory assigned to process): 719M, peak: 719M
current process commit charge ("private bytes"): 801M, peak: 816M

vm_info: OpenJDK 64-Bit Server VM (25.0.3+-15898627-b508.16) for windows-amd64 JRE (25.0.3+-15898627-b508.16), built on 2026-07-20T17:54:23Z with MS VC++ 16.10 / 16.11 (VS2019)

END.
